ISO-10303-21;
HEADER;

/* File generated by HOOPS Exchange Version 25.2.0 */

FILE_DESCRIPTION(('HOOPS Exchange Step'),'2;1');

FILE_NAME('/home/harry/Downloads/under_coil.step',
'2026-06-10T09:39:29+00:00',
('ubuntu'),
('Unknown organisation'),
'HOOPS Exchange 2025.2',
'HOOPS Exchange',
'Unknown authorisation');

FILE_SCHEMA( ('AP242_MANAGED_MODEL_BASED_3D_ENGINEERING_MIM_LF {1 0 10303 442 1 1 4}') );

ENDSEC;

DATA;
#3=(NAMED_UNIT(*)PLANE_ANGLE_UNIT()SI_UNIT($,.RADIAN.));
#4=PLANE_ANGLE_MEASURE_WITH_UNIT(PLANE_ANGLE_MEASURE(0.0174532925),#3);
#5=(CONVERSION_BASED_UNIT('DEGREE',#4)NAMED_UNIT(#6)PLANE_ANGLE_UNIT());
#6=DIMENSIONAL_EXPONENTS(0.,0.,0.,0.,0.,0.,0.);
#7=(NAMED_UNIT(*)SI_UNIT($,.STERADIAN.)SOLID_ANGLE_UNIT());
#8=(LENGTH_UNIT()NAMED_UNIT(*)SI_UNIT(.MILLI.,.METRE.));
#9=UNCERTAINTY_MEASURE_WITH_UNIT(LENGTH_MEASURE(1.000000E-05),#8,'DISTANCE_ACCURACY_VALUE','Maximum Tolerance applied to model');
#10=(GEOMETRIC_REPRESENTATION_CONTEXT(3)GLOBAL_UNCERTAINTY_ASSIGNED_CONTEXT((#9))GLOBAL_UNIT_ASSIGNED_CONTEXT((#8,#5,#7))REPRESENTATION_CONTEXT('','tx_ssw_coil_ssw_copper'));
#12=CARTESIAN_POINT('',(0.,0.,0.));
#13=DIRECTION('',(0.,0.,1.));
#14=DIRECTION('',(1.,0.,0.));
#15=AXIS2_PLACEMENT_3D('',#12,#13,#14);
#27=CARTESIAN_POINT('',(-8.447486744,81.01731859,242.207141928));
#28=CARTESIAN_POINT('',(-0.504143817,79.864588971,254.932482711));
#29=CARTESIAN_POINT('',(7.439179024,78.711775404,267.657828429));
#30=CARTESIAN_POINT('',(15.38251804,77.558878766,280.383156523));
#31=CARTESIAN_POINT('',(-8.452513256,80.98268141,242.207141928));
#32=CARTESIAN_POINT('',(-0.507511628,79.829711083,254.931425367));
#33=CARTESIAN_POINT('',(7.437510088,78.676824702,267.655703871));
#34=CARTESIAN_POINT('',(15.382515627,77.524021394,280.38));
#35=B_SPLINE_SURFACE_WITH_KNOTS('',1,3,((#27,#28,#29,#30),(#31,#32,#33,#34)),.UNSPECIFIED.,.F.,.F.,.U.,(2,2),(4,4),(0.,1.),(0.,0.451357731),.UNSPECIFIED.);
#36=CARTESIAN_POINT('',(-8.38,80.972158365,242.323275222));
#37=VERTEX_POINT('',#36);
#38=CARTESIAN_POINT('',(15.382515627,77.524021394,280.38));
#39=VERTEX_POINT('',#38);
#40=CARTESIAN_POINT('',(-8.38,80.972158365,242.323275222));
#41=CARTESIAN_POINT('',(-0.459169336,79.822696229,255.008847533));
#42=CARTESIAN_POINT('',(7.461681185,78.673317527,267.694415008));
#43=CARTESIAN_POINT('',(15.382515627,77.524021394,280.38));
#44=B_SPLINE_CURVE_WITH_KNOTS('',3,(#40,#41,#42,#43),.UNSPECIFIED.,.F.,.F.,(4,4),(0.000482335,0.996959167),.UNSPECIFIED.);
#45=EDGE_CURVE('',#37,#39,#44,.T.);
#46=ORIENTED_EDGE('',*,*,#45,.F.);
#47=CARTESIAN_POINT('',(-8.38,81.,242.316963112));
#48=VERTEX_POINT('',#47);
#49=CARTESIAN_POINT('',(-8.38,80.972158365,242.323275221));
#50=CARTESIAN_POINT('',(-8.38,80.981439014,242.321171644));
#51=CARTESIAN_POINT('',(-8.38,80.990719559,242.319067609));
#52=CARTESIAN_POINT('',(-8.38,81.,242.316963112));
#53=B_SPLINE_CURVE_WITH_KNOTS('',3,(#49,#50,#51,#52),.UNSPECIFIED.,.F.,.F.,(4,4),(0.,0.000028548),.UNSPECIFIED.);
#54=EDGE_CURVE('',#37,#48,#53,.T.);
#55=ORIENTED_EDGE('',*,*,#54,.T.);
#56=CARTESIAN_POINT('',(-8.45,81.,242.207141928));
#57=VERTEX_POINT('',#56);
#58=CARTESIAN_POINT('',(-8.38,81.,242.316963112));
#59=CARTESIAN_POINT('',(-8.403331942,81.,242.280355164));
#60=CARTESIAN_POINT('',(-8.426665276,81.,242.243748102));
#61=CARTESIAN_POINT('',(-8.45,81.,242.207141928));
#62=B_SPLINE_CURVE_WITH_KNOTS('',3,(#58,#59,#60,#61),.UNSPECIFIED.,.F.,.F.,(4,4),(0.,0.000130233),.UNSPECIFIED.);
#63=EDGE_CURVE('',#48,#57,#62,.T.);
#64=ORIENTED_EDGE('',*,*,#63,.T.);
#65=CARTESIAN_POINT('',(-8.447486738,81.017318589,242.207141947));
#66=VERTEX_POINT('',#65);
#67=CARTESIAN_POINT('',(-8.447486744,81.01731859,242.207141928));
#68=CARTESIAN_POINT('',(-8.448324496,81.011545726,242.207141928));
#69=CARTESIAN_POINT('',(-8.449162248,81.005772863,242.207141928));
#70=CARTESIAN_POINT('',(-8.45,81.,242.207141928));
#71=B_SPLINE_CURVE_WITH_KNOTS('',3,(#67,#68,#69,#70),.UNSPECIFIED.,.F.,.F.,(4,4),(0.5,1.),.UNSPECIFIED.);
#72=EDGE_CURVE('',#66,#57,#71,.T.);
#73=ORIENTED_EDGE('',*,*,#72,.F.);
#74=CARTESIAN_POINT('',(15.380547691,77.559164742,280.38));
#75=VERTEX_POINT('',#74);
#76=CARTESIAN_POINT('',(-8.447486744,81.01731859,242.207141928));
#77=CARTESIAN_POINT('',(-0.5048006,79.864684282,254.931430536));
#78=CARTESIAN_POINT('',(7.437865461,78.711966042,267.655724078));
#79=CARTESIAN_POINT('',(15.380547691,77.559164742,280.38));
#80=B_SPLINE_CURVE_WITH_KNOTS('',3,(#76,#77,#78,#79),.UNSPECIFIED.,.F.,.F.,(4,4),(0.,0.999435022),.UNSPECIFIED.);
#81=EDGE_CURVE('',#66,#75,#80,.T.);
#82=ORIENTED_EDGE('',*,*,#81,.T.);
#83=CARTESIAN_POINT('',(15.382515627,77.524021394,280.38));
#84=CARTESIAN_POINT('',(15.381859458,77.535735833,280.38));
#85=CARTESIAN_POINT('',(15.38120348,77.547450282,280.38));
#86=CARTESIAN_POINT('',(15.380547691,77.559164742,280.38));
#87=B_SPLINE_CURVE_WITH_KNOTS('',3,(#83,#84,#85,#86),.UNSPECIFIED.,.F.,.F.,(4,4),(0.,0.000035198),.UNSPECIFIED.);
#88=EDGE_CURVE('',#39,#75,#87,.T.);
#89=ORIENTED_EDGE('',*,*,#88,.F.);
#90=EDGE_LOOP('',(#46,#55,#64,#73,#82,#89));
#91=FACE_BOUND('',#90,.T.);
#92=ADVANCED_FACE('',(#91),#35,.F.);
#93=CARTESIAN_POINT('',(-8.45,81.,242.207141928));
#94=CARTESIAN_POINT('',(-8.449162336,80.999878439,242.208483682));
#95=CARTESIAN_POINT('',(-8.448324671,80.999756878,242.209825435));
#96=CARTESIAN_POINT('',(-8.447487007,80.999635317,242.211167189));
#97=CARTESIAN_POINT('',(-8.452513256,80.98268141,242.207141928));
#98=CARTESIAN_POINT('',(-8.451675504,80.982559837,242.208483626));
#99=CARTESIAN_POINT('',(-8.450837752,80.982438263,242.209825324));
#100=CARTESIAN_POINT('',(-8.45,80.982316689,242.211167022));
#101=B_SPLINE_SURFACE_WITH_KNOTS('',1,3,((#93,#94,#95,#96),(#97,#98,#99,#100)),.UNSPECIFIED.,.F.,.F.,.U.,(2,2),(4,4),(0.5,1.),(0.,0.000047593),.UNSPECIFIED.);
#102=CARTESIAN_POINT('',(-8.452513249,80.982681409,242.207141947));
#103=VERTEX_POINT('',#102);
#104=CARTESIAN_POINT('',(-8.45,81.,242.207141928));
#105=CARTESIAN_POINT('',(-8.450837752,80.994227137,242.207141928));
#106=CARTESIAN_POINT('',(-8.451675504,80.988454274,242.207141928));
#107=CARTESIAN_POINT('',(-8.452513256,80.98268141,242.207141928));
#108=B_SPLINE_CURVE_WITH_KNOTS('',3,(#104,#105,#106,#107),.UNSPECIFIED.,.F.,.F.,(4,4),(0.,0.5),.UNSPECIFIED.);
#109=EDGE_CURVE('',#57,#103,#108,.T.);
#110=ORIENTED_EDGE('',*,*,#109,.F.);
#111=CARTESIAN_POINT('',(-8.45,80.982316689,242.211167022));
#112=VERTEX_POINT('',#111);
#113=CARTESIAN_POINT('',(-8.45,81.,242.207141928));
#114=CARTESIAN_POINT('',(-8.45,80.994105605,242.208483812));
#115=CARTESIAN_POINT('',(-8.45,80.988211169,242.20982551));
#116=CARTESIAN_POINT('',(-8.45,80.982316689,242.211167022));
#117=B_SPLINE_CURVE_WITH_KNOTS('',3,(#113,#114,#115,#116),.UNSPECIFIED.,.F.,.F.,(4,4),(0.,0.000018136),.UNSPECIFIED.);
#118=EDGE_CURVE('',#57,#112,#117,.T.);
#119=ORIENTED_EDGE('',*,*,#118,.T.);
#120=CARTESIAN_POINT('',(-8.452513256,80.98268141,242.207141928));
#121=CARTESIAN_POINT('',(-8.451675504,80.982559837,242.208483626));
#122=CARTESIAN_POINT('',(-8.450837752,80.982438263,242.209825324));
#123=CARTESIAN_POINT('',(-8.45,80.982316689,242.211167022));
#124=B_SPLINE_CURVE_WITH_KNOTS('',3,(#120,#121,#122,#123),.UNSPECIFIED.,.F.,.F.,(4,4),(0.999894607,1.),.UNSPECIFIED.);
#125=EDGE_CURVE('',#103,#112,#124,.T.);
#126=ORIENTED_EDGE('',*,*,#125,.F.);
#127=EDGE_LOOP('',(#110,#119,#126));
#128=FACE_BOUND('',#127,.T.);
#129=ADVANCED_FACE('',(#128),#101,.F.);
#130=CARTESIAN_POINT('',(-8.452513256,80.98268141,242.207141928));
#131=CARTESIAN_POINT('',(15.394017629,77.522352478,280.398420992));
#132=CARTESIAN_POINT('',(-8.452994265,80.982758063,248.414283856));
#133=CARTESIAN_POINT('',(11.475046354,77.522382607,280.398117829));
#134=B_SPLINE_SURFACE_WITH_KNOTS('',1,1,((#130,#131),(#132,#133)),.UNSPECIFIED.,.F.,.F.,.U.,(2,2),(2,2),(0.,1.),(0.,1.),.UNSPECIFIED.);
#135=CARTESIAN_POINT('',(-8.38,80.970128626,248.414283856));
#136=VERTEX_POINT('',#135);
#137=CARTESIAN_POINT('',(-8.38,80.972158365,242.323275222));
#138=CARTESIAN_POINT('',(-8.38,80.971592712,244.353611469));
#139=CARTESIAN_POINT('',(-8.38,80.970937861,246.383947673));
#140=CARTESIAN_POINT('',(-8.38,80.970128626,248.414283856));
#141=B_SPLINE_CURVE_WITH_KNOTS('',3,(#137,#138,#139,#140),.UNSPECIFIED.,.F.,.F.,(4,4),(0.,0.006091009),.UNSPECIFIED.);
#142=EDGE_CURVE('',#37,#136,#141,.T.);
#143=ORIENTED_EDGE('',*,*,#142,.F.);
#144=ORIENTED_EDGE('',*,*,#45,.T.);
#145=CARTESIAN_POINT('',(11.475046354,77.524341501,280.38));
#146=VERTEX_POINT('',#145);
#147=CARTESIAN_POINT('',(15.382515627,77.524021394,280.38));
#148=CARTESIAN_POINT('',(14.080025868,77.524111544,280.38));
#149=CARTESIAN_POINT('',(12.77753611,77.524215214,280.38));
#150=CARTESIAN_POINT('',(11.475046354,77.524341501,280.38));
#151=B_SPLINE_CURVE_WITH_KNOTS('',3,(#147,#148,#149,#150),.UNSPECIFIED.,.F.,.F.,(4,4),(0.,0.003907469),.UNSPECIFIED.);
#152=EDGE_CURVE('',#39,#146,#151,.T.);
#153=ORIENTED_EDGE('',*,*,#152,.T.);
#154=CARTESIAN_POINT('',(11.475046349,77.522382608,280.398117821));
#155=VERTEX_POINT('',#154);
#156=CARTESIAN_POINT('',(11.475046354,77.524341501,280.38));
#157=CARTESIAN_POINT('',(11.475046354,77.523688897,280.386039313));
#158=CARTESIAN_POINT('',(11.475046354,77.523035933,280.392078586));
#159=CARTESIAN_POINT('',(11.475046354,77.522382608,280.398117821));
#160=B_SPLINE_CURVE_WITH_KNOTS('',3,(#156,#157,#158,#159),.UNSPECIFIED.,.F.,.F.,(4,4),(0.,0.000018223),.UNSPECIFIED.);
#161=EDGE_CURVE('',#146,#155,#160,.T.);
#162=ORIENTED_EDGE('',*,*,#161,.T.);
#163=CARTESIAN_POINT('',(-8.452994259,80.982758062,248.414283857));
#164=VERTEX_POINT('',#163);
#165=CARTESIAN_POINT('',(11.475046354,77.522382607,280.398117829));
#166=CARTESIAN_POINT('',(4.832366147,78.675841092,269.736839838));
#167=CARTESIAN_POINT('',(-1.810314059,79.829299578,259.075561847));
#168=CARTESIAN_POINT('',(-8.452994265,80.982758063,248.414283856));
#169=B_SPLINE_CURVE_WITH_KNOTS('',3,(#165,#166,#167,#168),.UNSPECIFIED.,.F.,.F.,(4,4),(0.,1.),.UNSPECIFIED.);
#170=EDGE_CURVE('',#155,#164,#169,.T.);
#171=ORIENTED_EDGE('',*,*,#170,.T.);
#172=CARTESIAN_POINT('',(-8.452994265,80.982758063,248.414283856));
#173=CARTESIAN_POINT('',(-8.452833929,80.982732512,246.345236546));
#174=CARTESIAN_POINT('',(-8.452673592,80.982706961,244.276189237));
#175=CARTESIAN_POINT('',(-8.452513256,80.98268141,242.207141928));
#176=B_SPLINE_CURVE_WITH_KNOTS('',3,(#172,#173,#174,#175),.UNSPECIFIED.,.F.,.F.,(4,4),(0.,1.),.UNSPECIFIED.);
#177=EDGE_CURVE('',#164,#103,#176,.T.);
#178=ORIENTED_EDGE('',*,*,#177,.T.);
#179=ORIENTED_EDGE('',*,*,#125,.T.);
#180=CARTESIAN_POINT('',(-8.45,80.982238153,248.414283856));
#181=VERTEX_POINT('',#180);
#182=CARTESIAN_POINT('',(-8.45,80.982238153,248.414283856));
#183=CARTESIAN_POINT('',(-8.45,80.982272196,246.346578244));
#184=CARTESIAN_POINT('',(-8.45,80.982296723,244.278872633));
#185=CARTESIAN_POINT('',(-8.45,80.982316689,242.211167022));
#186=B_SPLINE_CURVE_WITH_KNOTS('',3,(#182,#183,#184,#185),.UNSPECIFIED.,.F.,.F.,(4,4),(0.,0.006203117),.UNSPECIFIED.);
#187=EDGE_CURVE('',#181,#112,#186,.T.);
#188=ORIENTED_EDGE('',*,*,#187,.F.);
#189=CARTESIAN_POINT('',(-8.45,80.982238153,248.414283856));
#190=CARTESIAN_POINT('',(-8.426669079,80.978187697,248.414283856));
#191=CARTESIAN_POINT('',(-8.403335738,80.974151236,248.414283856));
#192=CARTESIAN_POINT('',(-8.38,80.970128626,248.414283856));
#193=B_SPLINE_CURVE_WITH_KNOTS('',3,(#189,#190,#191,#192),.UNSPECIFIED.,.F.,.F.,(4,4),(0.,0.00007104),.UNSPECIFIED.);
#194=EDGE_CURVE('',#181,#136,#193,.T.);
#195=ORIENTED_EDGE('',*,*,#194,.T.);
#196=EDGE_LOOP('',(#143,#144,#153,#162,#171,#178,#179,#188,#195));
#197=FACE_BOUND('',#196,.T.);
#198=ADVANCED_FACE('',(#197),#134,.F.);
#199=CARTESIAN_POINT('',(40.923975104,73.831895633,281.38));
#200=DIRECTION('',(0.,0.,-1.));
#201=DIRECTION('',(-0.,1.,-0.));
#202=AXIS2_PLACEMENT_3D('',#199,#200,#201);
#203=PLANE('',#202);
#204=CARTESIAN_POINT('',(11.475046354,73.640809821,281.38));
#205=VERTEX_POINT('',#204);
#206=CARTESIAN_POINT('',(11.475046354,77.364361988,281.38));
#207=VERTEX_POINT('',#206);
#208=CARTESIAN_POINT('',(11.475046354,73.640809821,281.38));
#209=DIRECTION('',(0.,1.,0.));
#210=VECTOR('',#209,3.723552167);
#211=LINE('',#208,#210);
#212=EDGE_CURVE('',#205,#207,#211,.T.);
#213=ORIENTED_EDGE('',*,*,#212,.F.);
#214=CARTESIAN_POINT('',(8.034506179,77.559781096,281.38));
#215=VERTEX_POINT('',#214);
#216=CARTESIAN_POINT('',(11.475046354,73.640809821,281.38));
#217=DIRECTION('',(-0.659746191,0.751488499,-0.));
#218=VECTOR('',#217,5.214945115);
#219=LINE('',#216,#218);
#220=EDGE_CURVE('',#205,#215,#219,.T.);
#221=ORIENTED_EDGE('',*,*,#220,.T.);
#222=CARTESIAN_POINT('',(8.034506179,77.559781096,281.38));
#223=DIRECTION('',(0.998390831,-0.056707562,0.));
#224=VECTOR('',#223,3.446085507);
#225=LINE('',#222,#224);
#226=EDGE_CURVE('',#215,#207,#225,.T.);
#227=ORIENTED_EDGE('',*,*,#226,.T.);
#228=EDGE_LOOP('',(#213,#221,#227));
#229=FACE_BOUND('',#228,.T.);
#230=ADVANCED_FACE('',(#229),#203,.T.);
#231=CARTESIAN_POINT('',(68.488167703,-81.,290.));
#232=DIRECTION('',(0.,0.,-1.));
#233=DIRECTION('',(-1.,-0.,-0.));
#234=AXIS2_PLACEMENT_3D('',#231,#232,#233);
#235=PLANE('',#234);
#236=CARTESIAN_POINT('',(80.451215062,-80.381215062,290.));
#237=VERTEX_POINT('',#236);
#238=CARTESIAN_POINT('',(71.543509302,71.473509302,290.));
#239=VERTEX_POINT('',#238);
#240=CARTESIAN_POINT('',(80.451215062,-80.381215062,290.));
#241=DIRECTION('',(-0.05855873,0.998283965,-0.));
#242=VECTOR('',#241,152.115760306);
#243=LINE('',#240,#242);
#244=EDGE_CURVE('',#237,#239,#243,.T.);
#245=ORIENTED_EDGE('',*,*,#244,.T.);
#246=CARTESIAN_POINT('',(13.580137818,67.489862182,290.));
#247=VERTEX_POINT('',#246);
#248=CARTESIAN_POINT('',(71.543509302,71.473509302,290.));
#249=DIRECTION('',(-0.997646635,-0.068565234,-0.));
#250=VECTOR('',#249,58.100102222);
#251=LINE('',#248,#250);
#252=EDGE_CURVE('',#239,#247,#251,.T.);
#253=ORIENTED_EDGE('',*,*,#252,.T.);
#254=CARTESIAN_POINT('',(15.539623456,36.700095181,290.));
#255=VERTEX_POINT('',#254);
#256=CARTESIAN_POINT('',(13.580137818,67.489862182,290.));
#257=DIRECTION('',(0.06351232,-0.997981055,0.));
#258=VECTOR('',#257,30.852055619);
#259=LINE('',#256,#258);
#260=EDGE_CURVE('',#247,#255,#259,.T.);
#261=ORIENTED_EDGE('',*,*,#260,.T.);
#262=CARTESIAN_POINT('',(15.539623456,36.660891886,290.));
#263=VERTEX_POINT('',#262);
#264=CARTESIAN_POINT('',(15.539623456,36.700095181,290.));
#265=DIRECTION('',(0.,-1.,0.));
#266=VECTOR('',#265,0.039203295);
#267=LINE('',#264,#266);
#268=EDGE_CURVE('',#255,#263,#267,.T.);
#269=ORIENTED_EDGE('',*,*,#268,.T.);
#270=CARTESIAN_POINT('',(15.609623456,36.660891886,290.));
#271=VERTEX_POINT('',#270);
#272=CARTESIAN_POINT('',(15.609623456,36.660891886,290.));
#273=DIRECTION('',(-1.,-0.,-0.));
#274=VECTOR('',#273,0.07);
#275=LINE('',#272,#274);
#276=EDGE_CURVE('',#271,#263,#275,.T.);
#277=ORIENTED_EDGE('',*,*,#276,.F.);
#278=CARTESIAN_POINT('',(15.609623456,65.460376544,290.));
#279=VERTEX_POINT('',#278);
#280=CARTESIAN_POINT('',(15.609623456,36.660891886,290.));
#281=DIRECTION('',(-0.,1.,-0.));
#282=VECTOR('',#281,28.799484658);
#283=LINE('',#280,#282);
#284=EDGE_CURVE('',#271,#279,#283,.T.);
#285=ORIENTED_EDGE('',*,*,#284,.T.);
#286=CARTESIAN_POINT('',(40.164759929,65.460376544,290.));
#287=VERTEX_POINT('',#286);
#288=CARTESIAN_POINT('',(15.609623456,65.460376544,290.));
#289=DIRECTION('',(1.,0.,0.));
#290=VECTOR('',#289,24.555136473);
#291=LINE('',#288,#290);
#292=EDGE_CURVE('',#279,#287,#291,.T.);
#293=ORIENTED_EDGE('',*,*,#292,.T.);
#294=CARTESIAN_POINT('',(40.164759929,65.530376544,290.));
#295=VERTEX_POINT('',#294);
#296=CARTESIAN_POINT('',(40.164759929,65.460376544,290.));
#297=DIRECTION('',(-0.,1.,-0.));
#298=VECTOR('',#297,0.07);
#299=LINE('',#296,#298);
#300=EDGE_CURVE('',#287,#295,#299,.T.);
#301=ORIENTED_EDGE('',*,*,#300,.T.);
#302=CARTESIAN_POINT('',(40.163623456,65.530376544,290.));
#303=VERTEX_POINT('',#302);
#304=CARTESIAN_POINT('',(40.163623456,65.530376544,290.));
#305=DIRECTION('',(1.,0.,0.));
#306=VECTOR('',#305,0.001136473);
#307=LINE('',#304,#306);
#308=EDGE_CURVE('',#303,#295,#307,.T.);
#309=ORIENTED_EDGE('',*,*,#308,.F.);
#310=CARTESIAN_POINT('',(67.624538027,67.554538027,290.));
#311=VERTEX_POINT('',#310);
#312=CARTESIAN_POINT('',(40.163623456,65.530376544,290.));
#313=DIRECTION('',(0.997294391,0.073511204,0.));
#314=VECTOR('',#313,27.535414629);
#315=LINE('',#312,#314);
#316=EDGE_CURVE('',#303,#311,#315,.T.);
#317=ORIENTED_EDGE('',*,*,#316,.T.);
#318=CARTESIAN_POINT('',(76.532243786,-76.462243786,290.));
#319=VERTEX_POINT('',#318);
#320=CARTESIAN_POINT('',(67.624538027,67.554538027,290.));
#321=DIRECTION('',(0.061733886,-0.998092645,0.));
#322=VECTOR('',#321,144.291997927);
#323=LINE('',#320,#322);
#324=EDGE_CURVE('',#311,#319,#323,.T.);
#325=ORIENTED_EDGE('',*,*,#324,.T.);
#326=CARTESIAN_POINT('',(0.624109093,-80.445890907,290.));
#327=VERTEX_POINT('',#326);
#328=CARTESIAN_POINT('',(76.532243786,-76.462243786,290.));
#329=DIRECTION('',(-0.998625771,-0.052407725,-0.));
#330=VECTOR('',#329,76.01259341);
#331=LINE('',#328,#330);
#332=EDGE_CURVE('',#319,#327,#331,.T.);
#333=ORIENTED_EDGE('',*,*,#332,.T.);
#334=CARTESIAN_POINT('',(0.07,-70.922694401,290.));
#335=VERTEX_POINT('',#334);
#336=CARTESIAN_POINT('',(0.624109093,-80.445890907,290.));
#337=DIRECTION('',(-0.058086956,0.998311527,-0.));
#338=VECTOR('',#337,9.539303359);
#339=LINE('',#336,#338);
#340=EDGE_CURVE('',#327,#335,#339,.T.);
#341=ORIENTED_EDGE('',*,*,#340,.T.);
#342=CARTESIAN_POINT('',(0.,-70.922694401,290.));
#343=VERTEX_POINT('',#342);
#344=CARTESIAN_POINT('',(0.07,-70.922694401,290.));
#345=DIRECTION('',(-1.,-0.,-0.));
#346=VECTOR('',#345,0.07);
#347=LINE('',#344,#346);
#348=EDGE_CURVE('',#335,#343,#347,.T.);
#349=ORIENTED_EDGE('',*,*,#348,.T.);
#350=CARTESIAN_POINT('',(0.,-81.07,290.));
#351=VERTEX_POINT('',#350);
#352=CARTESIAN_POINT('',(0.,-70.922694401,290.));
#353=DIRECTION('',(0.,-1.,0.));
#354=VECTOR('',#353,10.147305599);
#355=LINE('',#352,#354);
#356=EDGE_CURVE('',#343,#351,#355,.T.);
#357=ORIENTED_EDGE('',*,*,#356,.T.);
#358=CARTESIAN_POINT('',(68.488167703,-81.07,290.));
#359=VERTEX_POINT('',#358);
#360=CARTESIAN_POINT('',(0.,-81.07,290.));
#361=DIRECTION('',(1.,0.,0.));
#362=VECTOR('',#361,68.488167703);
#363=LINE('',#360,#362);
#364=EDGE_CURVE('',#351,#359,#363,.T.);
#365=ORIENTED_EDGE('',*,*,#364,.T.);
#366=CARTESIAN_POINT('',(68.488167703,-81.,290.));
#367=VERTEX_POINT('',#366);
#368=CARTESIAN_POINT('',(68.488167703,-81.,290.));
#369=DIRECTION('',(0.,-1.,0.));
#370=VECTOR('',#369,0.07);
#371=LINE('',#368,#370);
#372=EDGE_CURVE('',#367,#359,#371,.T.);
#373=ORIENTED_EDGE('',*,*,#372,.F.);
#374=CARTESIAN_POINT('',(68.488167703,-81.,290.));
#375=DIRECTION('',(0.998664956,0.051655637,0.));
#376=VECTOR('',#375,11.979039899);
#377=LINE('',#374,#376);
#378=EDGE_CURVE('',#367,#237,#377,.T.);
#379=ORIENTED_EDGE('',*,*,#378,.T.);
#380=EDGE_LOOP('',(#245,#253,#261,#269,#277,#285,#293,#301,#309,#317,#325,#333,#341,#349,#357,#365,#373,#379));
#381=FACE_BOUND('',#380,.T.);
#382=ADVANCED_FACE('',(#381),#235,.F.);
#383=CARTESIAN_POINT('',(68.488167703,-81.,290.));
#384=DIRECTION('',(0.051655637,-0.998664956,0.));
#385=DIRECTION('',(0.998664956,0.051655637,0.));
#386=AXIS2_PLACEMENT_3D('',#383,#384,#385);
#387=PLANE('',#386);
#388=CARTESIAN_POINT('',(68.488167703,-81.,289.93));
#389=VERTEX_POINT('',#388);
#390=CARTESIAN_POINT('',(68.488167703,-81.,289.93));
#391=DIRECTION('',(-0.,0.,1.));
#392=VECTOR('',#391,0.07);
#393=LINE('',#390,#392);
#394=EDGE_CURVE('',#389,#367,#393,.T.);
#395=ORIENTED_EDGE('',*,*,#394,.F.);
#396=CARTESIAN_POINT('',(80.451215062,-80.381215062,289.93));
#397=VERTEX_POINT('',#396);
#398=CARTESIAN_POINT('',(68.488167703,-81.,289.93));
#399=DIRECTION('',(0.998664956,0.051655637,0.));
#400=VECTOR('',#399,11.979039899);
#401=LINE('',#398,#400);
#402=EDGE_CURVE('',#389,#397,#401,.T.);
#403=ORIENTED_EDGE('',*,*,#402,.T.);
#404=CARTESIAN_POINT('',(80.451215062,-80.381215062,290.));
#405=DIRECTION('',(0.,-0.,-1.));
#406=VECTOR('',#405,0.07);
#407=LINE('',#404,#406);
#408=EDGE_CURVE('',#237,#397,#407,.T.);
#409=ORIENTED_EDGE('',*,*,#408,.F.);
#410=ORIENTED_EDGE('',*,*,#378,.F.);
#411=EDGE_LOOP('',(#395,#403,#409,#410));
#412=FACE_BOUND('',#411,.T.);
#413=ADVANCED_FACE('',(#412),#387,.T.);
#414=CARTESIAN_POINT('',(68.488167703,-81.,281.38));
#415=DIRECTION('',(-1.,-0.,-0.));
#416=DIRECTION('',(-0.,0.,1.));
#417=AXIS2_PLACEMENT_3D('',#414,#415,#416);
#418=PLANE('',#417);
#419=CARTESIAN_POINT('',(68.488167703,-81.,281.38));
#420=VERTEX_POINT('',#419);
#421=CARTESIAN_POINT('',(68.488167704,-81.,281.45));
#422=VERTEX_POINT('',#421);
#423=CARTESIAN_POINT('',(68.488167703,-81.,281.38));
#424=DIRECTION('',(-0.,0.,1.));
#425=VECTOR('',#424,0.07);
#426=LINE('',#423,#425);
#427=EDGE_CURVE('',#420,#422,#426,.T.);
#428=ORIENTED_EDGE('',*,*,#427,.T.);
#429=CARTESIAN_POINT('',(68.488167703,-81.,281.45));
#430=DIRECTION('',(-0.,0.,1.));
#431=VECTOR('',#430,8.48);
#432=LINE('',#429,#431);
#433=EDGE_CURVE('',#422,#389,#432,.T.);
#434=ORIENTED_EDGE('',*,*,#433,.T.);
#435=ORIENTED_EDGE('',*,*,#394,.T.);
#436=ORIENTED_EDGE('',*,*,#372,.T.);
#437=CARTESIAN_POINT('',(68.488167703,-81.07,281.38));
#438=VERTEX_POINT('',#437);
#439=CARTESIAN_POINT('',(68.488167703,-81.07,281.38));
#440=DIRECTION('',(-0.,0.,1.));
#441=VECTOR('',#440,8.62);
#442=LINE('',#439,#441);
#443=EDGE_CURVE('',#438,#359,#442,.T.);
#444=ORIENTED_EDGE('',*,*,#443,.F.);
#445=CARTESIAN_POINT('',(68.488167703,-81.,281.38));
#446=DIRECTION('',(0.,-1.,0.));
#447=VECTOR('',#446,0.07);
#448=LINE('',#445,#447);
#449=EDGE_CURVE('',#420,#438,#448,.T.);
#450=ORIENTED_EDGE('',*,*,#449,.F.);
#451=EDGE_LOOP('',(#428,#434,#435,#436,#444,#450));
#452=FACE_BOUND('',#451,.T.);
#453=ADVANCED_FACE('',(#452),#418,.F.);
#454=CARTESIAN_POINT('',(34.244083852,-81.07,285.69));
#455=DIRECTION('',(0.,-1.,0.));
#456=DIRECTION('',(-0.,0.,1.));
#457=AXIS2_PLACEMENT_3D('',#454,#455,#456);
#458=PLANE('',#457);
#459=ORIENTED_EDGE('',*,*,#443,.T.);
#460=ORIENTED_EDGE('',*,*,#364,.F.);
#461=CARTESIAN_POINT('',(0.,-81.07,281.38));
#462=VERTEX_POINT('',#461);
#463=CARTESIAN_POINT('',(0.,-81.07,290.));
#464=DIRECTION('',(0.,-0.,-1.));
#465=VECTOR('',#464,8.62);
#466=LINE('',#463,#465);
#467=EDGE_CURVE('',#351,#462,#466,.T.);
#468=ORIENTED_EDGE('',*,*,#467,.T.);
#469=CARTESIAN_POINT('',(0.,-81.07,281.38));
#470=DIRECTION('',(1.,0.,0.));
#471=VECTOR('',#470,68.488167703);
#472=LINE('',#469,#471);
#473=EDGE_CURVE('',#462,#438,#472,.T.);
#474=ORIENTED_EDGE('',*,*,#473,.T.);
#475=EDGE_LOOP('',(#459,#460,#468,#474));
#476=FACE_BOUND('',#475,.T.);
#477=ADVANCED_FACE('',(#476),#458,.T.);
#478=CARTESIAN_POINT('',(0.,-81.,290.));
#479=DIRECTION('',(1.,0.,0.));
#480=DIRECTION('',(0.,0.,-1.));
#481=AXIS2_PLACEMENT_3D('',#478,#479,#480);
#482=PLANE('',#481);
#483=ORIENTED_EDGE('',*,*,#356,.F.);
#484=CARTESIAN_POINT('',(0.,-70.922694401,281.38));
#485=VERTEX_POINT('',#484);
#486=CARTESIAN_POINT('',(0.,-70.922694401,290.));
#487=DIRECTION('',(0.,0.,-1.));
#488=VECTOR('',#487,8.62);
#489=LINE('',#486,#488);
#490=EDGE_CURVE('',#343,#485,#489,.T.);
#491=ORIENTED_EDGE('',*,*,#490,.T.);
#492=CARTESIAN_POINT('',(0.,-70.922694401,281.38));
#493=DIRECTION('',(0.,-1.,0.));
#494=VECTOR('',#493,10.147305599);
#495=LINE('',#492,#494);
#496=EDGE_CURVE('',#485,#462,#495,.T.);
#497=ORIENTED_EDGE('',*,*,#496,.T.);
#498=ORIENTED_EDGE('',*,*,#467,.F.);
#499=EDGE_LOOP('',(#483,#491,#497,#498));
#500=FACE_BOUND('',#499,.T.);
#501=ADVANCED_FACE('',(#500),#482,.F.);
#502=CARTESIAN_POINT('',(0.07,-70.922694401,290.));
#503=DIRECTION('',(0.,-1.,0.));
#504=DIRECTION('',(0.,0.,-1.));
#505=AXIS2_PLACEMENT_3D('',#502,#503,#504);
#506=PLANE('',#505);
#507=CARTESIAN_POINT('',(0.07,-70.922694401,289.93));
#508=VERTEX_POINT('',#507);
#509=CARTESIAN_POINT('',(0.07,-70.922694401,290.));
#510=DIRECTION('',(0.,0.,-1.));
#511=VECTOR('',#510,0.07);
#512=LINE('',#509,#511);
#513=EDGE_CURVE('',#335,#508,#512,.T.);
#514=ORIENTED_EDGE('',*,*,#513,.T.);
#515=CARTESIAN_POINT('',(0.07,-70.922694401,281.45));
#516=VERTEX_POINT('',#515);
#517=CARTESIAN_POINT('',(0.07,-70.922694401,289.93));
#518=DIRECTION('',(0.,0.,-1.));
#519=VECTOR('',#518,8.48);
#520=LINE('',#517,#519);
#521=EDGE_CURVE('',#508,#516,#520,.T.);
#522=ORIENTED_EDGE('',*,*,#521,.T.);
#523=CARTESIAN_POINT('',(0.07,-70.922694401,281.38));
#524=VERTEX_POINT('',#523);
#525=CARTESIAN_POINT('',(0.07,-70.922694401,281.45));
#526=DIRECTION('',(0.,0.,-1.));
#527=VECTOR('',#526,0.07);
#528=LINE('',#525,#527);
#529=EDGE_CURVE('',#516,#524,#528,.T.);
#530=ORIENTED_EDGE('',*,*,#529,.T.);
#531=CARTESIAN_POINT('',(0.07,-70.922694401,281.38));
#532=DIRECTION('',(-1.,-0.,-0.));
#533=VECTOR('',#532,0.07);
#534=LINE('',#531,#533);
#535=EDGE_CURVE('',#524,#485,#534,.T.);
#536=ORIENTED_EDGE('',*,*,#535,.T.);
#537=ORIENTED_EDGE('',*,*,#490,.F.);
#538=ORIENTED_EDGE('',*,*,#348,.F.);
#539=EDGE_LOOP('',(#514,#522,#530,#536,#537,#538));
#540=FACE_BOUND('',#539,.T.);
#541=ADVANCED_FACE('',(#540),#506,.F.);
#542=CARTESIAN_POINT('',(0.624109093,-80.445890907,290.));
#543=DIRECTION('',(0.998311527,0.058086956,0.));
#544=DIRECTION('',(-0.058086956,0.998311527,-0.));
#545=AXIS2_PLACEMENT_3D('',#542,#543,#544);
#546=PLANE('',#545);
#547=CARTESIAN_POINT('',(0.624109093,-80.445890907,289.93));
#548=VERTEX_POINT('',#547);
#549=CARTESIAN_POINT('',(0.624109093,-80.445890907,290.));
#550=DIRECTION('',(0.,-0.,-1.));
#551=VECTOR('',#550,0.07);
#552=LINE('',#549,#551);
#553=EDGE_CURVE('',#327,#548,#552,.T.);
#554=ORIENTED_EDGE('',*,*,#553,.T.);
#555=CARTESIAN_POINT('',(0.624109093,-80.445890907,289.93));
#556=DIRECTION('',(-0.058086956,0.998311527,-0.));
#557=VECTOR('',#556,9.539303359);
#558=LINE('',#555,#557);
#559=EDGE_CURVE('',#548,#508,#558,.T.);
#560=ORIENTED_EDGE('',*,*,#559,.T.);
#561=ORIENTED_EDGE('',*,*,#513,.F.);
#562=ORIENTED_EDGE('',*,*,#340,.F.);
#563=EDGE_LOOP('',(#554,#560,#561,#562));
#564=FACE_BOUND('',#563,.T.);
#565=ADVANCED_FACE('',(#564),#546,.T.);
#566=CARTESIAN_POINT('',(76.532243786,-76.462243786,290.));
#567=DIRECTION('',(-0.052407725,0.998625771,-0.));
#568=DIRECTION('',(-0.998625771,-0.052407725,-0.));
#569=AXIS2_PLACEMENT_3D('',#566,#567,#568);
#570=PLANE('',#569);
#571=CARTESIAN_POINT('',(76.532243786,-76.462243786,289.93));
#572=VERTEX_POINT('',#571);
#573=CARTESIAN_POINT('',(76.532243786,-76.462243786,290.));
#574=DIRECTION('',(0.,-0.,-1.));
#575=VECTOR('',#574,0.07);
#576=LINE('',#573,#575);
#577=EDGE_CURVE('',#319,#572,#576,.T.);
#578=ORIENTED_EDGE('',*,*,#577,.T.);
#579=CARTESIAN_POINT('',(76.532243786,-76.462243786,289.93));
#580=DIRECTION('',(-0.998625771,-0.052407725,-0.));
#581=VECTOR('',#580,76.01259341);
#582=LINE('',#579,#581);
#583=EDGE_CURVE('',#572,#548,#582,.T.);
#584=ORIENTED_EDGE('',*,*,#583,.T.);
#585=ORIENTED_EDGE('',*,*,#553,.F.);
#586=ORIENTED_EDGE('',*,*,#332,.F.);
#587=EDGE_LOOP('',(#578,#584,#585,#586));
#588=FACE_BOUND('',#587,.T.);
#589=ADVANCED_FACE('',(#588),#570,.T.);
#590=CARTESIAN_POINT('',(67.624538027,67.554538027,290.));
#591=DIRECTION('',(-0.998092645,-0.061733886,-0.));
#592=DIRECTION('',(0.061733886,-0.998092645,0.));
#593=AXIS2_PLACEMENT_3D('',#590,#591,#592);
#594=PLANE('',#593);
#595=CARTESIAN_POINT('',(67.624538027,67.554538027,289.93));
#596=VERTEX_POINT('',#595);
#597=CARTESIAN_POINT('',(67.624538027,67.554538027,290.));
#598=DIRECTION('',(0.,-0.,-1.));
#599=VECTOR('',#598,0.07);
#600=LINE('',#597,#599);
#601=EDGE_CURVE('',#311,#596,#600,.T.);
#602=ORIENTED_EDGE('',*,*,#601,.T.);
#603=CARTESIAN_POINT('',(67.624538027,67.554538027,289.93));
#604=DIRECTION('',(0.061733886,-0.998092645,0.));
#605=VECTOR('',#604,144.291997927);
#606=LINE('',#603,#605);
#607=EDGE_CURVE('',#596,#572,#606,.T.);
#608=ORIENTED_EDGE('',*,*,#607,.T.);
#609=ORIENTED_EDGE('',*,*,#577,.F.);
#610=ORIENTED_EDGE('',*,*,#324,.F.);
#611=EDGE_LOOP('',(#602,#608,#609,#610));
#612=FACE_BOUND('',#611,.T.);
#613=ADVANCED_FACE('',(#612),#594,.T.);
#614=CARTESIAN_POINT('',(40.163623456,65.530376544,290.));
#615=DIRECTION('',(0.073511204,-0.997294391,0.));
#616=DIRECTION('',(0.997294391,0.073511204,0.));
#617=AXIS2_PLACEMENT_3D('',#614,#615,#616);
#618=PLANE('',#617);
#619=CARTESIAN_POINT('',(40.163623456,65.530376544,289.93));
#620=VERTEX_POINT('',#619);
#621=CARTESIAN_POINT('',(40.163623456,65.530376544,290.));
#622=DIRECTION('',(0.,-0.,-1.));
#623=VECTOR('',#622,0.07);
#624=LINE('',#621,#623);
#625=EDGE_CURVE('',#303,#620,#624,.T.);
#626=ORIENTED_EDGE('',*,*,#625,.T.);
#627=CARTESIAN_POINT('',(40.163623456,65.530376544,289.93));
#628=DIRECTION('',(0.997294391,0.073511204,0.));
#629=VECTOR('',#628,27.535414629);
#630=LINE('',#627,#629);
#631=EDGE_CURVE('',#620,#596,#630,.T.);
#632=ORIENTED_EDGE('',*,*,#631,.T.);
#633=ORIENTED_EDGE('',*,*,#601,.F.);
#634=ORIENTED_EDGE('',*,*,#316,.F.);
#635=EDGE_LOOP('',(#626,#632,#633,#634));
#636=FACE_BOUND('',#635,.T.);
#637=ADVANCED_FACE('',(#636),#618,.T.);
#638=CARTESIAN_POINT('',(27.852191692,65.530376544,285.69));
#639=DIRECTION('',(-0.,1.,-0.));
#640=DIRECTION('',(0.,0.,-1.));
#641=AXIS2_PLACEMENT_3D('',#638,#639,#640);
#642=PLANE('',#641);
#643=CARTESIAN_POINT('',(40.163623456,65.530376544,281.45));
#644=VERTEX_POINT('',#643);
#645=CARTESIAN_POINT('',(40.163623456,65.530376544,281.38));
#646=VERTEX_POINT('',#645);
#647=CARTESIAN_POINT('',(40.163623456,65.530376544,281.45));
#648=DIRECTION('',(0.,-0.,-1.));
#649=VECTOR('',#648,0.07);
#650=LINE('',#647,#649);
#651=EDGE_CURVE('',#644,#646,#650,.T.);
#652=ORIENTED_EDGE('',*,*,#651,.F.);
#653=CARTESIAN_POINT('',(15.539623456,65.530376544,281.45));
#654=VERTEX_POINT('',#653);
#655=CARTESIAN_POINT('',(40.163623456,65.530376544,281.45));
#656=DIRECTION('',(-1.,-0.,-0.));
#657=VECTOR('',#656,24.624);
#658=LINE('',#655,#657);
#659=EDGE_CURVE('',#644,#654,#658,.T.);
#660=ORIENTED_EDGE('',*,*,#659,.T.);
#661=CARTESIAN_POINT('',(15.539623456,65.530376544,289.93));
#662=VERTEX_POINT('',#661);
#663=CARTESIAN_POINT('',(15.539623456,65.530376544,281.45));
#664=DIRECTION('',(-0.,-0.,1.));
#665=VECTOR('',#664,8.48);
#666=LINE('',#663,#665);
#667=EDGE_CURVE('',#654,#662,#666,.T.);
#668=ORIENTED_EDGE('',*,*,#667,.T.);
#669=CARTESIAN_POINT('',(15.539623456,65.530376544,289.93));
#670=DIRECTION('',(1.,0.,0.));
#671=VECTOR('',#670,24.624);
#672=LINE('',#669,#671);
#673=EDGE_CURVE('',#662,#620,#672,.T.);
#674=ORIENTED_EDGE('',*,*,#673,.T.);
#675=ORIENTED_EDGE('',*,*,#625,.F.);
#676=ORIENTED_EDGE('',*,*,#308,.T.);
#677=CARTESIAN_POINT('',(40.164759929,65.530376544,281.38));
#678=VERTEX_POINT('',#677);
#679=CARTESIAN_POINT('',(40.164759929,65.530376544,290.));
#680=DIRECTION('',(0.,0.,-1.));
#681=VECTOR('',#680,8.62);
#682=LINE('',#679,#681);
#683=EDGE_CURVE('',#295,#678,#682,.T.);
#684=ORIENTED_EDGE('',*,*,#683,.T.);
#685=CARTESIAN_POINT('',(40.164759929,65.530376544,281.38));
#686=DIRECTION('',(-1.,-0.,-0.));
#687=VECTOR('',#686,0.001136473);
#688=LINE('',#685,#687);
#689=EDGE_CURVE('',#678,#646,#688,.T.);
#690=ORIENTED_EDGE('',*,*,#689,.T.);
#691=EDGE_LOOP('',(#652,#660,#668,#674,#675,#676,#684,#690));
#692=FACE_BOUND('',#691,.T.);
#693=ADVANCED_FACE('',(#692),#642,.T.);
#694=CARTESIAN_POINT('',(40.164759929,65.460376544,290.));
#695=DIRECTION('',(-1.,-0.,-0.));
#696=DIRECTION('',(0.,0.,-1.));
#697=AXIS2_PLACEMENT_3D('',#694,#695,#696);
#698=PLANE('',#697);
#699=CARTESIAN_POINT('',(40.164759929,65.460376544,281.38));
#700=VERTEX_POINT('',#699);
#701=CARTESIAN_POINT('',(40.164759929,65.460376544,290.));
#702=DIRECTION('',(0.,0.,-1.));
#703=VECTOR('',#702,8.62);
#704=LINE('',#701,#703);
#705=EDGE_CURVE('',#287,#700,#704,.T.);
#706=ORIENTED_EDGE('',*,*,#705,.T.);
#707=CARTESIAN_POINT('',(40.164759929,65.460376544,281.38));
#708=DIRECTION('',(-0.,1.,-0.));
#709=VECTOR('',#708,0.07);
#710=LINE('',#707,#709);
#711=EDGE_CURVE('',#700,#678,#710,.T.);
#712=ORIENTED_EDGE('',*,*,#711,.T.);
#713=ORIENTED_EDGE('',*,*,#683,.F.);
#714=ORIENTED_EDGE('',*,*,#300,.F.);
#715=EDGE_LOOP('',(#706,#712,#713,#714));
#716=FACE_BOUND('',#715,.T.);
#717=ADVANCED_FACE('',(#716),#698,.F.);
#718=CARTESIAN_POINT('',(27.852191692,65.460376544,285.69));
#719=DIRECTION('',(-0.,1.,-0.));
#720=DIRECTION('',(0.,0.,-1.));
#721=AXIS2_PLACEMENT_3D('',#718,#719,#720);
#722=PLANE('',#721);
#723=CARTESIAN_POINT('',(15.609623456,65.460376544,281.38));
#724=VERTEX_POINT('',#723);
#725=CARTESIAN_POINT('',(40.164759929,65.460376544,281.38));
#726=DIRECTION('',(-1.,-0.,-0.));
#727=VECTOR('',#726,24.555136473);
#728=LINE('',#725,#727);
#729=EDGE_CURVE('',#700,#724,#728,.T.);
#730=ORIENTED_EDGE('',*,*,#729,.F.);
#731=ORIENTED_EDGE('',*,*,#705,.F.);
#732=ORIENTED_EDGE('',*,*,#292,.F.);
#733=CARTESIAN_POINT('',(15.609623456,65.460376544,281.38));
#734=DIRECTION('',(-0.,0.,1.));
#735=VECTOR('',#734,8.62);
#736=LINE('',#733,#735);
#737=EDGE_CURVE('',#724,#279,#736,.T.);
#738=ORIENTED_EDGE('',*,*,#737,.F.);
#739=EDGE_LOOP('',(#730,#731,#732,#738));
#740=FACE_BOUND('',#739,.T.);
#741=ADVANCED_FACE('',(#740),#722,.F.);
#742=CARTESIAN_POINT('',(15.609623456,51.095634215,285.69));
#743=DIRECTION('',(-1.,-0.,-0.));
#744=DIRECTION('',(-0.,0.,1.));
#745=AXIS2_PLACEMENT_3D('',#742,#743,#744);
#746=PLANE('',#745);
#747=CARTESIAN_POINT('',(15.609623456,36.660891886,281.38));
#748=VERTEX_POINT('',#747);
#749=CARTESIAN_POINT('',(15.609623456,65.460376544,281.38));
#750=DIRECTION('',(0.,-1.,0.));
#751=VECTOR('',#750,28.799484658);
#752=LINE('',#749,#751);
#753=EDGE_CURVE('',#724,#748,#752,.T.);
#754=ORIENTED_EDGE('',*,*,#753,.F.);
#755=ORIENTED_EDGE('',*,*,#737,.T.);
#756=ORIENTED_EDGE('',*,*,#284,.F.);
#757=CARTESIAN_POINT('',(15.609623456,36.660891886,281.38));
#758=DIRECTION('',(-0.,0.,1.));
#759=VECTOR('',#758,8.62);
#760=LINE('',#757,#759);
#761=EDGE_CURVE('',#748,#271,#760,.T.);
#762=ORIENTED_EDGE('',*,*,#761,.F.);
#763=EDGE_LOOP('',(#754,#755,#756,#762));
#764=FACE_BOUND('',#763,.T.);
#765=ADVANCED_FACE('',(#764),#746,.F.);
#766=CARTESIAN_POINT('',(15.609623456,36.660891886,281.38));
#767=DIRECTION('',(-0.,1.,-0.));
#768=DIRECTION('',(-0.,0.,1.));
#769=AXIS2_PLACEMENT_3D('',#766,#767,#768);
#770=PLANE('',#769);
#771=ORIENTED_EDGE('',*,*,#761,.T.);
#772=ORIENTED_EDGE('',*,*,#276,.T.);
#773=CARTESIAN_POINT('',(15.539623456,36.660891886,281.38));
#774=VERTEX_POINT('',#773);
#775=CARTESIAN_POINT('',(15.539623456,36.660891886,281.38));
#776=DIRECTION('',(-0.,0.,1.));
#777=VECTOR('',#776,8.62);
#778=LINE('',#775,#777);
#779=EDGE_CURVE('',#774,#263,#778,.T.);
#780=ORIENTED_EDGE('',*,*,#779,.F.);
#781=CARTESIAN_POINT('',(15.609623456,36.660891886,281.38));
#782=DIRECTION('',(-1.,-0.,-0.));
#783=VECTOR('',#782,0.07);
#784=LINE('',#781,#783);
#785=EDGE_CURVE('',#748,#774,#784,.T.);
#786=ORIENTED_EDGE('',*,*,#785,.F.);
#787=EDGE_LOOP('',(#771,#772,#780,#786));
#788=FACE_BOUND('',#787,.T.);
#789=ADVANCED_FACE('',(#788),#770,.F.);
#790=CARTESIAN_POINT('',(15.539623456,65.460376544,281.38));
#791=DIRECTION('',(1.,0.,0.));
#792=DIRECTION('',(-0.,0.,1.));
#793=AXIS2_PLACEMENT_3D('',#790,#791,#792);
#794=PLANE('',#793);
#795=ORIENTED_EDGE('',*,*,#779,.T.);
#796=ORIENTED_EDGE('',*,*,#268,.F.);
#797=CARTESIAN_POINT('',(15.539623456,36.700095181,289.93));
#798=VERTEX_POINT('',#797);
#799=CARTESIAN_POINT('',(15.539623456,36.700095181,290.));
#800=DIRECTION('',(0.,-0.,-1.));
#801=VECTOR('',#800,0.07);
#802=LINE('',#799,#801);
#803=EDGE_CURVE('',#255,#798,#802,.T.);
#804=ORIENTED_EDGE('',*,*,#803,.T.);
#805=CARTESIAN_POINT('',(15.539623456,36.700095181,289.93));
#806=DIRECTION('',(-0.,1.,-0.));
#807=VECTOR('',#806,28.830281363);
#808=LINE('',#805,#807);
#809=EDGE_CURVE('',#798,#662,#808,.T.);
#810=ORIENTED_EDGE('',*,*,#809,.T.);
#811=ORIENTED_EDGE('',*,*,#667,.F.);
#812=CARTESIAN_POINT('',(15.539623456,36.700095181,281.45));
#813=VERTEX_POINT('',#812);
#814=CARTESIAN_POINT('',(15.539623456,65.530376544,281.45));
#815=DIRECTION('',(0.,-1.,0.));
#816=VECTOR('',#815,28.830281363);
#817=LINE('',#814,#816);
#818=EDGE_CURVE('',#654,#813,#817,.T.);
#819=ORIENTED_EDGE('',*,*,#818,.T.);
#820=CARTESIAN_POINT('',(15.539623456,36.700095181,281.38));
#821=VERTEX_POINT('',#820);
#822=CARTESIAN_POINT('',(15.539623456,36.700095181,281.45));
#823=DIRECTION('',(0.,-0.,-1.));
#824=VECTOR('',#823,0.07);
#825=LINE('',#822,#824);
#826=EDGE_CURVE('',#813,#821,#825,.T.);
#827=ORIENTED_EDGE('',*,*,#826,.T.);
#828=CARTESIAN_POINT('',(15.539623456,36.700095181,281.38));
#829=DIRECTION('',(0.,-1.,0.));
#830=VECTOR('',#829,0.039203295);
#831=LINE('',#828,#830);
#832=EDGE_CURVE('',#821,#774,#831,.T.);
#833=ORIENTED_EDGE('',*,*,#832,.T.);
#834=EDGE_LOOP('',(#795,#796,#804,#810,#811,#819,#827,#833));
#835=FACE_BOUND('',#834,.T.);
#836=ADVANCED_FACE('',(#835),#794,.F.);
#837=CARTESIAN_POINT('',(13.580137818,67.489862182,290.));
#838=DIRECTION('',(-0.997981055,-0.06351232,-0.));
#839=DIRECTION('',(0.06351232,-0.997981055,0.));
#840=AXIS2_PLACEMENT_3D('',#837,#838,#839);
#841=PLANE('',#840);
#842=CARTESIAN_POINT('',(13.580137818,67.489862182,289.93));
#843=VERTEX_POINT('',#842);
#844=CARTESIAN_POINT('',(13.580137818,67.489862182,290.));
#845=DIRECTION('',(0.,-0.,-1.));
#846=VECTOR('',#845,0.07);
#847=LINE('',#844,#846);
#848=EDGE_CURVE('',#247,#843,#847,.T.);
#849=ORIENTED_EDGE('',*,*,#848,.T.);
#850=CARTESIAN_POINT('',(13.580137818,67.489862182,289.93));
#851=DIRECTION('',(0.06351232,-0.997981055,0.));
#852=VECTOR('',#851,30.852055619);
#853=LINE('',#850,#852);
#854=EDGE_CURVE('',#843,#798,#853,.T.);
#855=ORIENTED_EDGE('',*,*,#854,.T.);
#856=ORIENTED_EDGE('',*,*,#803,.F.);
#857=ORIENTED_EDGE('',*,*,#260,.F.);
#858=EDGE_LOOP('',(#849,#855,#856,#857));
#859=FACE_BOUND('',#858,.T.);
#860=ADVANCED_FACE('',(#859),#841,.T.);
#861=CARTESIAN_POINT('',(71.543509302,71.473509302,290.));
#862=DIRECTION('',(-0.068565234,0.997646635,-0.));
#863=DIRECTION('',(-0.997646635,-0.068565234,-0.));
#864=AXIS2_PLACEMENT_3D('',#861,#862,#863);
#865=PLANE('',#864);
#866=CARTESIAN_POINT('',(71.543509302,71.473509302,289.93));
#867=VERTEX_POINT('',#866);
#868=CARTESIAN_POINT('',(71.543509302,71.473509302,290.));
#869=DIRECTION('',(0.,-0.,-1.));
#870=VECTOR('',#869,0.07);
#871=LINE('',#868,#870);
#872=EDGE_CURVE('',#239,#867,#871,.T.);
#873=ORIENTED_EDGE('',*,*,#872,.T.);
#874=CARTESIAN_POINT('',(71.543509302,71.473509302,289.93));
#875=DIRECTION('',(-0.997646635,-0.068565234,-0.));
#876=VECTOR('',#875,58.100102222);
#877=LINE('',#874,#876);
#878=EDGE_CURVE('',#867,#843,#877,.T.);
#879=ORIENTED_EDGE('',*,*,#878,.T.);
#880=ORIENTED_EDGE('',*,*,#848,.F.);
#881=ORIENTED_EDGE('',*,*,#252,.F.);
#882=EDGE_LOOP('',(#873,#879,#880,#881));
#883=FACE_BOUND('',#882,.T.);
#884=ADVANCED_FACE('',(#883),#865,.T.);
#885=CARTESIAN_POINT('',(80.451215062,-80.381215062,290.));
#886=DIRECTION('',(0.998283965,0.05855873,0.));
#887=DIRECTION('',(-0.05855873,0.998283965,-0.));
#888=AXIS2_PLACEMENT_3D('',#885,#886,#887);
#889=PLANE('',#888);
#890=ORIENTED_EDGE('',*,*,#408,.T.);
#891=CARTESIAN_POINT('',(80.451215062,-80.381215062,289.93));
#892=DIRECTION('',(-0.05855873,0.998283965,-0.));
#893=VECTOR('',#892,152.115760306);
#894=LINE('',#891,#893);
#895=EDGE_CURVE('',#397,#867,#894,.T.);
#896=ORIENTED_EDGE('',*,*,#895,.T.);
#897=ORIENTED_EDGE('',*,*,#872,.F.);
#898=ORIENTED_EDGE('',*,*,#244,.F.);
#899=EDGE_LOOP('',(#890,#896,#897,#898));
#900=FACE_BOUND('',#899,.T.);
#901=ADVANCED_FACE('',(#900),#889,.T.);
#902=CARTESIAN_POINT('',(40.5879521,-79.698898038,289.93));
#903=DIRECTION('',(-0.,0.,1.));
#904=DIRECTION('',(0.,-1.,0.));
#905=AXIS2_PLACEMENT_3D('',#902,#903,#904);
#906=PLANE('',#905);
#907=ORIENTED_EDGE('',*,*,#607,.F.);
#908=ORIENTED_EDGE('',*,*,#631,.F.);
#909=ORIENTED_EDGE('',*,*,#673,.F.);
#910=ORIENTED_EDGE('',*,*,#809,.F.);
#911=ORIENTED_EDGE('',*,*,#854,.F.);
#912=ORIENTED_EDGE('',*,*,#878,.F.);
#913=ORIENTED_EDGE('',*,*,#895,.F.);
#914=ORIENTED_EDGE('',*,*,#402,.F.);
#915=CARTESIAN_POINT('',(0.07,-81.,289.93));
#916=VERTEX_POINT('',#915);
#917=CARTESIAN_POINT('',(0.07,-81.,289.93));
#918=DIRECTION('',(1.,0.,0.));
#919=VECTOR('',#918,68.418167703);
#920=LINE('',#917,#919);
#921=EDGE_CURVE('',#916,#389,#920,.T.);
#922=ORIENTED_EDGE('',*,*,#921,.F.);
#923=CARTESIAN_POINT('',(0.07,-70.922694401,289.93));
#924=DIRECTION('',(0.,-1.,0.));
#925=VECTOR('',#924,10.077305599);
#926=LINE('',#923,#925);
#927=EDGE_CURVE('',#508,#916,#926,.T.);
#928=ORIENTED_EDGE('',*,*,#927,.F.);
#929=ORIENTED_EDGE('',*,*,#559,.F.);
#930=ORIENTED_EDGE('',*,*,#583,.F.);
#931=EDGE_LOOP('',(#907,#908,#909,#910,#911,#912,#913,#914,#922,#928,#929,#930));
#932=FACE_BOUND('',#931,.T.);
#933=ADVANCED_FACE('',(#932),#906,.F.);
#934=CARTESIAN_POINT('',(0.,-81.,281.38));
#935=DIRECTION('',(-0.,0.,1.));
#936=DIRECTION('',(1.,0.,0.));
#937=AXIS2_PLACEMENT_3D('',#934,#935,#936);
#938=PLANE('',#937);
#939=CARTESIAN_POINT('',(8.423596666,72.646403334,281.38));
#940=VERTEX_POINT('',#939);
#941=CARTESIAN_POINT('',(0.07,-70.922694401,281.38));
#942=DIRECTION('',(0.058086956,0.998311527,0.));
#943=VECTOR('',#942,143.811920235);
#944=LINE('',#941,#943);
#945=EDGE_CURVE('',#524,#940,#944,.T.);
#946=ORIENTED_EDGE('',*,*,#945,.T.);
#947=CARTESIAN_POINT('',(68.732756214,68.662756214,281.38));
#948=VERTEX_POINT('',#947);
#949=CARTESIAN_POINT('',(8.423596666,72.646403334,281.38));
#950=DIRECTION('',(0.997825563,-0.065910136,0.));
#951=VECTOR('',#950,60.440583797);
#952=LINE('',#949,#951);
#953=EDGE_CURVE('',#940,#948,#952,.T.);
#954=ORIENTED_EDGE('',*,*,#953,.T.);
#955=CARTESIAN_POINT('',(65.600376544,19.443084316,281.38));
#956=VERTEX_POINT('',#955);
#957=CARTESIAN_POINT('',(68.732756214,68.662756214,281.38));
#958=DIRECTION('',(-0.06351232,-0.997981055,-0.));
#959=VECTOR('',#958,49.319244764);
#960=LINE('',#957,#959);
#961=EDGE_CURVE('',#948,#956,#960,.T.);
#962=ORIENTED_EDGE('',*,*,#961,.T.);
#963=CARTESIAN_POINT('',(65.600376544,19.422315079,281.38));
#964=VERTEX_POINT('',#963);
#965=CARTESIAN_POINT('',(65.600376544,19.443084316,281.38));
#966=DIRECTION('',(0.,-1.,0.));
#967=VECTOR('',#966,0.020769237);
#968=LINE('',#965,#967);
#969=EDGE_CURVE('',#956,#964,#968,.T.);
#970=ORIENTED_EDGE('',*,*,#969,.T.);
#971=CARTESIAN_POINT('',(65.530376544,19.422315079,281.38));
#972=VERTEX_POINT('',#971);
#973=CARTESIAN_POINT('',(65.530376544,19.422315079,281.38));
#974=DIRECTION('',(1.,0.,0.));
#975=VECTOR('',#974,0.07);
#976=LINE('',#973,#975);
#977=EDGE_CURVE('',#972,#964,#976,.T.);
#978=ORIENTED_EDGE('',*,*,#977,.F.);
#979=CARTESIAN_POINT('',(65.530376544,65.460376544,281.38));
#980=VERTEX_POINT('',#979);
#981=CARTESIAN_POINT('',(65.530376544,19.422315079,281.38));
#982=DIRECTION('',(-0.,1.,-0.));
#983=VECTOR('',#982,46.038061465);
#984=LINE('',#981,#983);
#985=EDGE_CURVE('',#972,#980,#984,.T.);
#986=ORIENTED_EDGE('',*,*,#985,.T.);
#987=CARTESIAN_POINT('',(55.673267175,65.460376544,281.38));
#988=VERTEX_POINT('',#987);
#989=CARTESIAN_POINT('',(65.530376544,65.460376544,281.38));
#990=DIRECTION('',(-1.,-0.,-0.));
#991=VECTOR('',#990,9.857109369);
#992=LINE('',#989,#991);
#993=EDGE_CURVE('',#980,#988,#992,.T.);
#994=ORIENTED_EDGE('',*,*,#993,.T.);
#995=CARTESIAN_POINT('',(55.673267175,65.530376544,281.38));
#996=VERTEX_POINT('',#995);
#997=CARTESIAN_POINT('',(55.673267175,65.460376544,281.38));
#998=DIRECTION('',(-0.,1.,-0.));
#999=VECTOR('',#998,0.07);
#1000=LINE('',#997,#999);
#1001=EDGE_CURVE('',#988,#996,#1000,.T.);
#1002=ORIENTED_EDGE('',*,*,#1001,.T.);
#1003=CARTESIAN_POINT('',(55.715623456,65.530376544,281.38));
#1004=VERTEX_POINT('',#1003);
#1005=CARTESIAN_POINT('',(55.715623456,65.530376544,281.38));
#1006=DIRECTION('',(-1.,-0.,-0.));
#1007=VECTOR('',#1006,0.04235628);
#1008=LINE('',#1005,#1007);
#1009=EDGE_CURVE('',#1004,#996,#1008,.T.);
#1010=ORIENTED_EDGE('',*,*,#1009,.F.);
#1011=CARTESIAN_POINT('',(12.342567941,68.727432059,281.38));
#1012=VERTEX_POINT('',#1011);
#1013=CARTESIAN_POINT('',(55.715623456,65.530376544,281.38));
#1014=DIRECTION('',(-0.997294391,0.073511204,-0.));
#1015=VECTOR('',#1014,43.490724397);
#1016=LINE('',#1013,#1015);
#1017=EDGE_CURVE('',#1004,#1012,#1016,.T.);
#1018=ORIENTED_EDGE('',*,*,#1017,.T.);
#1019=CARTESIAN_POINT('',(3.434862182,-77.635137818,281.38));
#1020=VERTEX_POINT('',#1019);
#1021=CARTESIAN_POINT('',(12.342567941,68.727432059,281.38));
#1022=DIRECTION('',(-0.060748143,-0.998153126,-0.));
#1023=VECTOR('',#1022,146.633383248);
#1024=LINE('',#1021,#1023);
#1025=EDGE_CURVE('',#1012,#1020,#1024,.T.);
#1026=ORIENTED_EDGE('',*,*,#1025,.T.);
#1027=CARTESIAN_POINT('',(3.434862182,-77.635137818,281.38));
#1028=DIRECTION('',(0.998664956,-0.051655637,0.));
#1029=VECTOR('',#1028,65.140270622);
#1030=LINE('',#1027,#1029);
#1031=EDGE_CURVE('',#1020,#420,#1030,.T.);
#1032=ORIENTED_EDGE('',*,*,#1031,.T.);
#1033=ORIENTED_EDGE('',*,*,#449,.T.);
#1034=ORIENTED_EDGE('',*,*,#473,.F.);
#1035=ORIENTED_EDGE('',*,*,#496,.F.);
#1036=ORIENTED_EDGE('',*,*,#535,.F.);
#1037=EDGE_LOOP('',(#946,#954,#962,#970,#978,#986,#994,#1002,#1010,#1018,#1026,#1032,#1033,#1034,#1035,#1036));
#1038=FACE_BOUND('',#1037,.T.);
#1039=ADVANCED_FACE('',(#1038),#938,.F.);
#1040=CARTESIAN_POINT('',(3.434862182,-77.635137818,281.45));
#1041=DIRECTION('',(-0.051655637,-0.998664956,-0.));
#1042=DIRECTION('',(0.998664956,-0.051655637,0.));
#1043=AXIS2_PLACEMENT_3D('',#1040,#1041,#1042);
#1044=PLANE('',#1043);
#1045=CARTESIAN_POINT('',(3.434862182,-77.635137818,281.45));
#1046=VERTEX_POINT('',#1045);
#1047=CARTESIAN_POINT('',(3.434862182,-77.635137818,281.45));
#1048=DIRECTION('',(0.998664956,-0.051655637,0.));
#1049=VECTOR('',#1048,65.140270622);
#1050=LINE('',#1047,#1049);
#1051=EDGE_CURVE('',#1046,#422,#1050,.T.);
#1052=ORIENTED_EDGE('',*,*,#1051,.T.);
#1053=ORIENTED_EDGE('',*,*,#427,.F.);
#1054=ORIENTED_EDGE('',*,*,#1031,.F.);
#1055=CARTESIAN_POINT('',(3.434862182,-77.635137818,281.45));
#1056=DIRECTION('',(0.,-0.,-1.));
#1057=VECTOR('',#1056,0.07);
#1058=LINE('',#1055,#1057);
#1059=EDGE_CURVE('',#1046,#1020,#1058,.T.);
#1060=ORIENTED_EDGE('',*,*,#1059,.F.);
#1061=EDGE_LOOP('',(#1052,#1053,#1054,#1060));
#1062=FACE_BOUND('',#1061,.T.);
#1063=ADVANCED_FACE('',(#1062),#1044,.F.);
#1064=CARTESIAN_POINT('',(34.244083852,-81.,285.69));
#1065=DIRECTION('',(0.,-1.,0.));
#1066=DIRECTION('',(-0.,0.,1.));
#1067=AXIS2_PLACEMENT_3D('',#1064,#1065,#1066);
#1068=PLANE('',#1067);
#1069=CARTESIAN_POINT('',(0.07,-81.,281.45));
#1070=VERTEX_POINT('',#1069);
#1071=CARTESIAN_POINT('',(0.07,-81.,289.93));
#1072=DIRECTION('',(0.,-0.,-1.));
#1073=VECTOR('',#1072,8.48);
#1074=LINE('',#1071,#1073);
#1075=EDGE_CURVE('',#916,#1070,#1074,.T.);
#1076=ORIENTED_EDGE('',*,*,#1075,.F.);
#1077=ORIENTED_EDGE('',*,*,#921,.T.);
#1078=ORIENTED_EDGE('',*,*,#433,.F.);
#1079=CARTESIAN_POINT('',(68.488167704,-81.,281.45));
#1080=DIRECTION('',(-1.,-0.,-0.));
#1081=VECTOR('',#1080,68.418167704);
#1082=LINE('',#1079,#1081);
#1083=EDGE_CURVE('',#422,#1070,#1082,.T.);
#1084=ORIENTED_EDGE('',*,*,#1083,.T.);
#1085=EDGE_LOOP('',(#1076,#1077,#1078,#1084));
#1086=FACE_BOUND('',#1085,.T.);
#1087=ADVANCED_FACE('',(#1086),#1068,.F.);
#1088=CARTESIAN_POINT('',(0.07,-75.996347201,285.69));
#1089=DIRECTION('',(-1.,-0.,-0.));
#1090=DIRECTION('',(-0.,0.,1.));
#1091=AXIS2_PLACEMENT_3D('',#1088,#1089,#1090);
#1092=PLANE('',#1091);
#1093=CARTESIAN_POINT('',(0.07,-81.,281.45));
#1094=DIRECTION('',(-0.,1.,-0.));
#1095=VECTOR('',#1094,10.077305599);
#1096=LINE('',#1093,#1095);
#1097=EDGE_CURVE('',#1070,#516,#1096,.T.);
#1098=ORIENTED_EDGE('',*,*,#1097,.T.);
#1099=ORIENTED_EDGE('',*,*,#521,.F.);
#1100=ORIENTED_EDGE('',*,*,#927,.T.);
#1101=ORIENTED_EDGE('',*,*,#1075,.T.);
#1102=EDGE_LOOP('',(#1098,#1099,#1100,#1101));
#1103=FACE_BOUND('',#1102,.T.);
#1104=ADVANCED_FACE('',(#1103),#1092,.F.);
#1105=CARTESIAN_POINT('',(0.07,-70.922694401,281.45));
#1106=DIRECTION('',(0.998311527,-0.058086956,0.));
#1107=DIRECTION('',(0.058086956,0.998311527,0.));
#1108=AXIS2_PLACEMENT_3D('',#1105,#1106,#1107);
#1109=PLANE('',#1108);
#1110=CARTESIAN_POINT('',(8.423596666,72.646403334,281.45));
#1111=VERTEX_POINT('',#1110);
#1112=CARTESIAN_POINT('',(0.07,-70.922694401,281.45));
#1113=DIRECTION('',(0.058086956,0.998311527,0.));
#1114=VECTOR('',#1113,143.811920235);
#1115=LINE('',#1112,#1114);
#1116=EDGE_CURVE('',#516,#1111,#1115,.T.);
#1117=ORIENTED_EDGE('',*,*,#1116,.T.);
#1118=CARTESIAN_POINT('',(8.423596666,72.646403334,281.45));
#1119=DIRECTION('',(0.,-0.,-1.));
#1120=VECTOR('',#1119,0.07);
#1121=LINE('',#1118,#1120);
#1122=EDGE_CURVE('',#1111,#940,#1121,.T.);
#1123=ORIENTED_EDGE('',*,*,#1122,.T.);
#1124=ORIENTED_EDGE('',*,*,#945,.F.);
#1125=ORIENTED_EDGE('',*,*,#529,.F.);
#1126=EDGE_LOOP('',(#1117,#1123,#1124,#1125));
#1127=FACE_BOUND('',#1126,.T.);
#1128=ADVANCED_FACE('',(#1127),#1109,.F.);
#1129=CARTESIAN_POINT('',(13.580137818,67.489862182,281.45));
#1130=DIRECTION('',(-0.073511204,-0.997294391,-0.));
#1131=DIRECTION('',(0.997294391,-0.073511204,0.));
#1132=AXIS2_PLACEMENT_3D('',#1129,#1130,#1131);
#1133=PLANE('',#1132);
#1134=CARTESIAN_POINT('',(13.580137818,67.489862182,281.45));
#1135=VERTEX_POINT('',#1134);
#1136=CARTESIAN_POINT('',(13.580137818,67.489862182,281.45));
#1137=DIRECTION('',(0.997294391,-0.073511204,0.));
#1138=VECTOR('',#1137,26.655605276);
#1139=LINE('',#1136,#1138);
#1140=EDGE_CURVE('',#1135,#644,#1139,.T.);
#1141=ORIENTED_EDGE('',*,*,#1140,.T.);
#1142=ORIENTED_EDGE('',*,*,#651,.T.);
#1143=CARTESIAN_POINT('',(13.580137818,67.489862182,281.38));
#1144=VERTEX_POINT('',#1143);
#1145=CARTESIAN_POINT('',(13.580137818,67.489862182,281.38));
#1146=DIRECTION('',(0.997294391,-0.073511204,0.));
#1147=VECTOR('',#1146,26.655605276);
#1148=LINE('',#1145,#1147);
#1149=EDGE_CURVE('',#1144,#646,#1148,.T.);
#1150=ORIENTED_EDGE('',*,*,#1149,.F.);
#1151=CARTESIAN_POINT('',(13.580137818,67.489862182,281.45));
#1152=DIRECTION('',(0.,-0.,-1.));
#1153=VECTOR('',#1152,0.07);
#1154=LINE('',#1151,#1153);
#1155=EDGE_CURVE('',#1135,#1144,#1154,.T.);
#1156=ORIENTED_EDGE('',*,*,#1155,.F.);
#1157=EDGE_LOOP('',(#1141,#1142,#1150,#1156));
#1158=FACE_BOUND('',#1157,.T.);
#1159=ADVANCED_FACE('',(#1158),#1133,.F.);
#1160=CARTESIAN_POINT('',(26.686999165,66.063776006,281.45));
#1161=DIRECTION('',(0.,0.,-1.));
#1162=DIRECTION('',(-0.,1.,-0.));
#1163=AXIS2_PLACEMENT_3D('',#1160,#1161,#1162);
#1164=PLANE('',#1163);
#1165=CARTESIAN_POINT('',(4.672432059,-76.397567941,281.45));
#1166=VERTEX_POINT('',#1165);
#1167=CARTESIAN_POINT('',(4.672432059,-76.397567941,281.45));
#1168=DIRECTION('',(0.061789172,0.998089224,0.));
#1169=VECTOR('',#1168,144.162893178);
#1170=LINE('',#1167,#1169);
#1171=EDGE_CURVE('',#1166,#1135,#1170,.T.);
#1172=ORIENTED_EDGE('',*,*,#1171,.F.);
#1173=CARTESIAN_POINT('',(80.451215062,-80.381215062,281.45));
#1174=VERTEX_POINT('',#1173);
#1175=CARTESIAN_POINT('',(80.451215062,-80.381215062,281.45));
#1176=DIRECTION('',(-0.998621085,0.052496937,-0.));
#1177=VECTOR('',#1176,75.883419782);
#1178=LINE('',#1175,#1177);
#1179=EDGE_CURVE('',#1174,#1166,#1178,.T.);
#1180=ORIENTED_EDGE('',*,*,#1179,.F.);
#1181=CARTESIAN_POINT('',(81.07,-69.746467081,281.45));
#1182=VERTEX_POINT('',#1181);
#1183=CARTESIAN_POINT('',(81.07,-69.746467081,281.45));
#1184=DIRECTION('',(-0.058086956,-0.998311527,-0.));
#1185=VECTOR('',#1184,10.652734832);
#1186=LINE('',#1183,#1185);
#1187=EDGE_CURVE('',#1182,#1174,#1186,.T.);
#1188=ORIENTED_EDGE('',*,*,#1187,.F.);
#1189=CARTESIAN_POINT('',(81.07,1.52590807,281.45));
#1190=VERTEX_POINT('',#1189);
#1191=CARTESIAN_POINT('',(81.07,1.52590807,281.45));
#1192=DIRECTION('',(0.,-1.,0.));
#1193=VECTOR('',#1192,71.272375151);
#1194=LINE('',#1191,#1193);
#1195=EDGE_CURVE('',#1190,#1182,#1194,.T.);
#1196=ORIENTED_EDGE('',*,*,#1195,.F.);
#1197=CARTESIAN_POINT('',(76.532243786,-76.462243786,281.45));
#1198=VERTEX_POINT('',#1197);
#1199=CARTESIAN_POINT('',(76.532243786,-76.462243786,281.45));
#1200=DIRECTION('',(0.058086956,0.998311527,0.));
#1201=VECTOR('',#1200,78.120055436);
#1202=LINE('',#1199,#1201);
#1203=EDGE_CURVE('',#1198,#1190,#1202,.T.);
#1204=ORIENTED_EDGE('',*,*,#1203,.F.);
#1205=CARTESIAN_POINT('',(8.591403334,-72.478596666,281.45));
#1206=VERTEX_POINT('',#1205);
#1207=CARTESIAN_POINT('',(8.591403334,-72.478596666,281.45));
#1208=DIRECTION('',(0.998285443,-0.058533526,0.));
#1209=VECTOR('',#1208,68.057528942);
#1210=LINE('',#1207,#1209);
#1211=EDGE_CURVE('',#1206,#1198,#1210,.T.);
#1212=ORIENTED_EDGE('',*,*,#1211,.F.);
#1213=CARTESIAN_POINT('',(15.539623456,36.700095181,281.45));
#1214=DIRECTION('',(-0.06351232,-0.997981055,-0.));
#1215=VECTOR('',#1214,109.399563602);
#1216=LINE('',#1213,#1215);
#1217=EDGE_CURVE('',#813,#1206,#1216,.T.);
#1218=ORIENTED_EDGE('',*,*,#1217,.F.);
#1219=ORIENTED_EDGE('',*,*,#818,.F.);
#1220=ORIENTED_EDGE('',*,*,#659,.F.);
#1221=ORIENTED_EDGE('',*,*,#1140,.F.);
#1222=EDGE_LOOP('',(#1172,#1180,#1188,#1196,#1204,#1212,#1218,#1219,#1220,#1221));
#1223=FACE_BOUND('',#1222,.T.);
#1224=ADVANCED_FACE('',(#1223),#1164,.F.);
#1225=CARTESIAN_POINT('',(40.164759929,65.460376544,281.38));
#1226=DIRECTION('',(-0.,0.,1.));
#1227=DIRECTION('',(-1.,-0.,-0.));
#1228=AXIS2_PLACEMENT_3D('',#1225,#1226,#1227);
#1229=PLANE('',#1228);
#1230=ORIENTED_EDGE('',*,*,#753,.T.);
#1231=ORIENTED_EDGE('',*,*,#785,.T.);
#1232=ORIENTED_EDGE('',*,*,#832,.F.);
#1233=CARTESIAN_POINT('',(8.591403334,-72.478596666,281.38));
#1234=VERTEX_POINT('',#1233);
#1235=CARTESIAN_POINT('',(15.539623456,36.700095181,281.38));
#1236=DIRECTION('',(-0.06351232,-0.997981055,-0.));
#1237=VECTOR('',#1236,109.399563602);
#1238=LINE('',#1235,#1237);
#1239=EDGE_CURVE('',#821,#1234,#1238,.T.);
#1240=ORIENTED_EDGE('',*,*,#1239,.T.);
#1241=CARTESIAN_POINT('',(76.532243786,-76.462243786,281.38));
#1242=VERTEX_POINT('',#1241);
#1243=CARTESIAN_POINT('',(8.591403334,-72.478596666,281.38));
#1244=DIRECTION('',(0.998285443,-0.058533526,0.));
#1245=VECTOR('',#1244,68.057528942);
#1246=LINE('',#1243,#1245);
#1247=EDGE_CURVE('',#1234,#1242,#1246,.T.);
#1248=ORIENTED_EDGE('',*,*,#1247,.T.);
#1249=CARTESIAN_POINT('',(81.07,1.52590807,281.38));
#1250=VERTEX_POINT('',#1249);
#1251=CARTESIAN_POINT('',(76.532243786,-76.462243786,281.38));
#1252=DIRECTION('',(0.058086956,0.998311527,0.));
#1253=VECTOR('',#1252,78.120055436);
#1254=LINE('',#1251,#1253);
#1255=EDGE_CURVE('',#1242,#1250,#1254,.T.);
#1256=ORIENTED_EDGE('',*,*,#1255,.T.);
#1257=CARTESIAN_POINT('',(81.14,1.52590807,281.38));
#1258=VERTEX_POINT('',#1257);
#1259=CARTESIAN_POINT('',(81.07,1.52590807,281.38));
#1260=DIRECTION('',(1.,0.,0.));
#1261=VECTOR('',#1260,0.07);
#1262=LINE('',#1259,#1261);
#1263=EDGE_CURVE('',#1250,#1258,#1262,.T.);
#1264=ORIENTED_EDGE('',*,*,#1263,.T.);
#1265=CARTESIAN_POINT('',(81.14,-69.746467081,281.38));
#1266=VERTEX_POINT('',#1265);
#1267=CARTESIAN_POINT('',(81.14,-69.746467081,281.38));
#1268=DIRECTION('',(-0.,1.,-0.));
#1269=VECTOR('',#1268,71.272375151);
#1270=LINE('',#1267,#1269);
#1271=EDGE_CURVE('',#1266,#1258,#1270,.T.);
#1272=ORIENTED_EDGE('',*,*,#1271,.F.);
#1273=CARTESIAN_POINT('',(81.07,-69.746467081,281.38));
#1274=VERTEX_POINT('',#1273);
#1275=CARTESIAN_POINT('',(81.07,-69.746467081,281.38));
#1276=DIRECTION('',(1.,0.,0.));
#1277=VECTOR('',#1276,0.07);
#1278=LINE('',#1275,#1277);
#1279=EDGE_CURVE('',#1274,#1266,#1278,.T.);
#1280=ORIENTED_EDGE('',*,*,#1279,.F.);
#1281=CARTESIAN_POINT('',(80.451215062,-80.381215062,281.38));
#1282=VERTEX_POINT('',#1281);
#1283=CARTESIAN_POINT('',(81.07,-69.746467081,281.38));
#1284=DIRECTION('',(-0.058086956,-0.998311527,-0.));
#1285=VECTOR('',#1284,10.652734832);
#1286=LINE('',#1283,#1285);
#1287=EDGE_CURVE('',#1274,#1282,#1286,.T.);
#1288=ORIENTED_EDGE('',*,*,#1287,.T.);
#1289=CARTESIAN_POINT('',(4.672432059,-76.397567941,281.38));
#1290=VERTEX_POINT('',#1289);
#1291=CARTESIAN_POINT('',(80.451215062,-80.381215062,281.38));
#1292=DIRECTION('',(-0.998621085,0.052496937,-0.));
#1293=VECTOR('',#1292,75.883419782);
#1294=LINE('',#1291,#1293);
#1295=EDGE_CURVE('',#1282,#1290,#1294,.T.);
#1296=ORIENTED_EDGE('',*,*,#1295,.T.);
#1297=CARTESIAN_POINT('',(4.672432059,-76.397567941,281.38));
#1298=DIRECTION('',(0.061789172,0.998089224,0.));
#1299=VECTOR('',#1298,144.162893178);
#1300=LINE('',#1297,#1299);
#1301=EDGE_CURVE('',#1290,#1144,#1300,.T.);
#1302=ORIENTED_EDGE('',*,*,#1301,.T.);
#1303=ORIENTED_EDGE('',*,*,#1149,.T.);
#1304=ORIENTED_EDGE('',*,*,#689,.F.);
#1305=ORIENTED_EDGE('',*,*,#711,.F.);
#1306=ORIENTED_EDGE('',*,*,#729,.T.);
#1307=EDGE_LOOP('',(#1230,#1231,#1232,#1240,#1248,#1256,#1264,#1272,#1280,#1288,#1296,#1302,#1303,#1304,#1305,#1306));
#1308=FACE_BOUND('',#1307,.T.);
#1309=ADVANCED_FACE('',(#1308),#1229,.F.);
#1310=CARTESIAN_POINT('',(15.539623456,36.700095181,281.45));
#1311=DIRECTION('',(-0.997981055,0.06351232,-0.));
#1312=DIRECTION('',(-0.06351232,-0.997981055,-0.));
#1313=AXIS2_PLACEMENT_3D('',#1310,#1311,#1312);
#1314=PLANE('',#1313);
#1315=ORIENTED_EDGE('',*,*,#1217,.T.);
#1316=CARTESIAN_POINT('',(8.591403334,-72.478596666,281.45));
#1317=DIRECTION('',(0.,-0.,-1.));
#1318=VECTOR('',#1317,0.07);
#1319=LINE('',#1316,#1318);
#1320=EDGE_CURVE('',#1206,#1234,#1319,.T.);
#1321=ORIENTED_EDGE('',*,*,#1320,.T.);
#1322=ORIENTED_EDGE('',*,*,#1239,.F.);
#1323=ORIENTED_EDGE('',*,*,#826,.F.);
#1324=EDGE_LOOP('',(#1315,#1321,#1322,#1323));
#1325=FACE_BOUND('',#1324,.T.);
#1326=ADVANCED_FACE('',(#1325),#1314,.F.);
#1327=CARTESIAN_POINT('',(12.342567941,68.727432059,281.45));
#1328=DIRECTION('',(-0.998153126,0.060748143,-0.));
#1329=DIRECTION('',(-0.060748143,-0.998153126,-0.));
#1330=AXIS2_PLACEMENT_3D('',#1327,#1328,#1329);
#1331=PLANE('',#1330);
#1332=CARTESIAN_POINT('',(12.342567941,68.727432059,281.45));
#1333=VERTEX_POINT('',#1332);
#1334=CARTESIAN_POINT('',(12.342567941,68.727432059,281.45));
#1335=DIRECTION('',(-0.060748143,-0.998153126,-0.));
#1336=VECTOR('',#1335,146.633383248);
#1337=LINE('',#1334,#1336);
#1338=EDGE_CURVE('',#1333,#1046,#1337,.T.);
#1339=ORIENTED_EDGE('',*,*,#1338,.T.);
#1340=ORIENTED_EDGE('',*,*,#1059,.T.);
#1341=ORIENTED_EDGE('',*,*,#1025,.F.);
#1342=CARTESIAN_POINT('',(12.342567941,68.727432059,281.45));
#1343=DIRECTION('',(0.,-0.,-1.));
#1344=VECTOR('',#1343,0.07);
#1345=LINE('',#1342,#1344);
#1346=EDGE_CURVE('',#1333,#1012,#1345,.T.);
#1347=ORIENTED_EDGE('',*,*,#1346,.F.);
#1348=EDGE_LOOP('',(#1339,#1340,#1341,#1347));
#1349=FACE_BOUND('',#1348,.T.);
#1350=ADVANCED_FACE('',(#1349),#1331,.F.);
#1351=CARTESIAN_POINT('',(55.715623456,65.530376544,281.45));
#1352=DIRECTION('',(0.073511204,0.997294391,0.));
#1353=DIRECTION('',(-0.997294391,0.073511204,-0.));
#1354=AXIS2_PLACEMENT_3D('',#1351,#1352,#1353);
#1355=PLANE('',#1354);
#1356=CARTESIAN_POINT('',(55.715623456,65.530376544,281.45));
#1357=VERTEX_POINT('',#1356);
#1358=CARTESIAN_POINT('',(55.715623456,65.530376544,281.45));
#1359=DIRECTION('',(-0.997294391,0.073511204,-0.));
#1360=VECTOR('',#1359,43.490724397);
#1361=LINE('',#1358,#1360);
#1362=EDGE_CURVE('',#1357,#1333,#1361,.T.);
#1363=ORIENTED_EDGE('',*,*,#1362,.T.);
#1364=ORIENTED_EDGE('',*,*,#1346,.T.);
#1365=ORIENTED_EDGE('',*,*,#1017,.F.);
#1366=CARTESIAN_POINT('',(55.715623456,65.530376544,281.45));
#1367=DIRECTION('',(0.,0.,-1.));
#1368=VECTOR('',#1367,0.07);
#1369=LINE('',#1366,#1368);
#1370=EDGE_CURVE('',#1357,#1004,#1369,.T.);
#1371=ORIENTED_EDGE('',*,*,#1370,.F.);
#1372=EDGE_LOOP('',(#1363,#1364,#1365,#1371));
#1373=FACE_BOUND('',#1372,.T.);
#1374=ADVANCED_FACE('',(#1373),#1355,.F.);
#1375=CARTESIAN_POINT('',(60.63682186,65.530376544,285.69));
#1376=DIRECTION('',(-0.,1.,-0.));
#1377=DIRECTION('',(0.,0.,-1.));
#1378=AXIS2_PLACEMENT_3D('',#1375,#1376,#1377);
#1379=PLANE('',#1378);
#1380=ORIENTED_EDGE('',*,*,#1370,.T.);
#1381=ORIENTED_EDGE('',*,*,#1009,.T.);
#1382=CARTESIAN_POINT('',(55.673267175,65.530376544,290.));
#1383=VERTEX_POINT('',#1382);
#1384=CARTESIAN_POINT('',(55.673267175,65.530376544,281.38));
#1385=DIRECTION('',(-0.,-0.,1.));
#1386=VECTOR('',#1385,8.62);
#1387=LINE('',#1384,#1386);
#1388=EDGE_CURVE('',#996,#1383,#1387,.T.);
#1389=ORIENTED_EDGE('',*,*,#1388,.T.);
#1390=CARTESIAN_POINT('',(55.715623456,65.530376544,290.));
#1391=VERTEX_POINT('',#1390);
#1392=CARTESIAN_POINT('',(55.673267175,65.530376544,290.));
#1393=DIRECTION('',(1.,0.,0.));
#1394=VECTOR('',#1393,0.04235628);
#1395=LINE('',#1392,#1394);
#1396=EDGE_CURVE('',#1383,#1391,#1395,.T.);
#1397=ORIENTED_EDGE('',*,*,#1396,.T.);
#1398=CARTESIAN_POINT('',(55.715623456,65.530376544,289.93));
#1399=VERTEX_POINT('',#1398);
#1400=CARTESIAN_POINT('',(55.715623456,65.530376544,290.));
#1401=DIRECTION('',(0.,0.,-1.));
#1402=VECTOR('',#1401,0.07);
#1403=LINE('',#1400,#1402);
#1404=EDGE_CURVE('',#1391,#1399,#1403,.T.);
#1405=ORIENTED_EDGE('',*,*,#1404,.T.);
#1406=CARTESIAN_POINT('',(65.600376544,65.530376544,289.93));
#1407=VERTEX_POINT('',#1406);
#1408=CARTESIAN_POINT('',(55.715623456,65.530376544,289.93));
#1409=DIRECTION('',(1.,0.,0.));
#1410=VECTOR('',#1409,9.884753089);
#1411=LINE('',#1408,#1410);
#1412=EDGE_CURVE('',#1399,#1407,#1411,.T.);
#1413=ORIENTED_EDGE('',*,*,#1412,.T.);
#1414=CARTESIAN_POINT('',(65.600376544,65.530376544,281.45));
#1415=VERTEX_POINT('',#1414);
#1416=CARTESIAN_POINT('',(65.600376544,65.530376544,289.93));
#1417=DIRECTION('',(0.,0.,-1.));
#1418=VECTOR('',#1417,8.48);
#1419=LINE('',#1416,#1418);
#1420=EDGE_CURVE('',#1407,#1415,#1419,.T.);
#1421=ORIENTED_EDGE('',*,*,#1420,.T.);
#1422=CARTESIAN_POINT('',(65.600376544,65.530376544,281.45));
#1423=DIRECTION('',(-1.,-0.,-0.));
#1424=VECTOR('',#1423,9.884753089);
#1425=LINE('',#1422,#1424);
#1426=EDGE_CURVE('',#1415,#1357,#1425,.T.);
#1427=ORIENTED_EDGE('',*,*,#1426,.T.);
#1428=EDGE_LOOP('',(#1380,#1381,#1389,#1397,#1405,#1413,#1421,#1427));
#1429=FACE_BOUND('',#1428,.T.);
#1430=ADVANCED_FACE('',(#1429),#1379,.T.);
#1431=CARTESIAN_POINT('',(55.673267175,65.460376544,281.38));
#1432=DIRECTION('',(1.,0.,0.));
#1433=DIRECTION('',(-0.,0.,1.));
#1434=AXIS2_PLACEMENT_3D('',#1431,#1432,#1433);
#1435=PLANE('',#1434);
#1436=CARTESIAN_POINT('',(55.673267175,65.460376544,290.));
#1437=VERTEX_POINT('',#1436);
#1438=CARTESIAN_POINT('',(55.673267175,65.460376544,281.38));
#1439=DIRECTION('',(-0.,0.,1.));
#1440=VECTOR('',#1439,8.62);
#1441=LINE('',#1438,#1440);
#1442=EDGE_CURVE('',#988,#1437,#1441,.T.);
#1443=ORIENTED_EDGE('',*,*,#1442,.T.);
#1444=CARTESIAN_POINT('',(55.673267175,65.460376544,290.));
#1445=DIRECTION('',(-0.,1.,-0.));
#1446=VECTOR('',#1445,0.07);
#1447=LINE('',#1444,#1446);
#1448=EDGE_CURVE('',#1437,#1383,#1447,.T.);
#1449=ORIENTED_EDGE('',*,*,#1448,.T.);
#1450=ORIENTED_EDGE('',*,*,#1388,.F.);
#1451=ORIENTED_EDGE('',*,*,#1001,.F.);
#1452=EDGE_LOOP('',(#1443,#1449,#1450,#1451));
#1453=FACE_BOUND('',#1452,.T.);
#1454=ADVANCED_FACE('',(#1453),#1435,.F.);
#1455=CARTESIAN_POINT('',(60.63682186,65.460376544,285.69));
#1456=DIRECTION('',(-0.,1.,-0.));
#1457=DIRECTION('',(0.,0.,-1.));
#1458=AXIS2_PLACEMENT_3D('',#1455,#1456,#1457);
#1459=PLANE('',#1458);
#1460=ORIENTED_EDGE('',*,*,#993,.F.);
#1461=CARTESIAN_POINT('',(65.530376544,65.460376544,290.));
#1462=VERTEX_POINT('',#1461);
#1463=CARTESIAN_POINT('',(65.530376544,65.460376544,290.));
#1464=DIRECTION('',(0.,0.,-1.));
#1465=VECTOR('',#1464,8.62);
#1466=LINE('',#1463,#1465);
#1467=EDGE_CURVE('',#1462,#980,#1466,.T.);
#1468=ORIENTED_EDGE('',*,*,#1467,.F.);
#1469=CARTESIAN_POINT('',(55.673267175,65.460376544,290.));
#1470=DIRECTION('',(1.,0.,0.));
#1471=VECTOR('',#1470,9.857109369);
#1472=LINE('',#1469,#1471);
#1473=EDGE_CURVE('',#1437,#1462,#1472,.T.);
#1474=ORIENTED_EDGE('',*,*,#1473,.F.);
#1475=ORIENTED_EDGE('',*,*,#1442,.F.);
#1476=EDGE_LOOP('',(#1460,#1468,#1474,#1475));
#1477=FACE_BOUND('',#1476,.T.);
#1478=ADVANCED_FACE('',(#1477),#1459,.F.);
#1479=CARTESIAN_POINT('',(65.530376544,42.476345812,285.69));
#1480=DIRECTION('',(1.,0.,0.));
#1481=DIRECTION('',(0.,0.,-1.));
#1482=AXIS2_PLACEMENT_3D('',#1479,#1480,#1481);
#1483=PLANE('',#1482);
#1484=ORIENTED_EDGE('',*,*,#985,.F.);
#1485=CARTESIAN_POINT('',(65.530376544,19.422315079,290.));
#1486=VERTEX_POINT('',#1485);
#1487=CARTESIAN_POINT('',(65.530376544,19.422315079,290.));
#1488=DIRECTION('',(0.,0.,-1.));
#1489=VECTOR('',#1488,8.62);
#1490=LINE('',#1487,#1489);
#1491=EDGE_CURVE('',#1486,#972,#1490,.T.);
#1492=ORIENTED_EDGE('',*,*,#1491,.F.);
#1493=CARTESIAN_POINT('',(65.530376544,65.460376544,290.));
#1494=DIRECTION('',(0.,-1.,0.));
#1495=VECTOR('',#1494,46.038061465);
#1496=LINE('',#1493,#1495);
#1497=EDGE_CURVE('',#1462,#1486,#1496,.T.);
#1498=ORIENTED_EDGE('',*,*,#1497,.F.);
#1499=ORIENTED_EDGE('',*,*,#1467,.T.);
#1500=EDGE_LOOP('',(#1484,#1492,#1498,#1499));
#1501=FACE_BOUND('',#1500,.T.);
#1502=ADVANCED_FACE('',(#1501),#1483,.F.);
#1503=CARTESIAN_POINT('',(65.530376544,19.422315079,290.));
#1504=DIRECTION('',(-0.,1.,-0.));
#1505=DIRECTION('',(0.,0.,-1.));
#1506=AXIS2_PLACEMENT_3D('',#1503,#1504,#1505);
#1507=PLANE('',#1506);
#1508=ORIENTED_EDGE('',*,*,#1491,.T.);
#1509=ORIENTED_EDGE('',*,*,#977,.T.);
#1510=CARTESIAN_POINT('',(65.600376544,19.422315079,290.));
#1511=VERTEX_POINT('',#1510);
#1512=CARTESIAN_POINT('',(65.600376544,19.422315079,290.));
#1513=DIRECTION('',(0.,0.,-1.));
#1514=VECTOR('',#1513,8.62);
#1515=LINE('',#1512,#1514);
#1516=EDGE_CURVE('',#1511,#964,#1515,.T.);
#1517=ORIENTED_EDGE('',*,*,#1516,.F.);
#1518=CARTESIAN_POINT('',(65.530376544,19.422315079,290.));
#1519=DIRECTION('',(1.,0.,0.));
#1520=VECTOR('',#1519,0.07);
#1521=LINE('',#1518,#1520);
#1522=EDGE_CURVE('',#1486,#1511,#1521,.T.);
#1523=ORIENTED_EDGE('',*,*,#1522,.F.);
#1524=EDGE_LOOP('',(#1508,#1509,#1517,#1523));
#1525=FACE_BOUND('',#1524,.T.);
#1526=ADVANCED_FACE('',(#1525),#1507,.F.);
#1527=CARTESIAN_POINT('',(65.600376544,65.460376544,290.));
#1528=DIRECTION('',(-1.,-0.,-0.));
#1529=DIRECTION('',(0.,0.,-1.));
#1530=AXIS2_PLACEMENT_3D('',#1527,#1528,#1529);
#1531=PLANE('',#1530);
#1532=ORIENTED_EDGE('',*,*,#969,.F.);
#1533=CARTESIAN_POINT('',(65.600376544,19.443084316,281.45));
#1534=VERTEX_POINT('',#1533);
#1535=CARTESIAN_POINT('',(65.600376544,19.443084316,281.45));
#1536=DIRECTION('',(0.,-0.,-1.));
#1537=VECTOR('',#1536,0.07);
#1538=LINE('',#1535,#1537);
#1539=EDGE_CURVE('',#1534,#956,#1538,.T.);
#1540=ORIENTED_EDGE('',*,*,#1539,.F.);
#1541=CARTESIAN_POINT('',(65.600376544,19.443084316,281.45));
#1542=DIRECTION('',(-0.,1.,-0.));
#1543=VECTOR('',#1542,46.087292228);
#1544=LINE('',#1541,#1543);
#1545=EDGE_CURVE('',#1534,#1415,#1544,.T.);
#1546=ORIENTED_EDGE('',*,*,#1545,.T.);
#1547=ORIENTED_EDGE('',*,*,#1420,.F.);
#1548=CARTESIAN_POINT('',(65.600376544,19.443084316,289.93));
#1549=VERTEX_POINT('',#1548);
#1550=CARTESIAN_POINT('',(65.600376544,65.530376544,289.93));
#1551=DIRECTION('',(0.,-1.,0.));
#1552=VECTOR('',#1551,46.087292228);
#1553=LINE('',#1550,#1552);
#1554=EDGE_CURVE('',#1407,#1549,#1553,.T.);
#1555=ORIENTED_EDGE('',*,*,#1554,.T.);
#1556=CARTESIAN_POINT('',(65.600376544,19.443084316,290.));
#1557=VERTEX_POINT('',#1556);
#1558=CARTESIAN_POINT('',(65.600376544,19.443084316,290.));
#1559=DIRECTION('',(0.,-0.,-1.));
#1560=VECTOR('',#1559,0.07);
#1561=LINE('',#1558,#1560);
#1562=EDGE_CURVE('',#1557,#1549,#1561,.T.);
#1563=ORIENTED_EDGE('',*,*,#1562,.F.);
#1564=CARTESIAN_POINT('',(65.600376544,19.422315079,290.));
#1565=DIRECTION('',(-0.,1.,-0.));
#1566=VECTOR('',#1565,0.020769237);
#1567=LINE('',#1564,#1566);
#1568=EDGE_CURVE('',#1511,#1557,#1567,.T.);
#1569=ORIENTED_EDGE('',*,*,#1568,.F.);
#1570=ORIENTED_EDGE('',*,*,#1516,.T.);
#1571=EDGE_LOOP('',(#1532,#1540,#1546,#1547,#1555,#1563,#1569,#1570));
#1572=FACE_BOUND('',#1571,.T.);
#1573=ADVANCED_FACE('',(#1572),#1531,.F.);
#1574=CARTESIAN_POINT('',(68.732756214,68.662756214,281.45));
#1575=DIRECTION('',(-0.997981055,0.06351232,-0.));
#1576=DIRECTION('',(-0.06351232,-0.997981055,-0.));
#1577=AXIS2_PLACEMENT_3D('',#1574,#1575,#1576);
#1578=PLANE('',#1577);
#1579=CARTESIAN_POINT('',(68.732756214,68.662756214,281.45));
#1580=VERTEX_POINT('',#1579);
#1581=CARTESIAN_POINT('',(68.732756214,68.662756214,281.45));
#1582=DIRECTION('',(-0.06351232,-0.997981055,-0.));
#1583=VECTOR('',#1582,49.319244764);
#1584=LINE('',#1581,#1583);
#1585=EDGE_CURVE('',#1580,#1534,#1584,.T.);
#1586=ORIENTED_EDGE('',*,*,#1585,.T.);
#1587=ORIENTED_EDGE('',*,*,#1539,.T.);
#1588=ORIENTED_EDGE('',*,*,#961,.F.);
#1589=CARTESIAN_POINT('',(68.732756214,68.662756214,281.45));
#1590=DIRECTION('',(0.,-0.,-1.));
#1591=VECTOR('',#1590,0.07);
#1592=LINE('',#1589,#1591);
#1593=EDGE_CURVE('',#1580,#948,#1592,.T.);
#1594=ORIENTED_EDGE('',*,*,#1593,.F.);
#1595=EDGE_LOOP('',(#1586,#1587,#1588,#1594));
#1596=FACE_BOUND('',#1595,.T.);
#1597=ADVANCED_FACE('',(#1596),#1578,.F.);
#1598=CARTESIAN_POINT('',(8.423596666,72.646403334,281.45));
#1599=DIRECTION('',(-0.065910136,-0.997825563,-0.));
#1600=DIRECTION('',(0.997825563,-0.065910136,0.));
#1601=AXIS2_PLACEMENT_3D('',#1598,#1599,#1600);
#1602=PLANE('',#1601);
#1603=CARTESIAN_POINT('',(8.423596666,72.646403334,281.45));
#1604=DIRECTION('',(0.997825563,-0.065910136,0.));
#1605=VECTOR('',#1604,60.440583797);
#1606=LINE('',#1603,#1605);
#1607=EDGE_CURVE('',#1111,#1580,#1606,.T.);
#1608=ORIENTED_EDGE('',*,*,#1607,.T.);
#1609=ORIENTED_EDGE('',*,*,#1593,.T.);
#1610=ORIENTED_EDGE('',*,*,#953,.F.);
#1611=ORIENTED_EDGE('',*,*,#1122,.F.);
#1612=EDGE_LOOP('',(#1608,#1609,#1610,#1611));
#1613=FACE_BOUND('',#1612,.T.);
#1614=ADVANCED_FACE('',(#1613),#1602,.F.);
#1615=CARTESIAN_POINT('',(5.900710618,-4.119064603,281.45));
#1616=DIRECTION('',(0.,0.,-1.));
#1617=DIRECTION('',(-0.,1.,-0.));
#1618=AXIS2_PLACEMENT_3D('',#1615,#1616,#1617);
#1619=PLANE('',#1618);
#1620=ORIENTED_EDGE('',*,*,#1083,.F.);
#1621=ORIENTED_EDGE('',*,*,#1051,.F.);
#1622=ORIENTED_EDGE('',*,*,#1338,.F.);
#1623=ORIENTED_EDGE('',*,*,#1362,.F.);
#1624=ORIENTED_EDGE('',*,*,#1426,.F.);
#1625=ORIENTED_EDGE('',*,*,#1545,.F.);
#1626=ORIENTED_EDGE('',*,*,#1585,.F.);
#1627=ORIENTED_EDGE('',*,*,#1607,.F.);
#1628=ORIENTED_EDGE('',*,*,#1116,.F.);
#1629=ORIENTED_EDGE('',*,*,#1097,.F.);
#1630=EDGE_LOOP('',(#1620,#1621,#1622,#1623,#1624,#1625,#1626,#1627,#1628,#1629));
#1631=FACE_BOUND('',#1630,.T.);
#1632=ADVANCED_FACE('',(#1631),#1619,.F.);
#1633=CARTESIAN_POINT('',(4.672432059,-76.397567941,281.45));
#1634=DIRECTION('',(0.998089224,-0.061789172,0.));
#1635=DIRECTION('',(0.061789172,0.998089224,0.));
#1636=AXIS2_PLACEMENT_3D('',#1633,#1634,#1635);
#1637=PLANE('',#1636);
#1638=ORIENTED_EDGE('',*,*,#1171,.T.);
#1639=ORIENTED_EDGE('',*,*,#1155,.T.);
#1640=ORIENTED_EDGE('',*,*,#1301,.F.);
#1641=CARTESIAN_POINT('',(4.672432059,-76.397567941,281.45));
#1642=DIRECTION('',(0.,-0.,-1.));
#1643=VECTOR('',#1642,0.07);
#1644=LINE('',#1641,#1643);
#1645=EDGE_CURVE('',#1166,#1290,#1644,.T.);
#1646=ORIENTED_EDGE('',*,*,#1645,.F.);
#1647=EDGE_LOOP('',(#1638,#1639,#1640,#1646));
#1648=FACE_BOUND('',#1647,.T.);
#1649=ADVANCED_FACE('',(#1648),#1637,.F.);
#1650=CARTESIAN_POINT('',(8.591403334,-72.478596666,281.45));
#1651=DIRECTION('',(-0.058533526,-0.998285443,-0.));
#1652=DIRECTION('',(0.998285443,-0.058533526,0.));
#1653=AXIS2_PLACEMENT_3D('',#1650,#1651,#1652);
#1654=PLANE('',#1653);
#1655=ORIENTED_EDGE('',*,*,#1211,.T.);
#1656=CARTESIAN_POINT('',(76.532243786,-76.462243786,281.45));
#1657=DIRECTION('',(0.,-0.,-1.));
#1658=VECTOR('',#1657,0.07);
#1659=LINE('',#1656,#1658);
#1660=EDGE_CURVE('',#1198,#1242,#1659,.T.);
#1661=ORIENTED_EDGE('',*,*,#1660,.T.);
#1662=ORIENTED_EDGE('',*,*,#1247,.F.);
#1663=ORIENTED_EDGE('',*,*,#1320,.F.);
#1664=EDGE_LOOP('',(#1655,#1661,#1662,#1663));
#1665=FACE_BOUND('',#1664,.T.);
#1666=ADVANCED_FACE('',(#1665),#1654,.F.);
#1667=CARTESIAN_POINT('',(76.532243786,-76.462243786,281.45));
#1668=DIRECTION('',(0.998311527,-0.058086956,0.));
#1669=DIRECTION('',(0.058086956,0.998311527,0.));
#1670=AXIS2_PLACEMENT_3D('',#1667,#1668,#1669);
#1671=PLANE('',#1670);
#1672=ORIENTED_EDGE('',*,*,#1203,.T.);
#1673=CARTESIAN_POINT('',(81.07,1.52590807,281.38));
#1674=DIRECTION('',(-0.,0.,1.));
#1675=VECTOR('',#1674,0.07);
#1676=LINE('',#1673,#1675);
#1677=EDGE_CURVE('',#1250,#1190,#1676,.T.);
#1678=ORIENTED_EDGE('',*,*,#1677,.F.);
#1679=ORIENTED_EDGE('',*,*,#1255,.F.);
#1680=ORIENTED_EDGE('',*,*,#1660,.F.);
#1681=EDGE_LOOP('',(#1672,#1678,#1679,#1680));
#1682=FACE_BOUND('',#1681,.T.);
#1683=ADVANCED_FACE('',(#1682),#1671,.F.);
#1684=CARTESIAN_POINT('',(81.07,-34.110279506,285.69));
#1685=DIRECTION('',(1.,0.,0.));
#1686=DIRECTION('',(0.,0.,-1.));
#1687=AXIS2_PLACEMENT_3D('',#1684,#1685,#1686);
#1688=PLANE('',#1687);
#1689=CARTESIAN_POINT('',(81.07,-69.746467081,289.93));
#1690=VERTEX_POINT('',#1689);
#1691=CARTESIAN_POINT('',(81.07,-69.746467081,289.93));
#1692=DIRECTION('',(0.,0.,-1.));
#1693=VECTOR('',#1692,8.48);
#1694=LINE('',#1691,#1693);
#1695=EDGE_CURVE('',#1690,#1182,#1694,.T.);
#1696=ORIENTED_EDGE('',*,*,#1695,.F.);
#1697=CARTESIAN_POINT('',(81.07,1.52590807,289.93));
#1698=VERTEX_POINT('',#1697);
#1699=CARTESIAN_POINT('',(81.07,-69.746467081,289.93));
#1700=DIRECTION('',(-0.,1.,-0.));
#1701=VECTOR('',#1700,71.272375151);
#1702=LINE('',#1699,#1701);
#1703=EDGE_CURVE('',#1690,#1698,#1702,.T.);
#1704=ORIENTED_EDGE('',*,*,#1703,.T.);
#1705=CARTESIAN_POINT('',(81.07,1.52590807,281.45));
#1706=DIRECTION('',(-0.,0.,1.));
#1707=VECTOR('',#1706,8.48);
#1708=LINE('',#1705,#1707);
#1709=EDGE_CURVE('',#1190,#1698,#1708,.T.);
#1710=ORIENTED_EDGE('',*,*,#1709,.F.);
#1711=ORIENTED_EDGE('',*,*,#1195,.T.);
#1712=EDGE_LOOP('',(#1696,#1704,#1710,#1711));
#1713=FACE_BOUND('',#1712,.T.);
#1714=ADVANCED_FACE('',(#1713),#1688,.F.);
#1715=CARTESIAN_POINT('',(81.07,-69.746467081,281.45));
#1716=DIRECTION('',(-0.998311527,0.058086956,-0.));
#1717=DIRECTION('',(-0.058086956,-0.998311527,-0.));
#1718=AXIS2_PLACEMENT_3D('',#1715,#1716,#1717);
#1719=PLANE('',#1718);
#1720=ORIENTED_EDGE('',*,*,#1187,.T.);
#1721=CARTESIAN_POINT('',(80.451215062,-80.381215062,281.45));
#1722=DIRECTION('',(0.,-0.,-1.));
#1723=VECTOR('',#1722,0.07);
#1724=LINE('',#1721,#1723);
#1725=EDGE_CURVE('',#1174,#1282,#1724,.T.);
#1726=ORIENTED_EDGE('',*,*,#1725,.T.);
#1727=ORIENTED_EDGE('',*,*,#1287,.F.);
#1728=CARTESIAN_POINT('',(81.07,-69.746467081,281.45));
#1729=DIRECTION('',(0.,0.,-1.));
#1730=VECTOR('',#1729,0.07);
#1731=LINE('',#1728,#1730);
#1732=EDGE_CURVE('',#1182,#1274,#1731,.T.);
#1733=ORIENTED_EDGE('',*,*,#1732,.F.);
#1734=EDGE_LOOP('',(#1720,#1726,#1727,#1733));
#1735=FACE_BOUND('',#1734,.T.);
#1736=ADVANCED_FACE('',(#1735),#1719,.F.);
#1737=CARTESIAN_POINT('',(80.451215062,-80.381215062,281.45));
#1738=DIRECTION('',(0.052496937,0.998621085,0.));
#1739=DIRECTION('',(-0.998621085,0.052496937,-0.));
#1740=AXIS2_PLACEMENT_3D('',#1737,#1738,#1739);
#1741=PLANE('',#1740);
#1742=ORIENTED_EDGE('',*,*,#1179,.T.);
#1743=ORIENTED_EDGE('',*,*,#1645,.T.);
#1744=ORIENTED_EDGE('',*,*,#1295,.F.);
#1745=ORIENTED_EDGE('',*,*,#1725,.F.);
#1746=EDGE_LOOP('',(#1742,#1743,#1744,#1745));
#1747=FACE_BOUND('',#1746,.T.);
#1748=ADVANCED_FACE('',(#1747),#1741,.F.);
#1749=CARTESIAN_POINT('',(81.07,-69.746467081,290.));
#1750=DIRECTION('',(-0.,1.,-0.));
#1751=DIRECTION('',(0.,0.,-1.));
#1752=AXIS2_PLACEMENT_3D('',#1749,#1750,#1751);
#1753=PLANE('',#1752);
#1754=CARTESIAN_POINT('',(81.07,-69.746467081,290.));
#1755=VERTEX_POINT('',#1754);
#1756=CARTESIAN_POINT('',(81.07,-69.746467081,290.));
#1757=DIRECTION('',(0.,0.,-1.));
#1758=VECTOR('',#1757,0.07);
#1759=LINE('',#1756,#1758);
#1760=EDGE_CURVE('',#1755,#1690,#1759,.T.);
#1761=ORIENTED_EDGE('',*,*,#1760,.T.);
#1762=ORIENTED_EDGE('',*,*,#1695,.T.);
#1763=ORIENTED_EDGE('',*,*,#1732,.T.);
#1764=ORIENTED_EDGE('',*,*,#1279,.T.);
#1765=CARTESIAN_POINT('',(81.14,-69.746467081,290.));
#1766=VERTEX_POINT('',#1765);
#1767=CARTESIAN_POINT('',(81.14,-69.746467081,290.));
#1768=DIRECTION('',(0.,0.,-1.));
#1769=VECTOR('',#1768,8.62);
#1770=LINE('',#1767,#1769);
#1771=EDGE_CURVE('',#1766,#1266,#1770,.T.);
#1772=ORIENTED_EDGE('',*,*,#1771,.F.);
#1773=CARTESIAN_POINT('',(81.07,-69.746467081,290.));
#1774=DIRECTION('',(1.,0.,0.));
#1775=VECTOR('',#1774,0.07);
#1776=LINE('',#1773,#1775);
#1777=EDGE_CURVE('',#1755,#1766,#1776,.T.);
#1778=ORIENTED_EDGE('',*,*,#1777,.F.);
#1779=EDGE_LOOP('',(#1761,#1762,#1763,#1764,#1772,#1778));
#1780=FACE_BOUND('',#1779,.T.);
#1781=ADVANCED_FACE('',(#1780),#1753,.F.);
#1782=CARTESIAN_POINT('',(81.14,-34.110279506,285.69));
#1783=DIRECTION('',(1.,0.,0.));
#1784=DIRECTION('',(0.,0.,-1.));
#1785=AXIS2_PLACEMENT_3D('',#1782,#1783,#1784);
#1786=PLANE('',#1785);
#1787=CARTESIAN_POINT('',(81.14,1.52590807,290.));
#1788=VERTEX_POINT('',#1787);
#1789=CARTESIAN_POINT('',(81.14,1.52590807,290.));
#1790=DIRECTION('',(0.,-1.,0.));
#1791=VECTOR('',#1790,71.272375151);
#1792=LINE('',#1789,#1791);
#1793=EDGE_CURVE('',#1788,#1766,#1792,.T.);
#1794=ORIENTED_EDGE('',*,*,#1793,.T.);
#1795=ORIENTED_EDGE('',*,*,#1771,.T.);
#1796=ORIENTED_EDGE('',*,*,#1271,.T.);
#1797=CARTESIAN_POINT('',(81.14,1.52590807,281.38));
#1798=DIRECTION('',(-0.,-0.,1.));
#1799=VECTOR('',#1798,8.62);
#1800=LINE('',#1797,#1799);
#1801=EDGE_CURVE('',#1258,#1788,#1800,.T.);
#1802=ORIENTED_EDGE('',*,*,#1801,.T.);
#1803=EDGE_LOOP('',(#1794,#1795,#1796,#1802));
#1804=FACE_BOUND('',#1803,.T.);
#1805=ADVANCED_FACE('',(#1804),#1786,.T.);
#1806=CARTESIAN_POINT('',(81.07,1.52590807,281.38));
#1807=DIRECTION('',(0.,-1.,0.));
#1808=DIRECTION('',(-0.,0.,1.));
#1809=AXIS2_PLACEMENT_3D('',#1806,#1807,#1808);
#1810=PLANE('',#1809);
#1811=ORIENTED_EDGE('',*,*,#1677,.T.);
#1812=ORIENTED_EDGE('',*,*,#1709,.T.);
#1813=CARTESIAN_POINT('',(81.07,1.52590807,290.));
#1814=VERTEX_POINT('',#1813);
#1815=CARTESIAN_POINT('',(81.07,1.52590807,289.93));
#1816=DIRECTION('',(-0.,0.,1.));
#1817=VECTOR('',#1816,0.07);
#1818=LINE('',#1815,#1817);
#1819=EDGE_CURVE('',#1698,#1814,#1818,.T.);
#1820=ORIENTED_EDGE('',*,*,#1819,.T.);
#1821=CARTESIAN_POINT('',(81.07,1.52590807,290.));
#1822=DIRECTION('',(1.,0.,0.));
#1823=VECTOR('',#1822,0.07);
#1824=LINE('',#1821,#1823);
#1825=EDGE_CURVE('',#1814,#1788,#1824,.T.);
#1826=ORIENTED_EDGE('',*,*,#1825,.T.);
#1827=ORIENTED_EDGE('',*,*,#1801,.F.);
#1828=ORIENTED_EDGE('',*,*,#1263,.F.);
#1829=EDGE_LOOP('',(#1811,#1812,#1820,#1826,#1827,#1828));
#1830=FACE_BOUND('',#1829,.T.);
#1831=ADVANCED_FACE('',(#1830),#1810,.F.);
#1832=CARTESIAN_POINT('',(55.673267175,65.460376544,290.));
#1833=DIRECTION('',(0.,0.,-1.));
#1834=DIRECTION('',(1.,0.,0.));
#1835=AXIS2_PLACEMENT_3D('',#1832,#1833,#1834);
#1836=PLANE('',#1835);
#1837=ORIENTED_EDGE('',*,*,#1497,.T.);
#1838=ORIENTED_EDGE('',*,*,#1522,.T.);
#1839=ORIENTED_EDGE('',*,*,#1568,.T.);
#1840=CARTESIAN_POINT('',(71.375702634,-71.305702634,290.));
#1841=VERTEX_POINT('',#1840);
#1842=CARTESIAN_POINT('',(65.600376544,19.443084316,290.));
#1843=DIRECTION('',(0.06351232,-0.997981055,0.));
#1844=VECTOR('',#1843,90.932374457);
#1845=LINE('',#1842,#1844);
#1846=EDGE_CURVE('',#1557,#1841,#1845,.T.);
#1847=ORIENTED_EDGE('',*,*,#1846,.T.);
#1848=CARTESIAN_POINT('',(5.780650245,-75.289349755,290.));
#1849=VERTEX_POINT('',#1848);
#1850=CARTESIAN_POINT('',(71.375702634,-71.305702634,290.));
#1851=DIRECTION('',(-0.998160964,-0.060619222,-0.));
#1852=VECTOR('',#1851,65.715906311);
#1853=LINE('',#1850,#1852);
#1854=EDGE_CURVE('',#1841,#1849,#1853,.T.);
#1855=ORIENTED_EDGE('',*,*,#1854,.T.);
#1856=CARTESIAN_POINT('',(0.07,22.856746587,290.));
#1857=VERTEX_POINT('',#1856);
#1858=CARTESIAN_POINT('',(5.780650245,-75.289349755,290.));
#1859=DIRECTION('',(-0.058086956,0.998311527,-0.));
#1860=VECTOR('',#1859,98.312093627);
#1861=LINE('',#1858,#1860);
#1862=EDGE_CURVE('',#1849,#1857,#1861,.T.);
#1863=ORIENTED_EDGE('',*,*,#1862,.T.);
#1864=CARTESIAN_POINT('',(0.,22.856746587,290.));
#1865=VERTEX_POINT('',#1864);
#1866=CARTESIAN_POINT('',(0.07,22.856746587,290.));
#1867=DIRECTION('',(-1.,-0.,-0.));
#1868=VECTOR('',#1867,0.07);
#1869=LINE('',#1866,#1868);
#1870=EDGE_CURVE('',#1857,#1865,#1869,.T.);
#1871=ORIENTED_EDGE('',*,*,#1870,.T.);
#1872=CARTESIAN_POINT('',(0.,-48.415628564,290.));
#1873=VERTEX_POINT('',#1872);
#1874=CARTESIAN_POINT('',(0.,-48.415628564,290.));
#1875=DIRECTION('',(-0.,1.,-0.));
#1876=VECTOR('',#1875,71.272375151);
#1877=LINE('',#1874,#1876);
#1878=EDGE_CURVE('',#1873,#1865,#1877,.T.);
#1879=ORIENTED_EDGE('',*,*,#1878,.F.);
#1880=CARTESIAN_POINT('',(0.07,-48.415628564,290.));
#1881=VERTEX_POINT('',#1880);
#1882=CARTESIAN_POINT('',(0.07,-48.415628564,290.));
#1883=DIRECTION('',(-1.,-0.,-0.));
#1884=VECTOR('',#1883,0.07);
#1885=LINE('',#1882,#1884);
#1886=EDGE_CURVE('',#1881,#1873,#1885,.T.);
#1887=ORIENTED_EDGE('',*,*,#1886,.F.);
#1888=CARTESIAN_POINT('',(1.86167897,-79.20832103,290.));
#1889=VERTEX_POINT('',#1888);
#1890=CARTESIAN_POINT('',(0.07,-48.415628564,290.));
#1891=DIRECTION('',(0.058086956,-0.998311527,0.));
#1892=VECTOR('',#1891,30.844773023);
#1893=LINE('',#1890,#1892);
#1894=EDGE_CURVE('',#1881,#1889,#1893,.T.);
#1895=ORIENTED_EDGE('',*,*,#1894,.T.);
#1896=CARTESIAN_POINT('',(75.29467391,-75.22467391,290.));
#1897=VERTEX_POINT('',#1896);
#1898=CARTESIAN_POINT('',(1.86167897,-79.20832103,290.));
#1899=DIRECTION('',(0.998531777,0.054169086,0.));
#1900=VECTOR('',#1899,73.540969468);
#1901=LINE('',#1898,#1900);
#1902=EDGE_CURVE('',#1889,#1897,#1901,.T.);
#1903=ORIENTED_EDGE('',*,*,#1902,.T.);
#1904=CARTESIAN_POINT('',(66.386968151,66.316968151,290.));
#1905=VERTEX_POINT('',#1904);
#1906=CARTESIAN_POINT('',(75.29467391,-75.22467391,290.));
#1907=DIRECTION('',(-0.062809205,0.998025553,-0.));
#1908=VECTOR('',#1907,141.821661459);
#1909=LINE('',#1906,#1908);
#1910=EDGE_CURVE('',#1897,#1905,#1909,.T.);
#1911=ORIENTED_EDGE('',*,*,#1910,.T.);
#1912=CARTESIAN_POINT('',(66.386968151,66.316968151,290.));
#1913=DIRECTION('',(-0.997294391,-0.073511204,-0.));
#1914=VECTOR('',#1913,10.700295508);
#1915=LINE('',#1912,#1914);
#1916=EDGE_CURVE('',#1905,#1391,#1915,.T.);
#1917=ORIENTED_EDGE('',*,*,#1916,.T.);
#1918=ORIENTED_EDGE('',*,*,#1396,.F.);
#1919=ORIENTED_EDGE('',*,*,#1448,.F.);
#1920=ORIENTED_EDGE('',*,*,#1473,.T.);
#1921=EDGE_LOOP('',(#1837,#1838,#1839,#1847,#1855,#1863,#1871,#1879,#1887,#1895,#1903,#1911,#1917,#1918,#1919,#1920));
#1922=FACE_BOUND('',#1921,.T.);
#1923=ADVANCED_FACE('',(#1922),#1836,.F.);
#1924=CARTESIAN_POINT('',(66.386968151,66.316968151,290.));
#1925=DIRECTION('',(-0.073511204,0.997294391,-0.));
#1926=DIRECTION('',(-0.997294391,-0.073511204,-0.));
#1927=AXIS2_PLACEMENT_3D('',#1924,#1925,#1926);
#1928=PLANE('',#1927);
#1929=CARTESIAN_POINT('',(66.386968151,66.316968151,289.93));
#1930=VERTEX_POINT('',#1929);
#1931=CARTESIAN_POINT('',(66.386968151,66.316968151,290.));
#1932=DIRECTION('',(0.,-0.,-1.));
#1933=VECTOR('',#1932,0.07);
#1934=LINE('',#1931,#1933);
#1935=EDGE_CURVE('',#1905,#1930,#1934,.T.);
#1936=ORIENTED_EDGE('',*,*,#1935,.T.);
#1937=CARTESIAN_POINT('',(66.386968151,66.316968151,289.93));
#1938=DIRECTION('',(-0.997294391,-0.073511204,-0.));
#1939=VECTOR('',#1938,10.700295508);
#1940=LINE('',#1937,#1939);
#1941=EDGE_CURVE('',#1930,#1399,#1940,.T.);
#1942=ORIENTED_EDGE('',*,*,#1941,.T.);
#1943=ORIENTED_EDGE('',*,*,#1404,.F.);
#1944=ORIENTED_EDGE('',*,*,#1916,.F.);
#1945=EDGE_LOOP('',(#1936,#1942,#1943,#1944));
#1946=FACE_BOUND('',#1945,.T.);
#1947=ADVANCED_FACE('',(#1946),#1928,.T.);
#1948=CARTESIAN_POINT('',(61.125512328,65.744497807,289.93));
#1949=DIRECTION('',(-0.,0.,1.));
#1950=DIRECTION('',(0.,-1.,0.));
#1951=AXIS2_PLACEMENT_3D('',#1948,#1949,#1950);
#1952=PLANE('',#1951);
#1953=CARTESIAN_POINT('',(75.29467391,-75.22467391,289.93));
#1954=VERTEX_POINT('',#1953);
#1955=CARTESIAN_POINT('',(75.29467391,-75.22467391,289.93));
#1956=DIRECTION('',(-0.062809205,0.998025553,-0.));
#1957=VECTOR('',#1956,141.821661459);
#1958=LINE('',#1955,#1957);
#1959=EDGE_CURVE('',#1954,#1930,#1958,.T.);
#1960=ORIENTED_EDGE('',*,*,#1959,.F.);
#1961=CARTESIAN_POINT('',(1.86167897,-79.20832103,289.93));
#1962=VERTEX_POINT('',#1961);
#1963=CARTESIAN_POINT('',(1.86167897,-79.20832103,289.93));
#1964=DIRECTION('',(0.998531777,0.054169086,0.));
#1965=VECTOR('',#1964,73.540969468);
#1966=LINE('',#1963,#1965);
#1967=EDGE_CURVE('',#1962,#1954,#1966,.T.);
#1968=ORIENTED_EDGE('',*,*,#1967,.F.);
#1969=CARTESIAN_POINT('',(0.07,-48.415628564,289.93));
#1970=VERTEX_POINT('',#1969);
#1971=CARTESIAN_POINT('',(0.07,-48.415628564,289.93));
#1972=DIRECTION('',(0.058086956,-0.998311527,0.));
#1973=VECTOR('',#1972,30.844773023);
#1974=LINE('',#1971,#1973);
#1975=EDGE_CURVE('',#1970,#1962,#1974,.T.);
#1976=ORIENTED_EDGE('',*,*,#1975,.F.);
#1977=CARTESIAN_POINT('',(0.07,22.856746587,289.93));
#1978=VERTEX_POINT('',#1977);
#1979=CARTESIAN_POINT('',(0.07,22.856746587,289.93));
#1980=DIRECTION('',(0.,-1.,0.));
#1981=VECTOR('',#1980,71.272375151);
#1982=LINE('',#1979,#1981);
#1983=EDGE_CURVE('',#1978,#1970,#1982,.T.);
#1984=ORIENTED_EDGE('',*,*,#1983,.F.);
#1985=CARTESIAN_POINT('',(5.780650245,-75.289349755,289.93));
#1986=VERTEX_POINT('',#1985);
#1987=CARTESIAN_POINT('',(5.780650245,-75.289349755,289.93));
#1988=DIRECTION('',(-0.058086956,0.998311527,-0.));
#1989=VECTOR('',#1988,98.312093627);
#1990=LINE('',#1987,#1989);
#1991=EDGE_CURVE('',#1986,#1978,#1990,.T.);
#1992=ORIENTED_EDGE('',*,*,#1991,.F.);
#1993=CARTESIAN_POINT('',(71.375702634,-71.305702634,289.93));
#1994=VERTEX_POINT('',#1993);
#1995=CARTESIAN_POINT('',(71.375702634,-71.305702634,289.93));
#1996=DIRECTION('',(-0.998160964,-0.060619222,-0.));
#1997=VECTOR('',#1996,65.715906311);
#1998=LINE('',#1995,#1997);
#1999=EDGE_CURVE('',#1994,#1986,#1998,.T.);
#2000=ORIENTED_EDGE('',*,*,#1999,.F.);
#2001=CARTESIAN_POINT('',(65.600376544,19.443084316,289.93));
#2002=DIRECTION('',(0.06351232,-0.997981055,0.));
#2003=VECTOR('',#2002,90.932374457);
#2004=LINE('',#2001,#2003);
#2005=EDGE_CURVE('',#1549,#1994,#2004,.T.);
#2006=ORIENTED_EDGE('',*,*,#2005,.F.);
#2007=ORIENTED_EDGE('',*,*,#1554,.F.);
#2008=ORIENTED_EDGE('',*,*,#1412,.F.);
#2009=ORIENTED_EDGE('',*,*,#1941,.F.);
#2010=EDGE_LOOP('',(#1960,#1968,#1976,#1984,#1992,#2000,#2006,#2007,#2008,#2009));
#2011=FACE_BOUND('',#2010,.T.);
#2012=ADVANCED_FACE('',(#2011),#1952,.F.);
#2013=CARTESIAN_POINT('',(65.600376544,19.443084316,290.));
#2014=DIRECTION('',(-0.997981055,-0.06351232,-0.));
#2015=DIRECTION('',(0.06351232,-0.997981055,0.));
#2016=AXIS2_PLACEMENT_3D('',#2013,#2014,#2015);
#2017=PLANE('',#2016);
#2018=ORIENTED_EDGE('',*,*,#1562,.T.);
#2019=ORIENTED_EDGE('',*,*,#2005,.T.);
#2020=CARTESIAN_POINT('',(71.375702634,-71.305702634,290.));
#2021=DIRECTION('',(0.,-0.,-1.));
#2022=VECTOR('',#2021,0.07);
#2023=LINE('',#2020,#2022);
#2024=EDGE_CURVE('',#1841,#1994,#2023,.T.);
#2025=ORIENTED_EDGE('',*,*,#2024,.F.);
#2026=ORIENTED_EDGE('',*,*,#1846,.F.);
#2027=EDGE_LOOP('',(#2018,#2019,#2025,#2026));
#2028=FACE_BOUND('',#2027,.T.);
#2029=ADVANCED_FACE('',(#2028),#2017,.T.);
#2030=CARTESIAN_POINT('',(78.386773057,3.847837277,289.93));
#2031=DIRECTION('',(-0.,0.,1.));
#2032=DIRECTION('',(0.,-1.,0.));
#2033=AXIS2_PLACEMENT_3D('',#2030,#2031,#2032);
#2034=PLANE('',#2033);
#2035=CARTESIAN_POINT('',(12.342567941,68.727432059,289.93));
#2036=VERTEX_POINT('',#2035);
#2037=CARTESIAN_POINT('',(72.781079179,72.711079179,289.93));
#2038=VERTEX_POINT('',#2037);
#2039=CARTESIAN_POINT('',(12.342567941,68.727432059,289.93));
#2040=DIRECTION('',(0.99783483,0.065769685,0.));
#2041=VECTOR('',#2040,60.56965482);
#2042=LINE('',#2039,#2041);
#2043=EDGE_CURVE('',#2036,#2038,#2042,.T.);
#2044=ORIENTED_EDGE('',*,*,#2043,.F.);
#2045=CARTESIAN_POINT('',(15.539623456,18.491496425,289.93));
#2046=VERTEX_POINT('',#2045);
#2047=CARTESIAN_POINT('',(15.539623456,18.491496425,289.93));
#2048=DIRECTION('',(-0.06351232,0.997981055,-0.));
#2049=VECTOR('',#2048,50.337564432);
#2050=LINE('',#2047,#2049);
#2051=EDGE_CURVE('',#2046,#2036,#2050,.T.);
#2052=ORIENTED_EDGE('',*,*,#2051,.F.);
#2053=CARTESIAN_POINT('',(15.539623456,18.471743681,289.93));
#2054=VERTEX_POINT('',#2053);
#2055=CARTESIAN_POINT('',(15.539623456,18.471743681,289.93));
#2056=DIRECTION('',(-0.,1.,-0.));
#2057=VECTOR('',#2056,0.019752744);
#2058=LINE('',#2055,#2057);
#2059=EDGE_CURVE('',#2054,#2046,#2058,.T.);
#2060=ORIENTED_EDGE('',*,*,#2059,.F.);
#2061=CARTESIAN_POINT('',(15.539623456,-39.127225635,289.93));
#2062=VERTEX_POINT('',#2061);
#2063=CARTESIAN_POINT('',(15.539623456,-39.127225635,289.93));
#2064=DIRECTION('',(-0.,1.,-0.));
#2065=VECTOR('',#2064,57.598969316);
#2066=LINE('',#2063,#2065);
#2067=EDGE_CURVE('',#2062,#2054,#2066,.T.);
#2068=ORIENTED_EDGE('',*,*,#2067,.F.);
#2069=CARTESIAN_POINT('',(15.539623456,-39.169066302,289.93));
#2070=VERTEX_POINT('',#2069);
#2071=CARTESIAN_POINT('',(15.539623456,-39.169066302,289.93));
#2072=DIRECTION('',(-0.,1.,-0.));
#2073=VECTOR('',#2072,0.041840667);
#2074=LINE('',#2071,#2073);
#2075=EDGE_CURVE('',#2070,#2062,#2074,.T.);
#2076=ORIENTED_EDGE('',*,*,#2075,.F.);
#2077=CARTESIAN_POINT('',(8.423596666,72.646403334,289.93));
#2078=VERTEX_POINT('',#2077);
#2079=CARTESIAN_POINT('',(8.423596666,72.646403334,289.93));
#2080=DIRECTION('',(0.06351232,-0.997981055,0.));
#2081=VECTOR('',#2080,112.041675671);
#2082=LINE('',#2079,#2081);
#2083=EDGE_CURVE('',#2078,#2070,#2082,.T.);
#2084=ORIENTED_EDGE('',*,*,#2083,.F.);
#2085=CARTESIAN_POINT('',(76.700050454,76.630050454,289.93));
#2086=VERTEX_POINT('',#2085);
#2087=CARTESIAN_POINT('',(76.700050454,76.630050454,289.93));
#2088=DIRECTION('',(-0.998302215,-0.058246782,-0.));
#2089=VECTOR('',#2088,68.392569672);
#2090=LINE('',#2087,#2089);
#2091=EDGE_CURVE('',#2086,#2078,#2090,.T.);
#2092=ORIENTED_EDGE('',*,*,#2091,.F.);
#2093=CARTESIAN_POINT('',(81.07,1.52590807,289.93));
#2094=DIRECTION('',(-0.058086956,0.998311527,-0.));
#2095=VECTOR('',#2094,75.231168157);
#2096=LINE('',#2093,#2095);
#2097=EDGE_CURVE('',#1698,#2086,#2096,.T.);
#2098=ORIENTED_EDGE('',*,*,#2097,.F.);
#2099=ORIENTED_EDGE('',*,*,#1703,.F.);
#2100=CARTESIAN_POINT('',(72.781079179,72.711079179,289.93));
#2101=DIRECTION('',(0.058086956,-0.998311527,0.));
#2102=VECTOR('',#2101,142.698488762);
#2103=LINE('',#2100,#2102);
#2104=EDGE_CURVE('',#2038,#1690,#2103,.T.);
#2105=ORIENTED_EDGE('',*,*,#2104,.F.);
#2106=EDGE_LOOP('',(#2044,#2052,#2060,#2068,#2076,#2084,#2092,#2098,#2099,#2105));
#2107=FACE_BOUND('',#2106,.T.);
#2108=ADVANCED_FACE('',(#2107),#2034,.F.);
#2109=CARTESIAN_POINT('',(81.07,1.52590807,290.));
#2110=DIRECTION('',(0.,0.,-1.));
#2111=DIRECTION('',(0.,-1.,0.));
#2112=AXIS2_PLACEMENT_3D('',#2109,#2110,#2111);
#2113=PLANE('',#2112);
#2114=CARTESIAN_POINT('',(76.700050454,76.630050454,290.));
#2115=VERTEX_POINT('',#2114);
#2116=CARTESIAN_POINT('',(81.07,1.52590807,290.));
#2117=DIRECTION('',(-0.058086956,0.998311527,-0.));
#2118=VECTOR('',#2117,75.231168157);
#2119=LINE('',#2116,#2118);
#2120=EDGE_CURVE('',#1814,#2115,#2119,.T.);
#2121=ORIENTED_EDGE('',*,*,#2120,.T.);
#2122=CARTESIAN_POINT('',(8.423596666,72.646403334,290.));
#2123=VERTEX_POINT('',#2122);
#2124=CARTESIAN_POINT('',(76.700050454,76.630050454,290.));
#2125=DIRECTION('',(-0.998302215,-0.058246782,-0.));
#2126=VECTOR('',#2125,68.392569672);
#2127=LINE('',#2124,#2126);
#2128=EDGE_CURVE('',#2115,#2123,#2127,.T.);
#2129=ORIENTED_EDGE('',*,*,#2128,.T.);
#2130=CARTESIAN_POINT('',(15.539623456,-39.169066302,290.));
#2131=VERTEX_POINT('',#2130);
#2132=CARTESIAN_POINT('',(8.423596666,72.646403334,290.));
#2133=DIRECTION('',(0.06351232,-0.997981055,0.));
#2134=VECTOR('',#2133,112.041675671);
#2135=LINE('',#2132,#2134);
#2136=EDGE_CURVE('',#2123,#2131,#2135,.T.);
#2137=ORIENTED_EDGE('',*,*,#2136,.T.);
#2138=CARTESIAN_POINT('',(15.539623456,-39.127225635,290.));
#2139=VERTEX_POINT('',#2138);
#2140=CARTESIAN_POINT('',(15.539623456,-39.169066302,290.));
#2141=DIRECTION('',(-0.,1.,-0.));
#2142=VECTOR('',#2141,0.041840667);
#2143=LINE('',#2140,#2142);
#2144=EDGE_CURVE('',#2131,#2139,#2143,.T.);
#2145=ORIENTED_EDGE('',*,*,#2144,.T.);
#2146=CARTESIAN_POINT('',(15.609623456,-39.127225635,290.));
#2147=VERTEX_POINT('',#2146);
#2148=CARTESIAN_POINT('',(15.609623456,-39.127225635,290.));
#2149=DIRECTION('',(-1.,-0.,-0.));
#2150=VECTOR('',#2149,0.07);
#2151=LINE('',#2148,#2150);
#2152=EDGE_CURVE('',#2147,#2139,#2151,.T.);
#2153=ORIENTED_EDGE('',*,*,#2152,.F.);
#2154=CARTESIAN_POINT('',(15.609623456,18.471743681,290.));
#2155=VERTEX_POINT('',#2154);
#2156=CARTESIAN_POINT('',(15.609623456,-39.127225635,290.));
#2157=DIRECTION('',(-0.,1.,-0.));
#2158=VECTOR('',#2157,57.598969316);
#2159=LINE('',#2156,#2158);
#2160=EDGE_CURVE('',#2147,#2155,#2159,.T.);
#2161=ORIENTED_EDGE('',*,*,#2160,.T.);
#2162=CARTESIAN_POINT('',(15.539623456,18.471743681,290.));
#2163=VERTEX_POINT('',#2162);
#2164=CARTESIAN_POINT('',(15.609623456,18.471743681,290.));
#2165=DIRECTION('',(-1.,-0.,-0.));
#2166=VECTOR('',#2165,0.07);
#2167=LINE('',#2164,#2166);
#2168=EDGE_CURVE('',#2155,#2163,#2167,.T.);
#2169=ORIENTED_EDGE('',*,*,#2168,.T.);
#2170=CARTESIAN_POINT('',(15.539623456,18.491496425,290.));
#2171=VERTEX_POINT('',#2170);
#2172=CARTESIAN_POINT('',(15.539623456,18.471743681,290.));
#2173=DIRECTION('',(-0.,1.,-0.));
#2174=VECTOR('',#2173,0.019752744);
#2175=LINE('',#2172,#2174);
#2176=EDGE_CURVE('',#2163,#2171,#2175,.T.);
#2177=ORIENTED_EDGE('',*,*,#2176,.T.);
#2178=CARTESIAN_POINT('',(12.342567941,68.727432059,290.));
#2179=VERTEX_POINT('',#2178);
#2180=CARTESIAN_POINT('',(15.539623456,18.491496425,290.));
#2181=DIRECTION('',(-0.06351232,0.997981055,-0.));
#2182=VECTOR('',#2181,50.337564432);
#2183=LINE('',#2180,#2182);
#2184=EDGE_CURVE('',#2171,#2179,#2183,.T.);
#2185=ORIENTED_EDGE('',*,*,#2184,.T.);
#2186=CARTESIAN_POINT('',(72.781079179,72.711079179,290.));
#2187=VERTEX_POINT('',#2186);
#2188=CARTESIAN_POINT('',(12.342567941,68.727432059,290.));
#2189=DIRECTION('',(0.99783483,0.065769685,0.));
#2190=VECTOR('',#2189,60.56965482);
#2191=LINE('',#2188,#2190);
#2192=EDGE_CURVE('',#2179,#2187,#2191,.T.);
#2193=ORIENTED_EDGE('',*,*,#2192,.T.);
#2194=CARTESIAN_POINT('',(72.781079179,72.711079179,290.));
#2195=DIRECTION('',(0.058086956,-0.998311527,0.));
#2196=VECTOR('',#2195,142.698488762);
#2197=LINE('',#2194,#2196);
#2198=EDGE_CURVE('',#2187,#1755,#2197,.T.);
#2199=ORIENTED_EDGE('',*,*,#2198,.T.);
#2200=ORIENTED_EDGE('',*,*,#1777,.T.);
#2201=ORIENTED_EDGE('',*,*,#1793,.F.);
#2202=ORIENTED_EDGE('',*,*,#1825,.F.);
#2203=EDGE_LOOP('',(#2121,#2129,#2137,#2145,#2153,#2161,#2169,#2177,#2185,#2193,#2199,#2200,#2201,#2202));
#2204=FACE_BOUND('',#2203,.T.);
#2205=ADVANCED_FACE('',(#2204),#2113,.F.);
#2206=CARTESIAN_POINT('',(72.781079179,72.711079179,290.));
#2207=DIRECTION('',(-0.998311527,-0.058086956,-0.));
#2208=DIRECTION('',(0.058086956,-0.998311527,0.));
#2209=AXIS2_PLACEMENT_3D('',#2206,#2207,#2208);
#2210=PLANE('',#2209);
#2211=CARTESIAN_POINT('',(72.781079179,72.711079179,290.));
#2212=DIRECTION('',(0.,-0.,-1.));
#2213=VECTOR('',#2212,0.07);
#2214=LINE('',#2211,#2213);
#2215=EDGE_CURVE('',#2187,#2038,#2214,.T.);
#2216=ORIENTED_EDGE('',*,*,#2215,.T.);
#2217=ORIENTED_EDGE('',*,*,#2104,.T.);
#2218=ORIENTED_EDGE('',*,*,#1760,.F.);
#2219=ORIENTED_EDGE('',*,*,#2198,.F.);
#2220=EDGE_LOOP('',(#2216,#2217,#2218,#2219));
#2221=FACE_BOUND('',#2220,.T.);
#2222=ADVANCED_FACE('',(#2221),#2210,.T.);
#2223=CARTESIAN_POINT('',(81.07,1.52590807,290.));
#2224=DIRECTION('',(0.998311527,0.058086956,0.));
#2225=DIRECTION('',(-0.058086956,0.998311527,-0.));
#2226=AXIS2_PLACEMENT_3D('',#2223,#2224,#2225);
#2227=PLANE('',#2226);
#2228=ORIENTED_EDGE('',*,*,#1819,.F.);
#2229=ORIENTED_EDGE('',*,*,#2097,.T.);
#2230=CARTESIAN_POINT('',(76.700050454,76.630050454,290.));
#2231=DIRECTION('',(0.,-0.,-1.));
#2232=VECTOR('',#2231,0.07);
#2233=LINE('',#2230,#2232);
#2234=EDGE_CURVE('',#2115,#2086,#2233,.T.);
#2235=ORIENTED_EDGE('',*,*,#2234,.F.);
#2236=ORIENTED_EDGE('',*,*,#2120,.F.);
#2237=EDGE_LOOP('',(#2228,#2229,#2235,#2236));
#2238=FACE_BOUND('',#2237,.T.);
#2239=ADVANCED_FACE('',(#2238),#2227,.T.);
#2240=CARTESIAN_POINT('',(75.29467391,-75.22467391,290.));
#2241=DIRECTION('',(0.998025553,0.062809205,0.));
#2242=DIRECTION('',(-0.062809205,0.998025553,-0.));
#2243=AXIS2_PLACEMENT_3D('',#2240,#2241,#2242);
#2244=PLANE('',#2243);
#2245=CARTESIAN_POINT('',(75.29467391,-75.22467391,290.));
#2246=DIRECTION('',(0.,-0.,-1.));
#2247=VECTOR('',#2246,0.07);
#2248=LINE('',#2245,#2247);
#2249=EDGE_CURVE('',#1897,#1954,#2248,.T.);
#2250=ORIENTED_EDGE('',*,*,#2249,.T.);
#2251=ORIENTED_EDGE('',*,*,#1959,.T.);
#2252=ORIENTED_EDGE('',*,*,#1935,.F.);
#2253=ORIENTED_EDGE('',*,*,#1910,.F.);
#2254=EDGE_LOOP('',(#2250,#2251,#2252,#2253));
#2255=FACE_BOUND('',#2254,.T.);
#2256=ADVANCED_FACE('',(#2255),#2244,.T.);
#2257=CARTESIAN_POINT('',(1.86167897,-79.20832103,290.));
#2258=DIRECTION('',(0.054169086,-0.998531777,0.));
#2259=DIRECTION('',(0.998531777,0.054169086,0.));
#2260=AXIS2_PLACEMENT_3D('',#2257,#2258,#2259);
#2261=PLANE('',#2260);
#2262=CARTESIAN_POINT('',(1.86167897,-79.20832103,290.));
#2263=DIRECTION('',(0.,-0.,-1.));
#2264=VECTOR('',#2263,0.07);
#2265=LINE('',#2262,#2264);
#2266=EDGE_CURVE('',#1889,#1962,#2265,.T.);
#2267=ORIENTED_EDGE('',*,*,#2266,.T.);
#2268=ORIENTED_EDGE('',*,*,#1967,.T.);
#2269=ORIENTED_EDGE('',*,*,#2249,.F.);
#2270=ORIENTED_EDGE('',*,*,#1902,.F.);
#2271=EDGE_LOOP('',(#2267,#2268,#2269,#2270));
#2272=FACE_BOUND('',#2271,.T.);
#2273=ADVANCED_FACE('',(#2272),#2261,.T.);
#2274=CARTESIAN_POINT('',(0.07,-48.415628564,290.));
#2275=DIRECTION('',(-0.998311527,-0.058086956,-0.));
#2276=DIRECTION('',(0.058086956,-0.998311527,0.));
#2277=AXIS2_PLACEMENT_3D('',#2274,#2275,#2276);
#2278=PLANE('',#2277);
#2279=CARTESIAN_POINT('',(0.07,-48.415628564,289.93));
#2280=DIRECTION('',(-0.,0.,1.));
#2281=VECTOR('',#2280,0.07);
#2282=LINE('',#2279,#2281);
#2283=EDGE_CURVE('',#1970,#1881,#2282,.T.);
#2284=ORIENTED_EDGE('',*,*,#2283,.F.);
#2285=ORIENTED_EDGE('',*,*,#1975,.T.);
#2286=ORIENTED_EDGE('',*,*,#2266,.F.);
#2287=ORIENTED_EDGE('',*,*,#1894,.F.);
#2288=EDGE_LOOP('',(#2284,#2285,#2286,#2287));
#2289=FACE_BOUND('',#2288,.T.);
#2290=ADVANCED_FACE('',(#2289),#2278,.T.);
#2291=CARTESIAN_POINT('',(0.07,-48.415628564,281.38));
#2292=DIRECTION('',(-0.,1.,-0.));
#2293=DIRECTION('',(-0.,0.,1.));
#2294=AXIS2_PLACEMENT_3D('',#2291,#2292,#2293);
#2295=PLANE('',#2294);
#2296=CARTESIAN_POINT('',(0.07,-48.415628564,281.38));
#2297=VERTEX_POINT('',#2296);
#2298=CARTESIAN_POINT('',(0.07,-48.415628564,281.45));
#2299=VERTEX_POINT('',#2298);
#2300=CARTESIAN_POINT('',(0.07,-48.415628564,281.38));
#2301=DIRECTION('',(-0.,0.,1.));
#2302=VECTOR('',#2301,0.07);
#2303=LINE('',#2300,#2302);
#2304=EDGE_CURVE('',#2297,#2299,#2303,.T.);
#2305=ORIENTED_EDGE('',*,*,#2304,.T.);
#2306=CARTESIAN_POINT('',(0.07,-48.415628564,281.45));
#2307=DIRECTION('',(-0.,0.,1.));
#2308=VECTOR('',#2307,8.48);
#2309=LINE('',#2306,#2308);
#2310=EDGE_CURVE('',#2299,#1970,#2309,.T.);
#2311=ORIENTED_EDGE('',*,*,#2310,.T.);
#2312=ORIENTED_EDGE('',*,*,#2283,.T.);
#2313=ORIENTED_EDGE('',*,*,#1886,.T.);
#2314=CARTESIAN_POINT('',(0.,-48.415628564,281.38));
#2315=VERTEX_POINT('',#2314);
#2316=CARTESIAN_POINT('',(0.,-48.415628564,281.38));
#2317=DIRECTION('',(-0.,0.,1.));
#2318=VECTOR('',#2317,8.62);
#2319=LINE('',#2316,#2318);
#2320=EDGE_CURVE('',#2315,#1873,#2319,.T.);
#2321=ORIENTED_EDGE('',*,*,#2320,.F.);
#2322=CARTESIAN_POINT('',(0.07,-48.415628564,281.38));
#2323=DIRECTION('',(-1.,-0.,-0.));
#2324=VECTOR('',#2323,0.07);
#2325=LINE('',#2322,#2324);
#2326=EDGE_CURVE('',#2297,#2315,#2325,.T.);
#2327=ORIENTED_EDGE('',*,*,#2326,.F.);
#2328=EDGE_LOOP('',(#2305,#2311,#2312,#2313,#2321,#2327));
#2329=FACE_BOUND('',#2328,.T.);
#2330=ADVANCED_FACE('',(#2329),#2295,.F.);
#2331=CARTESIAN_POINT('',(0.,-12.779440988,285.69));
#2332=DIRECTION('',(-1.,-0.,-0.));
#2333=DIRECTION('',(-0.,0.,1.));
#2334=AXIS2_PLACEMENT_3D('',#2331,#2332,#2333);
#2335=PLANE('',#2334);
#2336=ORIENTED_EDGE('',*,*,#1878,.T.);
#2337=CARTESIAN_POINT('',(0.,22.856746587,281.38));
#2338=VERTEX_POINT('',#2337);
#2339=CARTESIAN_POINT('',(-0.,22.856746587,290.));
#2340=DIRECTION('',(0.,-0.,-1.));
#2341=VECTOR('',#2340,8.62);
#2342=LINE('',#2339,#2341);
#2343=EDGE_CURVE('',#1865,#2338,#2342,.T.);
#2344=ORIENTED_EDGE('',*,*,#2343,.T.);
#2345=CARTESIAN_POINT('',(-0.,22.856746587,281.38));
#2346=DIRECTION('',(0.,-1.,0.));
#2347=VECTOR('',#2346,71.272375151);
#2348=LINE('',#2345,#2347);
#2349=EDGE_CURVE('',#2338,#2315,#2348,.T.);
#2350=ORIENTED_EDGE('',*,*,#2349,.T.);
#2351=ORIENTED_EDGE('',*,*,#2320,.T.);
#2352=EDGE_LOOP('',(#2336,#2344,#2350,#2351));
#2353=FACE_BOUND('',#2352,.T.);
#2354=ADVANCED_FACE('',(#2353),#2335,.T.);
#2355=CARTESIAN_POINT('',(0.07,22.856746587,290.));
#2356=DIRECTION('',(0.,-1.,0.));
#2357=DIRECTION('',(0.,0.,-1.));
#2358=AXIS2_PLACEMENT_3D('',#2355,#2356,#2357);
#2359=PLANE('',#2358);
#2360=CARTESIAN_POINT('',(0.07,22.856746587,290.));
#2361=DIRECTION('',(0.,0.,-1.));
#2362=VECTOR('',#2361,0.07);
#2363=LINE('',#2360,#2362);
#2364=EDGE_CURVE('',#1857,#1978,#2363,.T.);
#2365=ORIENTED_EDGE('',*,*,#2364,.T.);
#2366=CARTESIAN_POINT('',(0.07,22.856746587,281.45));
#2367=VERTEX_POINT('',#2366);
#2368=CARTESIAN_POINT('',(0.07,22.856746587,289.93));
#2369=DIRECTION('',(0.,0.,-1.));
#2370=VECTOR('',#2369,8.48);
#2371=LINE('',#2368,#2370);
#2372=EDGE_CURVE('',#1978,#2367,#2371,.T.);
#2373=ORIENTED_EDGE('',*,*,#2372,.T.);
#2374=CARTESIAN_POINT('',(0.07,22.856746587,281.38));
#2375=VERTEX_POINT('',#2374);
#2376=CARTESIAN_POINT('',(0.07,22.856746587,281.45));
#2377=DIRECTION('',(0.,0.,-1.));
#2378=VECTOR('',#2377,0.07);
#2379=LINE('',#2376,#2378);
#2380=EDGE_CURVE('',#2367,#2375,#2379,.T.);
#2381=ORIENTED_EDGE('',*,*,#2380,.T.);
#2382=CARTESIAN_POINT('',(0.07,22.856746587,281.38));
#2383=DIRECTION('',(-1.,-0.,-0.));
#2384=VECTOR('',#2383,0.07);
#2385=LINE('',#2382,#2384);
#2386=EDGE_CURVE('',#2375,#2338,#2385,.T.);
#2387=ORIENTED_EDGE('',*,*,#2386,.T.);
#2388=ORIENTED_EDGE('',*,*,#2343,.F.);
#2389=ORIENTED_EDGE('',*,*,#1870,.F.);
#2390=EDGE_LOOP('',(#2365,#2373,#2381,#2387,#2388,#2389));
#2391=FACE_BOUND('',#2390,.T.);
#2392=ADVANCED_FACE('',(#2391),#2359,.F.);
#2393=CARTESIAN_POINT('',(5.780650245,-75.289349755,290.));
#2394=DIRECTION('',(0.998311527,0.058086956,0.));
#2395=DIRECTION('',(-0.058086956,0.998311527,-0.));
#2396=AXIS2_PLACEMENT_3D('',#2393,#2394,#2395);
#2397=PLANE('',#2396);
#2398=CARTESIAN_POINT('',(5.780650245,-75.289349755,290.));
#2399=DIRECTION('',(0.,-0.,-1.));
#2400=VECTOR('',#2399,0.07);
#2401=LINE('',#2398,#2400);
#2402=EDGE_CURVE('',#1849,#1986,#2401,.T.);
#2403=ORIENTED_EDGE('',*,*,#2402,.T.);
#2404=ORIENTED_EDGE('',*,*,#1991,.T.);
#2405=ORIENTED_EDGE('',*,*,#2364,.F.);
#2406=ORIENTED_EDGE('',*,*,#1862,.F.);
#2407=EDGE_LOOP('',(#2403,#2404,#2405,#2406));
#2408=FACE_BOUND('',#2407,.T.);
#2409=ADVANCED_FACE('',(#2408),#2397,.T.);
#2410=CARTESIAN_POINT('',(71.375702634,-71.305702634,290.));
#2411=DIRECTION('',(-0.060619222,0.998160964,-0.));
#2412=DIRECTION('',(-0.998160964,-0.060619222,-0.));
#2413=AXIS2_PLACEMENT_3D('',#2410,#2411,#2412);
#2414=PLANE('',#2413);
#2415=ORIENTED_EDGE('',*,*,#2024,.T.);
#2416=ORIENTED_EDGE('',*,*,#1999,.T.);
#2417=ORIENTED_EDGE('',*,*,#2402,.F.);
#2418=ORIENTED_EDGE('',*,*,#1854,.F.);
#2419=EDGE_LOOP('',(#2415,#2416,#2417,#2418));
#2420=FACE_BOUND('',#2419,.T.);
#2421=ADVANCED_FACE('',(#2420),#2414,.T.);
#2422=CARTESIAN_POINT('',(0.07,-12.779440988,285.69));
#2423=DIRECTION('',(-1.,-0.,-0.));
#2424=DIRECTION('',(-0.,0.,1.));
#2425=AXIS2_PLACEMENT_3D('',#2422,#2423,#2424);
#2426=PLANE('',#2425);
#2427=ORIENTED_EDGE('',*,*,#2372,.F.);
#2428=ORIENTED_EDGE('',*,*,#1983,.T.);
#2429=ORIENTED_EDGE('',*,*,#2310,.F.);
#2430=CARTESIAN_POINT('',(0.07,-48.415628564,281.45));
#2431=DIRECTION('',(-0.,1.,-0.));
#2432=VECTOR('',#2431,71.272375151);
#2433=LINE('',#2430,#2432);
#2434=EDGE_CURVE('',#2299,#2367,#2433,.T.);
#2435=ORIENTED_EDGE('',*,*,#2434,.T.);
#2436=EDGE_LOOP('',(#2427,#2428,#2429,#2435));
#2437=FACE_BOUND('',#2436,.T.);
#2438=ADVANCED_FACE('',(#2437),#2426,.F.);
#2439=CARTESIAN_POINT('',(76.700050454,76.630050454,290.));
#2440=DIRECTION('',(-0.058246782,0.998302215,-0.));
#2441=DIRECTION('',(-0.998302215,-0.058246782,-0.));
#2442=AXIS2_PLACEMENT_3D('',#2439,#2440,#2441);
#2443=PLANE('',#2442);
#2444=ORIENTED_EDGE('',*,*,#2234,.T.);
#2445=ORIENTED_EDGE('',*,*,#2091,.T.);
#2446=CARTESIAN_POINT('',(8.423596666,72.646403334,290.));
#2447=DIRECTION('',(0.,-0.,-1.));
#2448=VECTOR('',#2447,0.07);
#2449=LINE('',#2446,#2448);
#2450=EDGE_CURVE('',#2123,#2078,#2449,.T.);
#2451=ORIENTED_EDGE('',*,*,#2450,.F.);
#2452=ORIENTED_EDGE('',*,*,#2128,.F.);
#2453=EDGE_LOOP('',(#2444,#2445,#2451,#2452));
#2454=FACE_BOUND('',#2453,.T.);
#2455=ADVANCED_FACE('',(#2454),#2443,.T.);
#2456=CARTESIAN_POINT('',(12.342567941,68.727432059,290.));
#2457=DIRECTION('',(0.065769685,-0.99783483,0.));
#2458=DIRECTION('',(0.99783483,0.065769685,0.));
#2459=AXIS2_PLACEMENT_3D('',#2456,#2457,#2458);
#2460=PLANE('',#2459);
#2461=CARTESIAN_POINT('',(12.342567941,68.727432059,290.));
#2462=DIRECTION('',(0.,-0.,-1.));
#2463=VECTOR('',#2462,0.07);
#2464=LINE('',#2461,#2463);
#2465=EDGE_CURVE('',#2179,#2036,#2464,.T.);
#2466=ORIENTED_EDGE('',*,*,#2465,.T.);
#2467=ORIENTED_EDGE('',*,*,#2043,.T.);
#2468=ORIENTED_EDGE('',*,*,#2215,.F.);
#2469=ORIENTED_EDGE('',*,*,#2192,.F.);
#2470=EDGE_LOOP('',(#2466,#2467,#2468,#2469));
#2471=FACE_BOUND('',#2470,.T.);
#2472=ADVANCED_FACE('',(#2471),#2460,.T.);
#2473=CARTESIAN_POINT('',(6.320748015,75.813583433,281.38));
#2474=DIRECTION('',(0.,0.,-1.));
#2475=DIRECTION('',(-0.,1.,-0.));
#2476=AXIS2_PLACEMENT_3D('',#2473,#2474,#2475);
#2477=PLANE('',#2476);
#2478=CARTESIAN_POINT('',(3.271481662,73.900904224,281.38));
#2479=VERTEX_POINT('',#2478);
#2480=CARTESIAN_POINT('',(3.271481662,77.802719431,281.38));
#2481=VERTEX_POINT('',#2480);
#2482=CARTESIAN_POINT('',(3.271481662,73.900904224,281.38));
#2483=DIRECTION('',(0.,1.,0.));
#2484=VECTOR('',#2483,3.901815207);
#2485=LINE('',#2482,#2484);
#2486=EDGE_CURVE('',#2479,#2481,#2485,.T.);
#2487=ORIENTED_EDGE('',*,*,#2486,.F.);
#2488=CARTESIAN_POINT('',(7.190452937,73.900904224,281.38));
#2489=VERTEX_POINT('',#2488);
#2490=CARTESIAN_POINT('',(7.190452937,73.900904224,281.38));
#2491=DIRECTION('',(-1.,0.,0.));
#2492=VECTOR('',#2491,3.918971275);
#2493=LINE('',#2490,#2492);
#2494=EDGE_CURVE('',#2489,#2479,#2493,.T.);
#2495=ORIENTED_EDGE('',*,*,#2494,.F.);
#2496=CARTESIAN_POINT('',(7.190452937,76.049502713,281.38));
#2497=VERTEX_POINT('',#2496);
#2498=CARTESIAN_POINT('',(7.190452937,76.049502713,281.38));
#2499=DIRECTION('',(0.,-1.,0.));
#2500=VECTOR('',#2499,2.148598489);
#2501=LINE('',#2498,#2500);
#2502=EDGE_CURVE('',#2497,#2489,#2501,.T.);
#2503=ORIENTED_EDGE('',*,*,#2502,.F.);
#2504=CARTESIAN_POINT('',(9.337957966,73.762391516,281.38));
#2505=VERTEX_POINT('',#2504);
#2506=CARTESIAN_POINT('',(7.190452937,76.049502713,281.38));
#2507=DIRECTION('',(0.684507243,-0.72900606,0.));
#2508=VECTOR('',#2507,3.137300668);
#2509=LINE('',#2506,#2508);
#2510=EDGE_CURVE('',#2497,#2505,#2509,.T.);
#2511=ORIENTED_EDGE('',*,*,#2510,.T.);
#2512=CARTESIAN_POINT('',(7.18602679,73.88397321,281.38));
#2513=VERTEX_POINT('',#2512);
#2514=CARTESIAN_POINT('',(9.337957966,73.762391516,281.38));
#2515=DIRECTION('',(-0.998407749,0.056408917,-0.));
#2516=VECTOR('',#2515,2.155363055);
#2517=LINE('',#2514,#2516);
#2518=EDGE_CURVE('',#2505,#2513,#2517,.T.);
#2519=ORIENTED_EDGE('',*,*,#2518,.T.);
#2520=CARTESIAN_POINT('',(7.18602679,73.88397321,281.38));
#2521=DIRECTION('',(-0.058086956,-0.998311527,-0.));
#2522=VECTOR('',#2521,122.506450571);
#2523=LINE('',#2520,#2522);
#2524=EDGE_CURVE('',#2513,#2297,#2523,.T.);
#2525=ORIENTED_EDGE('',*,*,#2524,.T.);
#2526=ORIENTED_EDGE('',*,*,#2326,.T.);
#2527=ORIENTED_EDGE('',*,*,#2349,.F.);
#2528=ORIENTED_EDGE('',*,*,#2386,.F.);
#2529=CARTESIAN_POINT('',(3.267055514,77.802944486,281.38));
#2530=VERTEX_POINT('',#2529);
#2531=CARTESIAN_POINT('',(0.07,22.856746587,281.38));
#2532=DIRECTION('',(0.058086956,0.998311527,0.));
#2533=VECTOR('',#2532,55.039129967);
#2534=LINE('',#2531,#2533);
#2535=EDGE_CURVE('',#2375,#2530,#2534,.T.);
#2536=ORIENTED_EDGE('',*,*,#2535,.T.);
#2537=CARTESIAN_POINT('',(3.267055514,77.802944486,281.38));
#2538=DIRECTION('',(0.998709813,-0.050781004,0.));
#2539=VECTOR('',#2538,0.004431865);
#2540=LINE('',#2537,#2539);
#2541=EDGE_CURVE('',#2530,#2481,#2540,.T.);
#2542=ORIENTED_EDGE('',*,*,#2541,.T.);
#2543=EDGE_LOOP('',(#2487,#2495,#2503,#2511,#2519,#2525,#2526,#2527,#2528,#2536,#2542));
#2544=FACE_BOUND('',#2543,.T.);
#2545=ADVANCED_FACE('',(#2544),#2477,.T.);
#2546=CARTESIAN_POINT('',(7.18602679,73.88397321,281.45));
#2547=DIRECTION('',(-0.998311527,0.058086956,-0.));
#2548=DIRECTION('',(-0.058086956,-0.998311527,-0.));
#2549=AXIS2_PLACEMENT_3D('',#2546,#2547,#2548);
#2550=PLANE('',#2549);
#2551=CARTESIAN_POINT('',(7.18602679,73.88397321,281.45));
#2552=VERTEX_POINT('',#2551);
#2553=CARTESIAN_POINT('',(7.18602679,73.88397321,281.45));
#2554=DIRECTION('',(-0.058086956,-0.998311527,-0.));
#2555=VECTOR('',#2554,122.506450571);
#2556=LINE('',#2553,#2555);
#2557=EDGE_CURVE('',#2552,#2299,#2556,.T.);
#2558=ORIENTED_EDGE('',*,*,#2557,.T.);
#2559=ORIENTED_EDGE('',*,*,#2304,.F.);
#2560=ORIENTED_EDGE('',*,*,#2524,.F.);
#2561=CARTESIAN_POINT('',(7.18602679,73.88397321,281.45));
#2562=DIRECTION('',(0.,-0.,-1.));
#2563=VECTOR('',#2562,0.07);
#2564=LINE('',#2561,#2563);
#2565=EDGE_CURVE('',#2552,#2513,#2564,.T.);
#2566=ORIENTED_EDGE('',*,*,#2565,.F.);
#2567=EDGE_LOOP('',(#2558,#2559,#2560,#2566));
#2568=FACE_BOUND('',#2567,.T.);
#2569=ADVANCED_FACE('',(#2568),#2550,.F.);
#2570=CARTESIAN_POINT('',(0.07,22.856746587,281.45));
#2571=DIRECTION('',(0.998311527,-0.058086956,0.));
#2572=DIRECTION('',(0.058086956,0.998311527,0.));
#2573=AXIS2_PLACEMENT_3D('',#2570,#2571,#2572);
#2574=PLANE('',#2573);
#2575=CARTESIAN_POINT('',(3.267055514,77.802944486,281.45));
#2576=VERTEX_POINT('',#2575);
#2577=CARTESIAN_POINT('',(0.07,22.856746587,281.45));
#2578=DIRECTION('',(0.058086956,0.998311527,0.));
#2579=VECTOR('',#2578,55.039129967);
#2580=LINE('',#2577,#2579);
#2581=EDGE_CURVE('',#2367,#2576,#2580,.T.);
#2582=ORIENTED_EDGE('',*,*,#2581,.T.);
#2583=CARTESIAN_POINT('',(3.267055514,77.802944486,281.45));
#2584=DIRECTION('',(0.,-0.,-1.));
#2585=VECTOR('',#2584,0.07);
#2586=LINE('',#2583,#2585);
#2587=EDGE_CURVE('',#2576,#2530,#2586,.T.);
#2588=ORIENTED_EDGE('',*,*,#2587,.T.);
#2589=ORIENTED_EDGE('',*,*,#2535,.F.);
#2590=ORIENTED_EDGE('',*,*,#2380,.F.);
#2591=EDGE_LOOP('',(#2582,#2588,#2589,#2590));
#2592=FACE_BOUND('',#2591,.T.);
#2593=ADVANCED_FACE('',(#2592),#2574,.F.);
#2594=CARTESIAN_POINT('',(6.320748015,75.813583433,281.45));
#2595=DIRECTION('',(0.,0.,-1.));
#2596=DIRECTION('',(-0.,1.,-0.));
#2597=AXIS2_PLACEMENT_3D('',#2594,#2595,#2596);
#2598=PLANE('',#2597);
#2599=ORIENTED_EDGE('',*,*,#2581,.F.);
#2600=ORIENTED_EDGE('',*,*,#2434,.F.);
#2601=ORIENTED_EDGE('',*,*,#2557,.F.);
#2602=CARTESIAN_POINT('',(9.337957966,73.762391516,281.45));
#2603=VERTEX_POINT('',#2602);
#2604=CARTESIAN_POINT('',(9.337957966,73.762391516,281.45));
#2605=DIRECTION('',(-0.998407749,0.056408917,-0.));
#2606=VECTOR('',#2605,2.155363055);
#2607=LINE('',#2604,#2606);
#2608=EDGE_CURVE('',#2603,#2552,#2607,.T.);
#2609=ORIENTED_EDGE('',*,*,#2608,.F.);
#2610=CARTESIAN_POINT('',(5.658202241,77.681362791,281.45));
#2611=VERTEX_POINT('',#2610);
#2612=CARTESIAN_POINT('',(5.658202241,77.681362791,281.45));
#2613=DIRECTION('',(0.684507243,-0.72900606,0.));
#2614=VECTOR('',#2613,5.375773252);
#2615=LINE('',#2612,#2614);
#2616=EDGE_CURVE('',#2611,#2603,#2615,.T.);
#2617=ORIENTED_EDGE('',*,*,#2616,.F.);
#2618=CARTESIAN_POINT('',(3.267055514,77.802944486,281.45));
#2619=DIRECTION('',(0.998709813,-0.050781004,0.));
#2620=VECTOR('',#2619,2.39423574);
#2621=LINE('',#2618,#2620);
#2622=EDGE_CURVE('',#2576,#2611,#2621,.T.);
#2623=ORIENTED_EDGE('',*,*,#2622,.F.);
#2624=EDGE_LOOP('',(#2599,#2600,#2601,#2609,#2617,#2623));
#2625=FACE_BOUND('',#2624,.T.);
#2626=ADVANCED_FACE('',(#2625),#2598,.F.);
#2627=CARTESIAN_POINT('',(8.423596666,72.646403334,290.));
#2628=DIRECTION('',(-0.997981055,-0.06351232,-0.));
#2629=DIRECTION('',(0.06351232,-0.997981055,0.));
#2630=AXIS2_PLACEMENT_3D('',#2627,#2628,#2629);
#2631=PLANE('',#2630);
#2632=ORIENTED_EDGE('',*,*,#2450,.T.);
#2633=ORIENTED_EDGE('',*,*,#2083,.T.);
#2634=CARTESIAN_POINT('',(15.539623456,-39.169066302,290.));
#2635=DIRECTION('',(0.,-0.,-1.));
#2636=VECTOR('',#2635,0.07);
#2637=LINE('',#2634,#2636);
#2638=EDGE_CURVE('',#2131,#2070,#2637,.T.);
#2639=ORIENTED_EDGE('',*,*,#2638,.F.);
#2640=ORIENTED_EDGE('',*,*,#2136,.F.);
#2641=EDGE_LOOP('',(#2632,#2633,#2639,#2640));
#2642=FACE_BOUND('',#2641,.T.);
#2643=ADVANCED_FACE('',(#2642),#2631,.T.);
#2644=CARTESIAN_POINT('',(15.539623456,18.491496425,290.));
#2645=DIRECTION('',(0.997981055,0.06351232,0.));
#2646=DIRECTION('',(-0.06351232,0.997981055,-0.));
#2647=AXIS2_PLACEMENT_3D('',#2644,#2645,#2646);
#2648=PLANE('',#2647);
#2649=CARTESIAN_POINT('',(15.539623456,18.491496425,290.));
#2650=DIRECTION('',(0.,-0.,-1.));
#2651=VECTOR('',#2650,0.07);
#2652=LINE('',#2649,#2651);
#2653=EDGE_CURVE('',#2171,#2046,#2652,.T.);
#2654=ORIENTED_EDGE('',*,*,#2653,.T.);
#2655=ORIENTED_EDGE('',*,*,#2051,.T.);
#2656=ORIENTED_EDGE('',*,*,#2465,.F.);
#2657=ORIENTED_EDGE('',*,*,#2184,.F.);
#2658=EDGE_LOOP('',(#2654,#2655,#2656,#2657));
#2659=FACE_BOUND('',#2658,.T.);
#2660=ADVANCED_FACE('',(#2659),#2648,.T.);
#2661=CARTESIAN_POINT('',(15.539623456,-39.169066302,290.));
#2662=DIRECTION('',(1.,0.,0.));
#2663=DIRECTION('',(-0.,1.,-0.));
#2664=AXIS2_PLACEMENT_3D('',#2661,#2662,#2663);
#2665=PLANE('',#2664);
#2666=ORIENTED_EDGE('',*,*,#2144,.F.);
#2667=ORIENTED_EDGE('',*,*,#2638,.T.);
#2668=ORIENTED_EDGE('',*,*,#2075,.T.);
#2669=CARTESIAN_POINT('',(15.539623456,-39.127225635,289.93));
#2670=DIRECTION('',(-0.,0.,1.));
#2671=VECTOR('',#2670,0.07);
#2672=LINE('',#2669,#2671);
#2673=EDGE_CURVE('',#2062,#2139,#2672,.T.);
#2674=ORIENTED_EDGE('',*,*,#2673,.T.);
#2675=EDGE_LOOP('',(#2666,#2667,#2668,#2674));
#2676=FACE_BOUND('',#2675,.T.);
#2677=ADVANCED_FACE('',(#2676),#2665,.T.);
#2678=CARTESIAN_POINT('',(15.539623456,-10.327740977,285.69));
#2679=DIRECTION('',(-1.,-0.,-0.));
#2680=DIRECTION('',(-0.,0.,1.));
#2681=AXIS2_PLACEMENT_3D('',#2678,#2679,#2680);
#2682=PLANE('',#2681);
#2683=CARTESIAN_POINT('',(15.539623456,18.471743681,281.45));
#2684=VERTEX_POINT('',#2683);
#2685=CARTESIAN_POINT('',(15.539623456,-39.127225635,281.45));
#2686=VERTEX_POINT('',#2685);
#2687=CARTESIAN_POINT('',(15.539623456,18.471743681,281.45));
#2688=DIRECTION('',(0.,-1.,0.));
#2689=VECTOR('',#2688,57.598969316);
#2690=LINE('',#2687,#2689);
#2691=EDGE_CURVE('',#2684,#2686,#2690,.T.);
#2692=ORIENTED_EDGE('',*,*,#2691,.T.);
#2693=CARTESIAN_POINT('',(15.539623456,-39.127225635,281.45));
#2694=DIRECTION('',(-0.,0.,1.));
#2695=VECTOR('',#2694,8.48);
#2696=LINE('',#2693,#2695);
#2697=EDGE_CURVE('',#2686,#2062,#2696,.T.);
#2698=ORIENTED_EDGE('',*,*,#2697,.T.);
#2699=ORIENTED_EDGE('',*,*,#2067,.T.);
#2700=CARTESIAN_POINT('',(15.539623456,18.471743681,289.93));
#2701=DIRECTION('',(0.,-0.,-1.));
#2702=VECTOR('',#2701,8.48);
#2703=LINE('',#2700,#2702);
#2704=EDGE_CURVE('',#2054,#2684,#2703,.T.);
#2705=ORIENTED_EDGE('',*,*,#2704,.T.);
#2706=EDGE_LOOP('',(#2692,#2698,#2699,#2705));
#2707=FACE_BOUND('',#2706,.T.);
#2708=ADVANCED_FACE('',(#2707),#2682,.T.);
#2709=CARTESIAN_POINT('',(15.539623456,-39.169066302,290.));
#2710=DIRECTION('',(1.,0.,0.));
#2711=DIRECTION('',(-0.,1.,-0.));
#2712=AXIS2_PLACEMENT_3D('',#2709,#2710,#2711);
#2713=PLANE('',#2712);
#2714=ORIENTED_EDGE('',*,*,#2176,.F.);
#2715=CARTESIAN_POINT('',(15.539623456,18.471743681,290.));
#2716=DIRECTION('',(0.,-0.,-1.));
#2717=VECTOR('',#2716,0.07);
#2718=LINE('',#2715,#2717);
#2719=EDGE_CURVE('',#2163,#2054,#2718,.T.);
#2720=ORIENTED_EDGE('',*,*,#2719,.T.);
#2721=ORIENTED_EDGE('',*,*,#2059,.T.);
#2722=ORIENTED_EDGE('',*,*,#2653,.F.);
#2723=EDGE_LOOP('',(#2714,#2720,#2721,#2722));
#2724=FACE_BOUND('',#2723,.T.);
#2725=ADVANCED_FACE('',(#2724),#2713,.T.);
#2726=CARTESIAN_POINT('',(3.267055514,77.802944486,281.45));
#2727=DIRECTION('',(-0.050781004,-0.998709813,-0.));
#2728=DIRECTION('',(0.998709813,-0.050781004,0.));
#2729=AXIS2_PLACEMENT_3D('',#2726,#2727,#2728);
#2730=PLANE('',#2729);
#2731=ORIENTED_EDGE('',*,*,#2622,.T.);
#2732=CARTESIAN_POINT('',(5.658202241,77.681362791,281.38));
#2733=VERTEX_POINT('',#2732);
#2734=CARTESIAN_POINT('',(5.658202241,77.681362791,281.45));
#2735=DIRECTION('',(0.,-0.,-1.));
#2736=VECTOR('',#2735,0.07);
#2737=LINE('',#2734,#2736);
#2738=EDGE_CURVE('',#2611,#2733,#2737,.T.);
#2739=ORIENTED_EDGE('',*,*,#2738,.T.);
#2740=CARTESIAN_POINT('',(3.271481662,77.802719431,281.38));
#2741=DIRECTION('',(0.998709813,-0.050781004,0.));
#2742=VECTOR('',#2741,2.389803875);
#2743=LINE('',#2740,#2742);
#2744=EDGE_CURVE('',#2481,#2733,#2743,.T.);
#2745=ORIENTED_EDGE('',*,*,#2744,.F.);
#2746=ORIENTED_EDGE('',*,*,#2541,.F.);
#2747=ORIENTED_EDGE('',*,*,#2587,.F.);
#2748=EDGE_LOOP('',(#2731,#2739,#2745,#2746,#2747));
#2749=FACE_BOUND('',#2748,.T.);
#2750=ADVANCED_FACE('',(#2749),#2730,.F.);
#2751=CARTESIAN_POINT('',(5.658202241,77.681362791,281.45));
#2752=DIRECTION('',(-0.72900606,-0.684507243,-0.));
#2753=DIRECTION('',(0.684507243,-0.72900606,0.));
#2754=AXIS2_PLACEMENT_3D('',#2751,#2752,#2753);
#2755=PLANE('',#2754);
#2756=ORIENTED_EDGE('',*,*,#2616,.T.);
#2757=CARTESIAN_POINT('',(9.337957966,73.762391516,281.45));
#2758=DIRECTION('',(0.,-0.,-1.));
#2759=VECTOR('',#2758,0.07);
#2760=LINE('',#2757,#2759);
#2761=EDGE_CURVE('',#2603,#2505,#2760,.T.);
#2762=ORIENTED_EDGE('',*,*,#2761,.T.);
#2763=ORIENTED_EDGE('',*,*,#2510,.F.);
#2764=CARTESIAN_POINT('',(5.658202241,77.681362791,281.38));
#2765=DIRECTION('',(0.684507243,-0.72900606,0.));
#2766=VECTOR('',#2765,2.238472584);
#2767=LINE('',#2764,#2766);
#2768=EDGE_CURVE('',#2733,#2497,#2767,.T.);
#2769=ORIENTED_EDGE('',*,*,#2768,.F.);
#2770=ORIENTED_EDGE('',*,*,#2738,.F.);
#2771=EDGE_LOOP('',(#2756,#2762,#2763,#2769,#2770));
#2772=FACE_BOUND('',#2771,.T.);
#2773=ADVANCED_FACE('',(#2772),#2755,.F.);
#2774=CARTESIAN_POINT('',(9.337957966,73.762391516,281.45));
#2775=DIRECTION('',(0.056408917,0.998407749,0.));
#2776=DIRECTION('',(-0.998407749,0.056408917,-0.));
#2777=AXIS2_PLACEMENT_3D('',#2774,#2775,#2776);
#2778=PLANE('',#2777);
#2779=ORIENTED_EDGE('',*,*,#2608,.T.);
#2780=ORIENTED_EDGE('',*,*,#2565,.T.);
#2781=ORIENTED_EDGE('',*,*,#2518,.F.);
#2782=ORIENTED_EDGE('',*,*,#2761,.F.);
#2783=EDGE_LOOP('',(#2779,#2780,#2781,#2782));
#2784=FACE_BOUND('',#2783,.T.);
#2785=ADVANCED_FACE('',(#2784),#2778,.F.);
#2786=CARTESIAN_POINT('',(15.609623456,-39.127225635,281.38));
#2787=DIRECTION('',(-0.,1.,-0.));
#2788=DIRECTION('',(-0.,0.,1.));
#2789=AXIS2_PLACEMENT_3D('',#2786,#2787,#2788);
#2790=PLANE('',#2789);
#2791=CARTESIAN_POINT('',(15.609623456,-39.127225635,281.38));
#2792=VERTEX_POINT('',#2791);
#2793=CARTESIAN_POINT('',(15.609623456,-39.127225635,281.38));
#2794=DIRECTION('',(-0.,0.,1.));
#2795=VECTOR('',#2794,8.62);
#2796=LINE('',#2793,#2795);
#2797=EDGE_CURVE('',#2792,#2147,#2796,.T.);
#2798=ORIENTED_EDGE('',*,*,#2797,.T.);
#2799=ORIENTED_EDGE('',*,*,#2152,.T.);
#2800=ORIENTED_EDGE('',*,*,#2673,.F.);
#2801=ORIENTED_EDGE('',*,*,#2697,.F.);
#2802=CARTESIAN_POINT('',(15.539623456,-39.127225635,281.38));
#2803=VERTEX_POINT('',#2802);
#2804=CARTESIAN_POINT('',(15.539623456,-39.127225635,281.38));
#2805=DIRECTION('',(-0.,0.,1.));
#2806=VECTOR('',#2805,0.07);
#2807=LINE('',#2804,#2806);
#2808=EDGE_CURVE('',#2803,#2686,#2807,.T.);
#2809=ORIENTED_EDGE('',*,*,#2808,.F.);
#2810=CARTESIAN_POINT('',(15.609623456,-39.127225635,281.38));
#2811=DIRECTION('',(-1.,-0.,-0.));
#2812=VECTOR('',#2811,0.07);
#2813=LINE('',#2810,#2812);
#2814=EDGE_CURVE('',#2792,#2803,#2813,.T.);
#2815=ORIENTED_EDGE('',*,*,#2814,.F.);
#2816=EDGE_LOOP('',(#2798,#2799,#2800,#2801,#2809,#2815));
#2817=FACE_BOUND('',#2816,.T.);
#2818=ADVANCED_FACE('',(#2817),#2790,.F.);
#2819=CARTESIAN_POINT('',(77.494041295,2.561554564,281.45));
#2820=DIRECTION('',(0.,0.,-1.));
#2821=DIRECTION('',(-0.,1.,-0.));
#2822=AXIS2_PLACEMENT_3D('',#2819,#2820,#2821);
#2823=PLANE('',#2822);
#2824=CARTESIAN_POINT('',(65.076133532,81.,281.45));
#2825=VERTEX_POINT('',#2824);
#2826=CARTESIAN_POINT('',(81.07,81.,281.45));
#2827=VERTEX_POINT('',#2826);
#2828=CARTESIAN_POINT('',(65.076133532,81.,281.45));
#2829=DIRECTION('',(1.,0.,0.));
#2830=VECTOR('',#2829,15.993866468);
#2831=LINE('',#2828,#2830);
#2832=EDGE_CURVE('',#2825,#2827,#2831,.T.);
#2833=ORIENTED_EDGE('',*,*,#2832,.F.);
#2834=CARTESIAN_POINT('',(80.283408394,80.213408394,281.45));
#2835=VERTEX_POINT('',#2834);
#2836=CARTESIAN_POINT('',(80.283408394,80.213408394,281.45));
#2837=DIRECTION('',(-0.998664956,0.051655637,-0.));
#2838=VECTOR('',#2837,15.227604378);
#2839=LINE('',#2836,#2838);
#2840=EDGE_CURVE('',#2835,#2825,#2839,.T.);
#2841=ORIENTED_EDGE('',*,*,#2840,.F.);
#2842=CARTESIAN_POINT('',(71.375702634,-71.305702634,281.45));
#2843=VERTEX_POINT('',#2842);
#2844=CARTESIAN_POINT('',(71.375702634,-71.305702634,281.45));
#2845=DIRECTION('',(0.058687991,0.998276374,0.));
#2846=VECTOR('',#2845,151.780724167);
#2847=LINE('',#2844,#2846);
#2848=EDGE_CURVE('',#2843,#2835,#2847,.T.);
#2849=ORIENTED_EDGE('',*,*,#2848,.F.);
#2850=CARTESIAN_POINT('',(13.747944486,-67.322055514,281.45));
#2851=VERTEX_POINT('',#2850);
#2852=CARTESIAN_POINT('',(13.747944486,-67.322055514,281.45));
#2853=DIRECTION('',(0.997619242,-0.068962652,0.));
#2854=VECTOR('',#2853,57.76528329);
#2855=LINE('',#2852,#2854);
#2856=EDGE_CURVE('',#2851,#2843,#2855,.T.);
#2857=ORIENTED_EDGE('',*,*,#2856,.F.);
#2858=CARTESIAN_POINT('',(15.539623456,-39.169066302,281.45));
#2859=VERTEX_POINT('',#2858);
#2860=CARTESIAN_POINT('',(15.539623456,-39.169066302,281.45));
#2861=DIRECTION('',(-0.06351232,-0.997981055,-0.));
#2862=VECTOR('',#2861,28.209943551);
#2863=LINE('',#2860,#2862);
#2864=EDGE_CURVE('',#2859,#2851,#2863,.T.);
#2865=ORIENTED_EDGE('',*,*,#2864,.F.);
#2866=CARTESIAN_POINT('',(15.539623456,-39.127225635,281.45));
#2867=DIRECTION('',(0.,-1.,0.));
#2868=VECTOR('',#2867,0.041840667);
#2869=LINE('',#2866,#2868);
#2870=EDGE_CURVE('',#2686,#2859,#2869,.T.);
#2871=ORIENTED_EDGE('',*,*,#2870,.F.);
#2872=ORIENTED_EDGE('',*,*,#2691,.F.);
#2873=CARTESIAN_POINT('',(15.539623456,18.491496425,281.45));
#2874=VERTEX_POINT('',#2873);
#2875=CARTESIAN_POINT('',(15.539623456,18.491496425,281.45));
#2876=DIRECTION('',(0.,-1.,0.));
#2877=VECTOR('',#2876,0.019752744);
#2878=LINE('',#2875,#2877);
#2879=EDGE_CURVE('',#2874,#2684,#2878,.T.);
#2880=ORIENTED_EDGE('',*,*,#2879,.F.);
#2881=CARTESIAN_POINT('',(9.82897321,-71.24102679,281.45));
#2882=VERTEX_POINT('',#2881);
#2883=CARTESIAN_POINT('',(9.82897321,-71.24102679,281.45));
#2884=DIRECTION('',(0.06351232,0.997981055,0.));
#2885=VECTOR('',#2884,89.91405479);
#2886=LINE('',#2883,#2885);
#2887=EDGE_CURVE('',#2882,#2874,#2886,.T.);
#2888=ORIENTED_EDGE('',*,*,#2887,.F.);
#2889=CARTESIAN_POINT('',(75.29467391,-75.22467391,281.45));
#2890=VERTEX_POINT('',#2889);
#2891=CARTESIAN_POINT('',(75.29467391,-75.22467391,281.45));
#2892=DIRECTION('',(-0.998153709,0.060738556,-0.));
#2893=VECTOR('',#2892,65.586792973);
#2894=LINE('',#2891,#2893);
#2895=EDGE_CURVE('',#2890,#2882,#2894,.T.);
#2896=ORIENTED_EDGE('',*,*,#2895,.F.);
#2897=CARTESIAN_POINT('',(81.07,24.032973907,281.45));
#2898=VERTEX_POINT('',#2897);
#2899=CARTESIAN_POINT('',(81.07,24.032973907,281.45));
#2900=DIRECTION('',(-0.058086956,-0.998311527,-0.));
#2901=VECTOR('',#2900,99.425525101);
#2902=LINE('',#2899,#2901);
#2903=EDGE_CURVE('',#2898,#2890,#2902,.T.);
#2904=ORIENTED_EDGE('',*,*,#2903,.F.);
#2905=CARTESIAN_POINT('',(81.07,81.,281.45));
#2906=DIRECTION('',(0.,-1.,0.));
#2907=VECTOR('',#2906,56.967026093);
#2908=LINE('',#2905,#2907);
#2909=EDGE_CURVE('',#2827,#2898,#2908,.T.);
#2910=ORIENTED_EDGE('',*,*,#2909,.F.);
#2911=EDGE_LOOP('',(#2833,#2841,#2849,#2857,#2865,#2871,#2872,#2880,#2888,#2896,#2904,#2910));
#2912=FACE_BOUND('',#2911,.T.);
#2913=ADVANCED_FACE('',(#2912),#2823,.F.);
#2914=CARTESIAN_POINT('',(15.609623456,18.471743681,290.));
#2915=DIRECTION('',(0.,-1.,0.));
#2916=DIRECTION('',(0.,0.,-1.));
#2917=AXIS2_PLACEMENT_3D('',#2914,#2915,#2916);
#2918=PLANE('',#2917);
#2919=CARTESIAN_POINT('',(15.609623456,18.471743681,281.38));
#2920=VERTEX_POINT('',#2919);
#2921=CARTESIAN_POINT('',(15.609623456,18.471743681,290.));
#2922=DIRECTION('',(0.,0.,-1.));
#2923=VECTOR('',#2922,8.62);
#2924=LINE('',#2921,#2923);
#2925=EDGE_CURVE('',#2155,#2920,#2924,.T.);
#2926=ORIENTED_EDGE('',*,*,#2925,.T.);
#2927=CARTESIAN_POINT('',(15.539623456,18.471743681,281.38));
#2928=VERTEX_POINT('',#2927);
#2929=CARTESIAN_POINT('',(15.609623456,18.471743681,281.38));
#2930=DIRECTION('',(-1.,-0.,-0.));
#2931=VECTOR('',#2930,0.07);
#2932=LINE('',#2929,#2931);
#2933=EDGE_CURVE('',#2920,#2928,#2932,.T.);
#2934=ORIENTED_EDGE('',*,*,#2933,.T.);
#2935=CARTESIAN_POINT('',(15.539623456,18.471743681,281.45));
#2936=DIRECTION('',(0.,-0.,-1.));
#2937=VECTOR('',#2936,0.07);
#2938=LINE('',#2935,#2937);
#2939=EDGE_CURVE('',#2684,#2928,#2938,.T.);
#2940=ORIENTED_EDGE('',*,*,#2939,.F.);
#2941=ORIENTED_EDGE('',*,*,#2704,.F.);
#2942=ORIENTED_EDGE('',*,*,#2719,.F.);
#2943=ORIENTED_EDGE('',*,*,#2168,.F.);
#2944=EDGE_LOOP('',(#2926,#2934,#2940,#2941,#2942,#2943));
#2945=FACE_BOUND('',#2944,.T.);
#2946=ADVANCED_FACE('',(#2945),#2918,.F.);
#2947=CARTESIAN_POINT('',(15.609623456,-10.327740977,285.69));
#2948=DIRECTION('',(-1.,-0.,-0.));
#2949=DIRECTION('',(-0.,0.,1.));
#2950=AXIS2_PLACEMENT_3D('',#2947,#2948,#2949);
#2951=PLANE('',#2950);
#2952=ORIENTED_EDGE('',*,*,#2797,.F.);
#2953=CARTESIAN_POINT('',(15.609623456,18.471743681,281.38));
#2954=DIRECTION('',(0.,-1.,0.));
#2955=VECTOR('',#2954,57.598969316);
#2956=LINE('',#2953,#2955);
#2957=EDGE_CURVE('',#2920,#2792,#2956,.T.);
#2958=ORIENTED_EDGE('',*,*,#2957,.F.);
#2959=ORIENTED_EDGE('',*,*,#2925,.F.);
#2960=ORIENTED_EDGE('',*,*,#2160,.F.);
#2961=EDGE_LOOP('',(#2952,#2958,#2959,#2960));
#2962=FACE_BOUND('',#2961,.T.);
#2963=ADVANCED_FACE('',(#2962),#2951,.F.);
#2964=CARTESIAN_POINT('',(81.14,81.,281.38));
#2965=DIRECTION('',(-0.,0.,1.));
#2966=DIRECTION('',(-1.,-0.,-0.));
#2967=AXIS2_PLACEMENT_3D('',#2964,#2965,#2966);
#2968=PLANE('',#2967);
#2969=CARTESIAN_POINT('',(81.07,24.032973907,281.38));
#2970=VERTEX_POINT('',#2969);
#2971=CARTESIAN_POINT('',(75.29467391,-75.22467391,281.38));
#2972=VERTEX_POINT('',#2971);
#2973=CARTESIAN_POINT('',(81.07,24.032973907,281.38));
#2974=DIRECTION('',(-0.058086956,-0.998311527,-0.));
#2975=VECTOR('',#2974,99.425525101);
#2976=LINE('',#2973,#2975);
#2977=EDGE_CURVE('',#2970,#2972,#2976,.T.);
#2978=ORIENTED_EDGE('',*,*,#2977,.T.);
#2979=CARTESIAN_POINT('',(9.82897321,-71.24102679,281.38));
#2980=VERTEX_POINT('',#2979);
#2981=CARTESIAN_POINT('',(75.29467391,-75.22467391,281.38));
#2982=DIRECTION('',(-0.998153709,0.060738556,-0.));
#2983=VECTOR('',#2982,65.586792973);
#2984=LINE('',#2981,#2983);
#2985=EDGE_CURVE('',#2972,#2980,#2984,.T.);
#2986=ORIENTED_EDGE('',*,*,#2985,.T.);
#2987=CARTESIAN_POINT('',(15.539623456,18.491496425,281.38));
#2988=VERTEX_POINT('',#2987);
#2989=CARTESIAN_POINT('',(9.82897321,-71.24102679,281.38));
#2990=DIRECTION('',(0.06351232,0.997981055,0.));
#2991=VECTOR('',#2990,89.91405479);
#2992=LINE('',#2989,#2991);
#2993=EDGE_CURVE('',#2980,#2988,#2992,.T.);
#2994=ORIENTED_EDGE('',*,*,#2993,.T.);
#2995=CARTESIAN_POINT('',(15.539623456,18.491496425,281.38));
#2996=DIRECTION('',(0.,-1.,0.));
#2997=VECTOR('',#2996,0.019752744);
#2998=LINE('',#2995,#2997);
#2999=EDGE_CURVE('',#2988,#2928,#2998,.T.);
#3000=ORIENTED_EDGE('',*,*,#2999,.T.);
#3001=ORIENTED_EDGE('',*,*,#2933,.F.);
#3002=ORIENTED_EDGE('',*,*,#2957,.T.);
#3003=ORIENTED_EDGE('',*,*,#2814,.T.);
#3004=CARTESIAN_POINT('',(15.539623456,-39.169066302,281.38));
#3005=VERTEX_POINT('',#3004);
#3006=CARTESIAN_POINT('',(15.539623456,-39.127225635,281.38));
#3007=DIRECTION('',(0.,-1.,0.));
#3008=VECTOR('',#3007,0.041840667);
#3009=LINE('',#3006,#3008);
#3010=EDGE_CURVE('',#2803,#3005,#3009,.T.);
#3011=ORIENTED_EDGE('',*,*,#3010,.T.);
#3012=CARTESIAN_POINT('',(13.747944486,-67.322055514,281.38));
#3013=VERTEX_POINT('',#3012);
#3014=CARTESIAN_POINT('',(15.539623456,-39.169066302,281.38));
#3015=DIRECTION('',(-0.06351232,-0.997981055,-0.));
#3016=VECTOR('',#3015,28.209943551);
#3017=LINE('',#3014,#3016);
#3018=EDGE_CURVE('',#3005,#3013,#3017,.T.);
#3019=ORIENTED_EDGE('',*,*,#3018,.T.);
#3020=CARTESIAN_POINT('',(71.375702634,-71.305702634,281.38));
#3021=VERTEX_POINT('',#3020);
#3022=CARTESIAN_POINT('',(13.747944486,-67.322055514,281.38));
#3023=DIRECTION('',(0.997619242,-0.068962652,0.));
#3024=VECTOR('',#3023,57.76528329);
#3025=LINE('',#3022,#3024);
#3026=EDGE_CURVE('',#3013,#3021,#3025,.T.);
#3027=ORIENTED_EDGE('',*,*,#3026,.T.);
#3028=CARTESIAN_POINT('',(80.283408394,80.213408394,281.38));
#3029=VERTEX_POINT('',#3028);
#3030=CARTESIAN_POINT('',(71.375702634,-71.305702634,281.38));
#3031=DIRECTION('',(0.058687991,0.998276374,0.));
#3032=VECTOR('',#3031,151.780724167);
#3033=LINE('',#3030,#3032);
#3034=EDGE_CURVE('',#3021,#3029,#3033,.T.);
#3035=ORIENTED_EDGE('',*,*,#3034,.T.);
#3036=CARTESIAN_POINT('',(65.076133532,81.,281.38));
#3037=VERTEX_POINT('',#3036);
#3038=CARTESIAN_POINT('',(80.283408394,80.213408394,281.38));
#3039=DIRECTION('',(-0.998664956,0.051655637,-0.));
#3040=VECTOR('',#3039,15.227604378);
#3041=LINE('',#3038,#3040);
#3042=EDGE_CURVE('',#3029,#3037,#3041,.T.);
#3043=ORIENTED_EDGE('',*,*,#3042,.T.);
#3044=CARTESIAN_POINT('',(65.076133532,81.07,281.38));
#3045=VERTEX_POINT('',#3044);
#3046=CARTESIAN_POINT('',(65.076133532,81.,281.38));
#3047=DIRECTION('',(-0.,1.,-0.));
#3048=VECTOR('',#3047,0.07);
#3049=LINE('',#3046,#3048);
#3050=EDGE_CURVE('',#3037,#3045,#3049,.T.);
#3051=ORIENTED_EDGE('',*,*,#3050,.T.);
#3052=CARTESIAN_POINT('',(81.14,81.07,281.38));
#3053=VERTEX_POINT('',#3052);
#3054=CARTESIAN_POINT('',(81.14,81.07,281.38));
#3055=DIRECTION('',(-1.,-0.,-0.));
#3056=VECTOR('',#3055,16.063866468);
#3057=LINE('',#3054,#3056);
#3058=EDGE_CURVE('',#3053,#3045,#3057,.T.);
#3059=ORIENTED_EDGE('',*,*,#3058,.F.);
#3060=CARTESIAN_POINT('',(81.14,24.032973907,281.38));
#3061=VERTEX_POINT('',#3060);
#3062=CARTESIAN_POINT('',(81.14,24.032973907,281.38));
#3063=DIRECTION('',(-0.,1.,-0.));
#3064=VECTOR('',#3063,57.037026093);
#3065=LINE('',#3062,#3064);
#3066=EDGE_CURVE('',#3061,#3053,#3065,.T.);
#3067=ORIENTED_EDGE('',*,*,#3066,.F.);
#3068=CARTESIAN_POINT('',(81.07,24.032973907,281.38));
#3069=DIRECTION('',(1.,0.,0.));
#3070=VECTOR('',#3069,0.07);
#3071=LINE('',#3068,#3070);
#3072=EDGE_CURVE('',#2970,#3061,#3071,.T.);
#3073=ORIENTED_EDGE('',*,*,#3072,.F.);
#3074=EDGE_LOOP('',(#2978,#2986,#2994,#3000,#3001,#3002,#3003,#3011,#3019,#3027,#3035,#3043,#3051,#3059,#3067,#3073));
#3075=FACE_BOUND('',#3074,.T.);
#3076=ADVANCED_FACE('',(#3075),#2968,.F.);
#3077=CARTESIAN_POINT('',(15.539623456,18.491496425,281.45));
#3078=DIRECTION('',(-1.,-0.,-0.));
#3079=DIRECTION('',(0.,-1.,0.));
#3080=AXIS2_PLACEMENT_3D('',#3077,#3078,#3079);
#3081=PLANE('',#3080);
#3082=CARTESIAN_POINT('',(15.539623456,-39.169066302,281.45));
#3083=DIRECTION('',(0.,-0.,-1.));
#3084=VECTOR('',#3083,0.07);
#3085=LINE('',#3082,#3084);
#3086=EDGE_CURVE('',#2859,#3005,#3085,.T.);
#3087=ORIENTED_EDGE('',*,*,#3086,.T.);
#3088=ORIENTED_EDGE('',*,*,#3010,.F.);
#3089=ORIENTED_EDGE('',*,*,#2808,.T.);
#3090=ORIENTED_EDGE('',*,*,#2870,.T.);
#3091=EDGE_LOOP('',(#3087,#3088,#3089,#3090));
#3092=FACE_BOUND('',#3091,.T.);
#3093=ADVANCED_FACE('',(#3092),#3081,.F.);
#3094=CARTESIAN_POINT('',(81.07,52.551486954,285.69));
#3095=DIRECTION('',(1.,0.,0.));
#3096=DIRECTION('',(0.,0.,-1.));
#3097=AXIS2_PLACEMENT_3D('',#3094,#3095,#3096);
#3098=PLANE('',#3097);
#3099=ORIENTED_EDGE('',*,*,#2909,.T.);
#3100=CARTESIAN_POINT('',(81.07,24.032973907,289.93));
#3101=VERTEX_POINT('',#3100);
#3102=CARTESIAN_POINT('',(81.07,24.032973907,289.93));
#3103=DIRECTION('',(0.,0.,-1.));
#3104=VECTOR('',#3103,8.48);
#3105=LINE('',#3102,#3104);
#3106=EDGE_CURVE('',#3101,#2898,#3105,.T.);
#3107=ORIENTED_EDGE('',*,*,#3106,.F.);
#3108=CARTESIAN_POINT('',(81.07,81.,289.93));
#3109=VERTEX_POINT('',#3108);
#3110=CARTESIAN_POINT('',(81.07,24.032973907,289.93));
#3111=DIRECTION('',(-0.,1.,-0.));
#3112=VECTOR('',#3111,56.967026093);
#3113=LINE('',#3110,#3112);
#3114=EDGE_CURVE('',#3101,#3109,#3113,.T.);
#3115=ORIENTED_EDGE('',*,*,#3114,.T.);
#3116=CARTESIAN_POINT('',(81.07,81.,289.93));
#3117=DIRECTION('',(0.,0.,-1.));
#3118=VECTOR('',#3117,8.48);
#3119=LINE('',#3116,#3118);
#3120=EDGE_CURVE('',#3109,#2827,#3119,.T.);
#3121=ORIENTED_EDGE('',*,*,#3120,.T.);
#3122=EDGE_LOOP('',(#3099,#3107,#3115,#3121));
#3123=FACE_BOUND('',#3122,.T.);
#3124=ADVANCED_FACE('',(#3123),#3098,.F.);
#3125=CARTESIAN_POINT('',(81.07,24.032973907,281.45));
#3126=DIRECTION('',(-0.998311527,0.058086956,-0.));
#3127=DIRECTION('',(-0.058086956,-0.998311527,-0.));
#3128=AXIS2_PLACEMENT_3D('',#3125,#3126,#3127);
#3129=PLANE('',#3128);
#3130=ORIENTED_EDGE('',*,*,#2903,.T.);
#3131=CARTESIAN_POINT('',(75.29467391,-75.22467391,281.45));
#3132=DIRECTION('',(0.,-0.,-1.));
#3133=VECTOR('',#3132,0.07);
#3134=LINE('',#3131,#3133);
#3135=EDGE_CURVE('',#2890,#2972,#3134,.T.);
#3136=ORIENTED_EDGE('',*,*,#3135,.T.);
#3137=ORIENTED_EDGE('',*,*,#2977,.F.);
#3138=CARTESIAN_POINT('',(81.07,24.032973907,281.45));
#3139=DIRECTION('',(0.,0.,-1.));
#3140=VECTOR('',#3139,0.07);
#3141=LINE('',#3138,#3140);
#3142=EDGE_CURVE('',#2898,#2970,#3141,.T.);
#3143=ORIENTED_EDGE('',*,*,#3142,.F.);
#3144=EDGE_LOOP('',(#3130,#3136,#3137,#3143));
#3145=FACE_BOUND('',#3144,.T.);
#3146=ADVANCED_FACE('',(#3145),#3129,.F.);
#3147=CARTESIAN_POINT('',(75.29467391,-75.22467391,281.45));
#3148=DIRECTION('',(0.060738556,0.998153709,0.));
#3149=DIRECTION('',(-0.998153709,0.060738556,-0.));
#3150=AXIS2_PLACEMENT_3D('',#3147,#3148,#3149);
#3151=PLANE('',#3150);
#3152=ORIENTED_EDGE('',*,*,#2895,.T.);
#3153=CARTESIAN_POINT('',(9.82897321,-71.24102679,281.45));
#3154=DIRECTION('',(0.,-0.,-1.));
#3155=VECTOR('',#3154,0.07);
#3156=LINE('',#3153,#3155);
#3157=EDGE_CURVE('',#2882,#2980,#3156,.T.);
#3158=ORIENTED_EDGE('',*,*,#3157,.T.);
#3159=ORIENTED_EDGE('',*,*,#2985,.F.);
#3160=ORIENTED_EDGE('',*,*,#3135,.F.);
#3161=EDGE_LOOP('',(#3152,#3158,#3159,#3160));
#3162=FACE_BOUND('',#3161,.T.);
#3163=ADVANCED_FACE('',(#3162),#3151,.F.);
#3164=CARTESIAN_POINT('',(9.82897321,-71.24102679,281.45));
#3165=DIRECTION('',(0.997981055,-0.06351232,0.));
#3166=DIRECTION('',(0.06351232,0.997981055,0.));
#3167=AXIS2_PLACEMENT_3D('',#3164,#3165,#3166);
#3168=PLANE('',#3167);
#3169=ORIENTED_EDGE('',*,*,#2887,.T.);
#3170=CARTESIAN_POINT('',(15.539623456,18.491496425,281.45));
#3171=DIRECTION('',(0.,-0.,-1.));
#3172=VECTOR('',#3171,0.07);
#3173=LINE('',#3170,#3172);
#3174=EDGE_CURVE('',#2874,#2988,#3173,.T.);
#3175=ORIENTED_EDGE('',*,*,#3174,.T.);
#3176=ORIENTED_EDGE('',*,*,#2993,.F.);
#3177=ORIENTED_EDGE('',*,*,#3157,.F.);
#3178=EDGE_LOOP('',(#3169,#3175,#3176,#3177));
#3179=FACE_BOUND('',#3178,.T.);
#3180=ADVANCED_FACE('',(#3179),#3168,.F.);
#3181=CARTESIAN_POINT('',(15.539623456,18.491496425,281.45));
#3182=DIRECTION('',(-1.,-0.,-0.));
#3183=DIRECTION('',(0.,-1.,0.));
#3184=AXIS2_PLACEMENT_3D('',#3181,#3182,#3183);
#3185=PLANE('',#3184);
#3186=ORIENTED_EDGE('',*,*,#2939,.T.);
#3187=ORIENTED_EDGE('',*,*,#2999,.F.);
#3188=ORIENTED_EDGE('',*,*,#3174,.F.);
#3189=ORIENTED_EDGE('',*,*,#2879,.T.);
#3190=EDGE_LOOP('',(#3186,#3187,#3188,#3189));
#3191=FACE_BOUND('',#3190,.T.);
#3192=ADVANCED_FACE('',(#3191),#3185,.F.);
#3193=CARTESIAN_POINT('',(15.539623456,-39.169066302,281.45));
#3194=DIRECTION('',(-0.997981055,0.06351232,-0.));
#3195=DIRECTION('',(-0.06351232,-0.997981055,-0.));
#3196=AXIS2_PLACEMENT_3D('',#3193,#3194,#3195);
#3197=PLANE('',#3196);
#3198=ORIENTED_EDGE('',*,*,#2864,.T.);
#3199=CARTESIAN_POINT('',(13.747944486,-67.322055514,281.45));
#3200=DIRECTION('',(0.,-0.,-1.));
#3201=VECTOR('',#3200,0.07);
#3202=LINE('',#3199,#3201);
#3203=EDGE_CURVE('',#2851,#3013,#3202,.T.);
#3204=ORIENTED_EDGE('',*,*,#3203,.T.);
#3205=ORIENTED_EDGE('',*,*,#3018,.F.);
#3206=ORIENTED_EDGE('',*,*,#3086,.F.);
#3207=EDGE_LOOP('',(#3198,#3204,#3205,#3206));
#3208=FACE_BOUND('',#3207,.T.);
#3209=ADVANCED_FACE('',(#3208),#3197,.F.);
#3210=CARTESIAN_POINT('',(13.747944486,-67.322055514,281.45));
#3211=DIRECTION('',(-0.068962652,-0.997619242,-0.));
#3212=DIRECTION('',(0.997619242,-0.068962652,0.));
#3213=AXIS2_PLACEMENT_3D('',#3210,#3211,#3212);
#3214=PLANE('',#3213);
#3215=ORIENTED_EDGE('',*,*,#2856,.T.);
#3216=CARTESIAN_POINT('',(71.375702634,-71.305702634,281.45));
#3217=DIRECTION('',(0.,-0.,-1.));
#3218=VECTOR('',#3217,0.07);
#3219=LINE('',#3216,#3218);
#3220=EDGE_CURVE('',#2843,#3021,#3219,.T.);
#3221=ORIENTED_EDGE('',*,*,#3220,.T.);
#3222=ORIENTED_EDGE('',*,*,#3026,.F.);
#3223=ORIENTED_EDGE('',*,*,#3203,.F.);
#3224=EDGE_LOOP('',(#3215,#3221,#3222,#3223));
#3225=FACE_BOUND('',#3224,.T.);
#3226=ADVANCED_FACE('',(#3225),#3214,.F.);
#3227=CARTESIAN_POINT('',(71.375702634,-71.305702634,281.45));
#3228=DIRECTION('',(0.998276374,-0.058687991,0.));
#3229=DIRECTION('',(0.058687991,0.998276374,0.));
#3230=AXIS2_PLACEMENT_3D('',#3227,#3228,#3229);
#3231=PLANE('',#3230);
#3232=ORIENTED_EDGE('',*,*,#2848,.T.);
#3233=CARTESIAN_POINT('',(80.283408394,80.213408394,281.45));
#3234=DIRECTION('',(0.,-0.,-1.));
#3235=VECTOR('',#3234,0.07);
#3236=LINE('',#3233,#3235);
#3237=EDGE_CURVE('',#2835,#3029,#3236,.T.);
#3238=ORIENTED_EDGE('',*,*,#3237,.T.);
#3239=ORIENTED_EDGE('',*,*,#3034,.F.);
#3240=ORIENTED_EDGE('',*,*,#3220,.F.);
#3241=EDGE_LOOP('',(#3232,#3238,#3239,#3240));
#3242=FACE_BOUND('',#3241,.T.);
#3243=ADVANCED_FACE('',(#3242),#3231,.F.);
#3244=CARTESIAN_POINT('',(80.283408394,80.213408394,281.45));
#3245=DIRECTION('',(0.051655637,0.998664956,0.));
#3246=DIRECTION('',(-0.998664956,0.051655637,-0.));
#3247=AXIS2_PLACEMENT_3D('',#3244,#3245,#3246);
#3248=PLANE('',#3247);
#3249=ORIENTED_EDGE('',*,*,#2840,.T.);
#3250=CARTESIAN_POINT('',(65.076133532,81.,281.38));
#3251=DIRECTION('',(-0.,0.,1.));
#3252=VECTOR('',#3251,0.07);
#3253=LINE('',#3250,#3252);
#3254=EDGE_CURVE('',#3037,#2825,#3253,.T.);
#3255=ORIENTED_EDGE('',*,*,#3254,.F.);
#3256=ORIENTED_EDGE('',*,*,#3042,.F.);
#3257=ORIENTED_EDGE('',*,*,#3237,.F.);
#3258=EDGE_LOOP('',(#3249,#3255,#3256,#3257));
#3259=FACE_BOUND('',#3258,.T.);
#3260=ADVANCED_FACE('',(#3259),#3248,.F.);
#3261=CARTESIAN_POINT('',(73.108066766,81.,285.69));
#3262=DIRECTION('',(-0.,1.,-0.));
#3263=DIRECTION('',(0.,0.,-1.));
#3264=AXIS2_PLACEMENT_3D('',#3261,#3262,#3263);
#3265=PLANE('',#3264);
#3266=ORIENTED_EDGE('',*,*,#3120,.F.);
#3267=CARTESIAN_POINT('',(65.076133532,81.,289.93));
#3268=VERTEX_POINT('',#3267);
#3269=CARTESIAN_POINT('',(81.07,81.,289.93));
#3270=DIRECTION('',(-1.,-0.,-0.));
#3271=VECTOR('',#3270,15.993866468);
#3272=LINE('',#3269,#3271);
#3273=EDGE_CURVE('',#3109,#3268,#3272,.T.);
#3274=ORIENTED_EDGE('',*,*,#3273,.T.);
#3275=CARTESIAN_POINT('',(65.076133532,81.,281.45));
#3276=DIRECTION('',(-0.,0.,1.));
#3277=VECTOR('',#3276,8.48);
#3278=LINE('',#3275,#3277);
#3279=EDGE_CURVE('',#2825,#3268,#3278,.T.);
#3280=ORIENTED_EDGE('',*,*,#3279,.F.);
#3281=ORIENTED_EDGE('',*,*,#2832,.T.);
#3282=EDGE_LOOP('',(#3266,#3274,#3280,#3281));
#3283=FACE_BOUND('',#3282,.T.);
#3284=ADVANCED_FACE('',(#3283),#3265,.F.);
#3285=CARTESIAN_POINT('',(81.07,24.032973907,290.));
#3286=DIRECTION('',(-0.,1.,-0.));
#3287=DIRECTION('',(0.,0.,-1.));
#3288=AXIS2_PLACEMENT_3D('',#3285,#3286,#3287);
#3289=PLANE('',#3288);
#3290=CARTESIAN_POINT('',(81.07,24.032973907,290.));
#3291=VERTEX_POINT('',#3290);
#3292=CARTESIAN_POINT('',(81.07,24.032973907,290.));
#3293=DIRECTION('',(0.,0.,-1.));
#3294=VECTOR('',#3293,0.07);
#3295=LINE('',#3292,#3294);
#3296=EDGE_CURVE('',#3291,#3101,#3295,.T.);
#3297=ORIENTED_EDGE('',*,*,#3296,.T.);
#3298=ORIENTED_EDGE('',*,*,#3106,.T.);
#3299=ORIENTED_EDGE('',*,*,#3142,.T.);
#3300=ORIENTED_EDGE('',*,*,#3072,.T.);
#3301=CARTESIAN_POINT('',(81.14,24.032973907,290.));
#3302=VERTEX_POINT('',#3301);
#3303=CARTESIAN_POINT('',(81.14,24.032973907,290.));
#3304=DIRECTION('',(0.,0.,-1.));
#3305=VECTOR('',#3304,8.62);
#3306=LINE('',#3303,#3305);
#3307=EDGE_CURVE('',#3302,#3061,#3306,.T.);
#3308=ORIENTED_EDGE('',*,*,#3307,.F.);
#3309=CARTESIAN_POINT('',(81.07,24.032973907,290.));
#3310=DIRECTION('',(1.,0.,0.));
#3311=VECTOR('',#3310,0.07);
#3312=LINE('',#3309,#3311);
#3313=EDGE_CURVE('',#3291,#3302,#3312,.T.);
#3314=ORIENTED_EDGE('',*,*,#3313,.F.);
#3315=EDGE_LOOP('',(#3297,#3298,#3299,#3300,#3308,#3314));
#3316=FACE_BOUND('',#3315,.T.);
#3317=ADVANCED_FACE('',(#3316),#3289,.F.);
#3318=CARTESIAN_POINT('',(81.14,81.,290.));
#3319=DIRECTION('',(-1.,-0.,-0.));
#3320=DIRECTION('',(0.,0.,-1.));
#3321=AXIS2_PLACEMENT_3D('',#3318,#3319,#3320);
#3322=PLANE('',#3321);
#3323=CARTESIAN_POINT('',(81.14,81.07,290.));
#3324=VERTEX_POINT('',#3323);
#3325=CARTESIAN_POINT('',(81.14,24.032973907,290.));
#3326=DIRECTION('',(-0.,1.,-0.));
#3327=VECTOR('',#3326,57.037026093);
#3328=LINE('',#3325,#3327);
#3329=EDGE_CURVE('',#3302,#3324,#3328,.T.);
#3330=ORIENTED_EDGE('',*,*,#3329,.F.);
#3331=ORIENTED_EDGE('',*,*,#3307,.T.);
#3332=ORIENTED_EDGE('',*,*,#3066,.T.);
#3333=CARTESIAN_POINT('',(81.14,81.07,290.));
#3334=DIRECTION('',(0.,0.,-1.));
#3335=VECTOR('',#3334,8.62);
#3336=LINE('',#3333,#3335);
#3337=EDGE_CURVE('',#3324,#3053,#3336,.T.);
#3338=ORIENTED_EDGE('',*,*,#3337,.F.);
#3339=EDGE_LOOP('',(#3330,#3331,#3332,#3338));
#3340=FACE_BOUND('',#3339,.T.);
#3341=ADVANCED_FACE('',(#3340),#3322,.F.);
#3342=CARTESIAN_POINT('',(73.108066766,81.07,285.69));
#3343=DIRECTION('',(-0.,1.,-0.));
#3344=DIRECTION('',(0.,0.,-1.));
#3345=AXIS2_PLACEMENT_3D('',#3342,#3343,#3344);
#3346=PLANE('',#3345);
#3347=CARTESIAN_POINT('',(65.076133532,81.07,290.));
#3348=VERTEX_POINT('',#3347);
#3349=CARTESIAN_POINT('',(65.076133532,81.07,281.38));
#3350=DIRECTION('',(-0.,-0.,1.));
#3351=VECTOR('',#3350,8.62);
#3352=LINE('',#3349,#3351);
#3353=EDGE_CURVE('',#3045,#3348,#3352,.T.);
#3354=ORIENTED_EDGE('',*,*,#3353,.T.);
#3355=CARTESIAN_POINT('',(81.14,81.07,290.));
#3356=DIRECTION('',(-1.,-0.,-0.));
#3357=VECTOR('',#3356,16.063866468);
#3358=LINE('',#3355,#3357);
#3359=EDGE_CURVE('',#3324,#3348,#3358,.T.);
#3360=ORIENTED_EDGE('',*,*,#3359,.F.);
#3361=ORIENTED_EDGE('',*,*,#3337,.T.);
#3362=ORIENTED_EDGE('',*,*,#3058,.T.);
#3363=EDGE_LOOP('',(#3354,#3360,#3361,#3362));
#3364=FACE_BOUND('',#3363,.T.);
#3365=ADVANCED_FACE('',(#3364),#3346,.T.);
#3366=CARTESIAN_POINT('',(65.076133532,81.,281.38));
#3367=DIRECTION('',(1.,0.,0.));
#3368=DIRECTION('',(-0.,0.,1.));
#3369=AXIS2_PLACEMENT_3D('',#3366,#3367,#3368);
#3370=PLANE('',#3369);
#3371=ORIENTED_EDGE('',*,*,#3254,.T.);
#3372=ORIENTED_EDGE('',*,*,#3279,.T.);
#3373=CARTESIAN_POINT('',(65.076133532,81.,290.));
#3374=VERTEX_POINT('',#3373);
#3375=CARTESIAN_POINT('',(65.076133532,81.,289.93));
#3376=DIRECTION('',(-0.,0.,1.));
#3377=VECTOR('',#3376,0.07);
#3378=LINE('',#3375,#3377);
#3379=EDGE_CURVE('',#3268,#3374,#3378,.T.);
#3380=ORIENTED_EDGE('',*,*,#3379,.T.);
#3381=CARTESIAN_POINT('',(65.076133532,81.,290.));
#3382=DIRECTION('',(-0.,1.,-0.));
#3383=VECTOR('',#3382,0.07);
#3384=LINE('',#3381,#3383);
#3385=EDGE_CURVE('',#3374,#3348,#3384,.T.);
#3386=ORIENTED_EDGE('',*,*,#3385,.T.);
#3387=ORIENTED_EDGE('',*,*,#3353,.F.);
#3388=ORIENTED_EDGE('',*,*,#3050,.F.);
#3389=EDGE_LOOP('',(#3371,#3372,#3380,#3386,#3387,#3388));
#3390=FACE_BOUND('',#3389,.T.);
#3391=ADVANCED_FACE('',(#3390),#3370,.F.);
#3392=CARTESIAN_POINT('',(42.092024299,77.865120584,289.93));
#3393=DIRECTION('',(-0.,0.,1.));
#3394=DIRECTION('',(0.,-1.,0.));
#3395=AXIS2_PLACEMENT_3D('',#3392,#3393,#3394);
#3396=PLANE('',#3395);
#3397=CARTESIAN_POINT('',(15.539623456,-57.377665057,289.93));
#3398=VERTEX_POINT('',#3397);
#3399=CARTESIAN_POINT('',(7.18602679,73.88397321,289.93));
#3400=VERTEX_POINT('',#3399);
#3401=CARTESIAN_POINT('',(15.539623456,-57.377665057,289.93));
#3402=DIRECTION('',(-0.06351232,0.997981055,-0.));
#3403=VECTOR('',#3402,131.527184483);
#3404=LINE('',#3401,#3403);
#3405=EDGE_CURVE('',#3398,#3400,#3404,.T.);
#3406=ORIENTED_EDGE('',*,*,#3405,.F.);
#3407=CARTESIAN_POINT('',(15.539623456,-65.530376544,289.93));
#3408=VERTEX_POINT('',#3407);
#3409=CARTESIAN_POINT('',(15.539623456,-65.530376544,289.93));
#3410=DIRECTION('',(-0.,1.,-0.));
#3411=VECTOR('',#3410,8.152711487);
#3412=LINE('',#3409,#3411);
#3413=EDGE_CURVE('',#3408,#3398,#3412,.T.);
#3414=ORIENTED_EDGE('',*,*,#3413,.F.);
#3415=CARTESIAN_POINT('',(57.776122921,-65.530376544,289.93));
#3416=VERTEX_POINT('',#3415);
#3417=CARTESIAN_POINT('',(57.776122921,-65.530376544,289.93));
#3418=DIRECTION('',(-1.,-0.,-0.));
#3419=VECTOR('',#3418,42.236499466);
#3420=LINE('',#3417,#3419);
#3421=EDGE_CURVE('',#3416,#3408,#3420,.T.);
#3422=ORIENTED_EDGE('',*,*,#3421,.F.);
#3423=CARTESIAN_POINT('',(57.824376544,-65.530376544,289.93));
#3424=VERTEX_POINT('',#3423);
#3425=CARTESIAN_POINT('',(57.824376544,-65.530376544,289.93));
#3426=DIRECTION('',(-1.,-0.,-0.));
#3427=VECTOR('',#3426,0.048253623);
#3428=LINE('',#3425,#3427);
#3429=EDGE_CURVE('',#3424,#3416,#3428,.T.);
#3430=ORIENTED_EDGE('',*,*,#3429,.F.);
#3431=CARTESIAN_POINT('',(12.174761274,-68.895238726,289.93));
#3432=VERTEX_POINT('',#3431);
#3433=CARTESIAN_POINT('',(12.174761274,-68.895238726,289.93));
#3434=DIRECTION('',(0.997294391,0.073511204,0.));
#3435=VECTOR('',#3434,45.773460344);
#3436=LINE('',#3433,#3435);
#3437=EDGE_CURVE('',#3432,#3424,#3436,.T.);
#3438=ORIENTED_EDGE('',*,*,#3437,.F.);
#3439=CARTESIAN_POINT('',(3.267055514,77.802944486,289.93));
#3440=VERTEX_POINT('',#3439);
#3441=CARTESIAN_POINT('',(3.267055514,77.802944486,289.93));
#3442=DIRECTION('',(0.060609676,-0.998161544,0.));
#3443=VECTOR('',#3442,146.968378162);
#3444=LINE('',#3441,#3443);
#3445=EDGE_CURVE('',#3440,#3432,#3444,.T.);
#3446=ORIENTED_EDGE('',*,*,#3445,.F.);
#3447=CARTESIAN_POINT('',(65.076133532,81.,289.93));
#3448=DIRECTION('',(-0.998664956,-0.051655637,-0.));
#3449=VECTOR('',#3448,61.891706144);
#3450=LINE('',#3447,#3449);
#3451=EDGE_CURVE('',#3268,#3440,#3450,.T.);
#3452=ORIENTED_EDGE('',*,*,#3451,.F.);
#3453=ORIENTED_EDGE('',*,*,#3273,.F.);
#3454=ORIENTED_EDGE('',*,*,#3114,.F.);
#3455=CARTESIAN_POINT('',(77.937620331,77.867620331,289.93));
#3456=VERTEX_POINT('',#3455);
#3457=CARTESIAN_POINT('',(77.937620331,77.867620331,289.93));
#3458=DIRECTION('',(0.058086956,-0.998311527,0.));
#3459=VECTOR('',#3458,53.925698493);
#3460=LINE('',#3457,#3459);
#3461=EDGE_CURVE('',#3456,#3101,#3460,.T.);
#3462=ORIENTED_EDGE('',*,*,#3461,.F.);
#3463=CARTESIAN_POINT('',(7.18602679,73.88397321,289.93));
#3464=DIRECTION('',(0.998418649,0.056215661,0.));
#3465=VECTOR('',#3464,70.863653822);
#3466=LINE('',#3463,#3465);
#3467=EDGE_CURVE('',#3400,#3456,#3466,.T.);
#3468=ORIENTED_EDGE('',*,*,#3467,.F.);
#3469=EDGE_LOOP('',(#3406,#3414,#3422,#3430,#3438,#3446,#3452,#3453,#3454,#3462,#3468));
#3470=FACE_BOUND('',#3469,.T.);
#3471=ADVANCED_FACE('',(#3470),#3396,.F.);
#3472=CARTESIAN_POINT('',(65.076133532,81.,290.));
#3473=DIRECTION('',(0.,0.,-1.));
#3474=DIRECTION('',(1.,0.,0.));
#3475=AXIS2_PLACEMENT_3D('',#3472,#3473,#3474);
#3476=PLANE('',#3475);
#3477=CARTESIAN_POINT('',(3.267055514,77.802944486,290.));
#3478=VERTEX_POINT('',#3477);
#3479=CARTESIAN_POINT('',(12.174761274,-68.895238726,290.));
#3480=VERTEX_POINT('',#3479);
#3481=CARTESIAN_POINT('',(3.267055514,77.802944486,290.));
#3482=DIRECTION('',(0.060609676,-0.998161544,0.));
#3483=VECTOR('',#3482,146.968378162);
#3484=LINE('',#3481,#3483);
#3485=EDGE_CURVE('',#3478,#3480,#3484,.T.);
#3486=ORIENTED_EDGE('',*,*,#3485,.T.);
#3487=CARTESIAN_POINT('',(57.824376544,-65.530376544,290.));
#3488=VERTEX_POINT('',#3487);
#3489=CARTESIAN_POINT('',(12.174761274,-68.895238726,290.));
#3490=DIRECTION('',(0.997294391,0.073511204,0.));
#3491=VECTOR('',#3490,45.773460344);
#3492=LINE('',#3489,#3491);
#3493=EDGE_CURVE('',#3480,#3488,#3492,.T.);
#3494=ORIENTED_EDGE('',*,*,#3493,.T.);
#3495=CARTESIAN_POINT('',(57.776122921,-65.530376544,290.));
#3496=VERTEX_POINT('',#3495);
#3497=CARTESIAN_POINT('',(57.824376544,-65.530376544,290.));
#3498=DIRECTION('',(-1.,-0.,-0.));
#3499=VECTOR('',#3498,0.048253623);
#3500=LINE('',#3497,#3499);
#3501=EDGE_CURVE('',#3488,#3496,#3500,.T.);
#3502=ORIENTED_EDGE('',*,*,#3501,.T.);
#3503=CARTESIAN_POINT('',(57.776122921,-65.460376544,290.));
#3504=VERTEX_POINT('',#3503);
#3505=CARTESIAN_POINT('',(57.776122921,-65.460376544,290.));
#3506=DIRECTION('',(0.,-1.,0.));
#3507=VECTOR('',#3506,0.07);
#3508=LINE('',#3505,#3507);
#3509=EDGE_CURVE('',#3504,#3496,#3508,.T.);
#3510=ORIENTED_EDGE('',*,*,#3509,.F.);
#3511=CARTESIAN_POINT('',(15.609623456,-65.460376544,290.));
#3512=VERTEX_POINT('',#3511);
#3513=CARTESIAN_POINT('',(57.776122921,-65.460376544,290.));
#3514=DIRECTION('',(-1.,-0.,-0.));
#3515=VECTOR('',#3514,42.166499466);
#3516=LINE('',#3513,#3515);
#3517=EDGE_CURVE('',#3504,#3512,#3516,.T.);
#3518=ORIENTED_EDGE('',*,*,#3517,.T.);
#3519=CARTESIAN_POINT('',(15.609623456,-57.31637384,290.));
#3520=VERTEX_POINT('',#3519);
#3521=CARTESIAN_POINT('',(15.609623456,-65.460376544,290.));
#3522=DIRECTION('',(-0.,1.,-0.));
#3523=VECTOR('',#3522,8.144002704);
#3524=LINE('',#3521,#3523);
#3525=EDGE_CURVE('',#3512,#3520,#3524,.T.);
#3526=ORIENTED_EDGE('',*,*,#3525,.T.);
#3527=CARTESIAN_POINT('',(15.539623456,-57.31637384,290.));
#3528=VERTEX_POINT('',#3527);
#3529=CARTESIAN_POINT('',(15.609623456,-57.31637384,290.));
#3530=DIRECTION('',(-1.,-0.,-0.));
#3531=VECTOR('',#3530,0.07);
#3532=LINE('',#3529,#3531);
#3533=EDGE_CURVE('',#3520,#3528,#3532,.T.);
#3534=ORIENTED_EDGE('',*,*,#3533,.T.);
#3535=CARTESIAN_POINT('',(15.539623456,-57.377665057,290.));
#3536=VERTEX_POINT('',#3535);
#3537=CARTESIAN_POINT('',(15.539623456,-57.377665057,290.));
#3538=DIRECTION('',(-0.,1.,-0.));
#3539=VECTOR('',#3538,0.061291217);
#3540=LINE('',#3537,#3539);
#3541=EDGE_CURVE('',#3536,#3528,#3540,.T.);
#3542=ORIENTED_EDGE('',*,*,#3541,.F.);
#3543=CARTESIAN_POINT('',(7.18602679,73.88397321,290.));
#3544=VERTEX_POINT('',#3543);
#3545=CARTESIAN_POINT('',(15.539623456,-57.377665057,290.));
#3546=DIRECTION('',(-0.06351232,0.997981055,-0.));
#3547=VECTOR('',#3546,131.527184483);
#3548=LINE('',#3545,#3547);
#3549=EDGE_CURVE('',#3536,#3544,#3548,.T.);
#3550=ORIENTED_EDGE('',*,*,#3549,.T.);
#3551=CARTESIAN_POINT('',(77.937620331,77.867620331,290.));
#3552=VERTEX_POINT('',#3551);
#3553=CARTESIAN_POINT('',(7.18602679,73.88397321,290.));
#3554=DIRECTION('',(0.998418649,0.056215661,0.));
#3555=VECTOR('',#3554,70.863653822);
#3556=LINE('',#3553,#3555);
#3557=EDGE_CURVE('',#3544,#3552,#3556,.T.);
#3558=ORIENTED_EDGE('',*,*,#3557,.T.);
#3559=CARTESIAN_POINT('',(77.937620331,77.867620331,290.));
#3560=DIRECTION('',(0.058086956,-0.998311527,0.));
#3561=VECTOR('',#3560,53.925698493);
#3562=LINE('',#3559,#3561);
#3563=EDGE_CURVE('',#3552,#3291,#3562,.T.);
#3564=ORIENTED_EDGE('',*,*,#3563,.T.);
#3565=ORIENTED_EDGE('',*,*,#3313,.T.);
#3566=ORIENTED_EDGE('',*,*,#3329,.T.);
#3567=ORIENTED_EDGE('',*,*,#3359,.T.);
#3568=ORIENTED_EDGE('',*,*,#3385,.F.);
#3569=CARTESIAN_POINT('',(65.076133532,81.,290.));
#3570=DIRECTION('',(-0.998664956,-0.051655637,-0.));
#3571=VECTOR('',#3570,61.891706144);
#3572=LINE('',#3569,#3571);
#3573=EDGE_CURVE('',#3374,#3478,#3572,.T.);
#3574=ORIENTED_EDGE('',*,*,#3573,.T.);
#3575=EDGE_LOOP('',(#3486,#3494,#3502,#3510,#3518,#3526,#3534,#3542,#3550,#3558,#3564,#3565,#3566,#3567,#3568,#3574));
#3576=FACE_BOUND('',#3575,.T.);
#3577=ADVANCED_FACE('',(#3576),#3476,.F.);
#3578=CARTESIAN_POINT('',(77.937620331,77.867620331,290.));
#3579=DIRECTION('',(-0.998311527,-0.058086956,-0.));
#3580=DIRECTION('',(0.058086956,-0.998311527,0.));
#3581=AXIS2_PLACEMENT_3D('',#3578,#3579,#3580);
#3582=PLANE('',#3581);
#3583=CARTESIAN_POINT('',(77.937620331,77.867620331,290.));
#3584=DIRECTION('',(0.,-0.,-1.));
#3585=VECTOR('',#3584,0.07);
#3586=LINE('',#3583,#3585);
#3587=EDGE_CURVE('',#3552,#3456,#3586,.T.);
#3588=ORIENTED_EDGE('',*,*,#3587,.T.);
#3589=ORIENTED_EDGE('',*,*,#3461,.T.);
#3590=ORIENTED_EDGE('',*,*,#3296,.F.);
#3591=ORIENTED_EDGE('',*,*,#3563,.F.);
#3592=EDGE_LOOP('',(#3588,#3589,#3590,#3591));
#3593=FACE_BOUND('',#3592,.T.);
#3594=ADVANCED_FACE('',(#3593),#3582,.T.);
#3595=CARTESIAN_POINT('',(65.076133532,81.,290.));
#3596=DIRECTION('',(-0.051655637,0.998664956,-0.));
#3597=DIRECTION('',(-0.998664956,-0.051655637,-0.));
#3598=AXIS2_PLACEMENT_3D('',#3595,#3596,#3597);
#3599=PLANE('',#3598);
#3600=ORIENTED_EDGE('',*,*,#3379,.F.);
#3601=ORIENTED_EDGE('',*,*,#3451,.T.);
#3602=CARTESIAN_POINT('',(3.267055514,77.802944486,290.));
#3603=DIRECTION('',(0.,-0.,-1.));
#3604=VECTOR('',#3603,0.07);
#3605=LINE('',#3602,#3604);
#3606=EDGE_CURVE('',#3478,#3440,#3605,.T.);
#3607=ORIENTED_EDGE('',*,*,#3606,.F.);
#3608=ORIENTED_EDGE('',*,*,#3573,.F.);
#3609=EDGE_LOOP('',(#3600,#3601,#3607,#3608));
#3610=FACE_BOUND('',#3609,.T.);
#3611=ADVANCED_FACE('',(#3610),#3599,.T.);
#3612=CARTESIAN_POINT('',(7.18602679,73.88397321,290.));
#3613=DIRECTION('',(0.056215661,-0.998418649,0.));
#3614=DIRECTION('',(0.998418649,0.056215661,0.));
#3615=AXIS2_PLACEMENT_3D('',#3612,#3613,#3614);
#3616=PLANE('',#3615);
#3617=CARTESIAN_POINT('',(7.18602679,73.88397321,290.));
#3618=DIRECTION('',(0.,-0.,-1.));
#3619=VECTOR('',#3618,0.07);
#3620=LINE('',#3617,#3619);
#3621=EDGE_CURVE('',#3544,#3400,#3620,.T.);
#3622=ORIENTED_EDGE('',*,*,#3621,.T.);
#3623=ORIENTED_EDGE('',*,*,#3467,.T.);
#3624=ORIENTED_EDGE('',*,*,#3587,.F.);
#3625=ORIENTED_EDGE('',*,*,#3557,.F.);
#3626=EDGE_LOOP('',(#3622,#3623,#3624,#3625));
#3627=FACE_BOUND('',#3626,.T.);
#3628=ADVANCED_FACE('',(#3627),#3616,.T.);
#3629=CARTESIAN_POINT('',(3.267055514,77.802944486,290.));
#3630=DIRECTION('',(-0.998161544,-0.060609676,-0.));
#3631=DIRECTION('',(0.060609676,-0.998161544,0.));
#3632=AXIS2_PLACEMENT_3D('',#3629,#3630,#3631);
#3633=PLANE('',#3632);
#3634=ORIENTED_EDGE('',*,*,#3606,.T.);
#3635=ORIENTED_EDGE('',*,*,#3445,.T.);
#3636=CARTESIAN_POINT('',(12.174761274,-68.895238726,290.));
#3637=DIRECTION('',(0.,-0.,-1.));
#3638=VECTOR('',#3637,0.07);
#3639=LINE('',#3636,#3638);
#3640=EDGE_CURVE('',#3480,#3432,#3639,.T.);
#3641=ORIENTED_EDGE('',*,*,#3640,.F.);
#3642=ORIENTED_EDGE('',*,*,#3485,.F.);
#3643=EDGE_LOOP('',(#3634,#3635,#3641,#3642));
#3644=FACE_BOUND('',#3643,.T.);
#3645=ADVANCED_FACE('',(#3644),#3633,.T.);
#3646=CARTESIAN_POINT('',(12.174761274,-68.895238726,290.));
#3647=DIRECTION('',(0.073511204,-0.997294391,0.));
#3648=DIRECTION('',(0.997294391,0.073511204,0.));
#3649=AXIS2_PLACEMENT_3D('',#3646,#3647,#3648);
#3650=PLANE('',#3649);
#3651=ORIENTED_EDGE('',*,*,#3640,.T.);
#3652=ORIENTED_EDGE('',*,*,#3437,.T.);
#3653=CARTESIAN_POINT('',(57.824376544,-65.530376544,290.));
#3654=DIRECTION('',(0.,-0.,-1.));
#3655=VECTOR('',#3654,0.07);
#3656=LINE('',#3653,#3655);
#3657=EDGE_CURVE('',#3488,#3424,#3656,.T.);
#3658=ORIENTED_EDGE('',*,*,#3657,.F.);
#3659=ORIENTED_EDGE('',*,*,#3493,.F.);
#3660=EDGE_LOOP('',(#3651,#3652,#3658,#3659));
#3661=FACE_BOUND('',#3660,.T.);
#3662=ADVANCED_FACE('',(#3661),#3650,.T.);
#3663=CARTESIAN_POINT('',(57.824376544,-65.530376544,290.));
#3664=DIRECTION('',(-0.,1.,-0.));
#3665=DIRECTION('',(-1.,-0.,-0.));
#3666=AXIS2_PLACEMENT_3D('',#3663,#3664,#3665);
#3667=PLANE('',#3666);
#3668=ORIENTED_EDGE('',*,*,#3501,.F.);
#3669=ORIENTED_EDGE('',*,*,#3657,.T.);
#3670=ORIENTED_EDGE('',*,*,#3429,.T.);
#3671=CARTESIAN_POINT('',(57.776122921,-65.530376544,289.93));
#3672=DIRECTION('',(-0.,0.,1.));
#3673=VECTOR('',#3672,0.07);
#3674=LINE('',#3671,#3673);
#3675=EDGE_CURVE('',#3416,#3496,#3674,.T.);
#3676=ORIENTED_EDGE('',*,*,#3675,.T.);
#3677=EDGE_LOOP('',(#3668,#3669,#3670,#3676));
#3678=FACE_BOUND('',#3677,.T.);
#3679=ADVANCED_FACE('',(#3678),#3667,.T.);
#3680=CARTESIAN_POINT('',(36.657873188,-65.530376544,285.69));
#3681=DIRECTION('',(0.,-1.,0.));
#3682=DIRECTION('',(-0.,0.,1.));
#3683=AXIS2_PLACEMENT_3D('',#3680,#3681,#3682);
#3684=PLANE('',#3683);
#3685=CARTESIAN_POINT('',(15.539623456,-65.530376544,281.45));
#3686=VERTEX_POINT('',#3685);
#3687=CARTESIAN_POINT('',(15.539623456,-65.530376544,289.93));
#3688=DIRECTION('',(0.,-0.,-1.));
#3689=VECTOR('',#3688,8.48);
#3690=LINE('',#3687,#3689);
#3691=EDGE_CURVE('',#3408,#3686,#3690,.T.);
#3692=ORIENTED_EDGE('',*,*,#3691,.T.);
#3693=CARTESIAN_POINT('',(57.776122921,-65.530376544,281.45));
#3694=VERTEX_POINT('',#3693);
#3695=CARTESIAN_POINT('',(57.776122921,-65.530376544,281.45));
#3696=DIRECTION('',(-1.,-0.,-0.));
#3697=VECTOR('',#3696,42.236499466);
#3698=LINE('',#3695,#3697);
#3699=EDGE_CURVE('',#3694,#3686,#3698,.T.);
#3700=ORIENTED_EDGE('',*,*,#3699,.F.);
#3701=CARTESIAN_POINT('',(57.776122921,-65.530376544,281.45));
#3702=DIRECTION('',(-0.,0.,1.));
#3703=VECTOR('',#3702,8.48);
#3704=LINE('',#3701,#3703);
#3705=EDGE_CURVE('',#3694,#3416,#3704,.T.);
#3706=ORIENTED_EDGE('',*,*,#3705,.T.);
#3707=ORIENTED_EDGE('',*,*,#3421,.T.);
#3708=EDGE_LOOP('',(#3692,#3700,#3706,#3707));
#3709=FACE_BOUND('',#3708,.T.);
#3710=ADVANCED_FACE('',(#3709),#3684,.T.);
#3711=CARTESIAN_POINT('',(15.539623456,-65.460376544,290.));
#3712=DIRECTION('',(1.,0.,0.));
#3713=DIRECTION('',(0.,0.,-1.));
#3714=AXIS2_PLACEMENT_3D('',#3711,#3712,#3713);
#3715=PLANE('',#3714);
#3716=CARTESIAN_POINT('',(15.539623456,-57.31637384,281.38));
#3717=VERTEX_POINT('',#3716);
#3718=CARTESIAN_POINT('',(15.539623456,-57.31637384,290.));
#3719=DIRECTION('',(0.,0.,-1.));
#3720=VECTOR('',#3719,8.62);
#3721=LINE('',#3718,#3720);
#3722=EDGE_CURVE('',#3528,#3717,#3721,.T.);
#3723=ORIENTED_EDGE('',*,*,#3722,.T.);
#3724=CARTESIAN_POINT('',(15.539623456,-57.377665057,281.38));
#3725=VERTEX_POINT('',#3724);
#3726=CARTESIAN_POINT('',(15.539623456,-57.377665057,281.38));
#3727=DIRECTION('',(-0.,1.,-0.));
#3728=VECTOR('',#3727,0.061291217);
#3729=LINE('',#3726,#3728);
#3730=EDGE_CURVE('',#3725,#3717,#3729,.T.);
#3731=ORIENTED_EDGE('',*,*,#3730,.F.);
#3732=CARTESIAN_POINT('',(15.539623456,-57.377665057,281.45));
#3733=VERTEX_POINT('',#3732);
#3734=CARTESIAN_POINT('',(15.539623456,-57.377665057,281.45));
#3735=DIRECTION('',(0.,-0.,-1.));
#3736=VECTOR('',#3735,0.07);
#3737=LINE('',#3734,#3736);
#3738=EDGE_CURVE('',#3733,#3725,#3737,.T.);
#3739=ORIENTED_EDGE('',*,*,#3738,.F.);
#3740=CARTESIAN_POINT('',(15.539623456,-57.377665057,281.45));
#3741=DIRECTION('',(0.,-1.,0.));
#3742=VECTOR('',#3741,8.152711487);
#3743=LINE('',#3740,#3742);
#3744=EDGE_CURVE('',#3733,#3686,#3743,.T.);
#3745=ORIENTED_EDGE('',*,*,#3744,.T.);
#3746=ORIENTED_EDGE('',*,*,#3691,.F.);
#3747=ORIENTED_EDGE('',*,*,#3413,.T.);
#3748=CARTESIAN_POINT('',(15.539623456,-57.377665057,290.));
#3749=DIRECTION('',(0.,-0.,-1.));
#3750=VECTOR('',#3749,0.07);
#3751=LINE('',#3748,#3750);
#3752=EDGE_CURVE('',#3536,#3398,#3751,.T.);
#3753=ORIENTED_EDGE('',*,*,#3752,.F.);
#3754=ORIENTED_EDGE('',*,*,#3541,.T.);
#3755=EDGE_LOOP('',(#3723,#3731,#3739,#3745,#3746,#3747,#3753,#3754));
#3756=FACE_BOUND('',#3755,.T.);
#3757=ADVANCED_FACE('',(#3756),#3715,.F.);
#3758=CARTESIAN_POINT('',(15.539623456,-57.377665057,290.));
#3759=DIRECTION('',(0.997981055,0.06351232,0.));
#3760=DIRECTION('',(-0.06351232,0.997981055,-0.));
#3761=AXIS2_PLACEMENT_3D('',#3758,#3759,#3760);
#3762=PLANE('',#3761);
#3763=ORIENTED_EDGE('',*,*,#3752,.T.);
#3764=ORIENTED_EDGE('',*,*,#3405,.T.);
#3765=ORIENTED_EDGE('',*,*,#3621,.F.);
#3766=ORIENTED_EDGE('',*,*,#3549,.F.);
#3767=EDGE_LOOP('',(#3763,#3764,#3765,#3766));
#3768=FACE_BOUND('',#3767,.T.);
#3769=ADVANCED_FACE('',(#3768),#3762,.T.);
#3770=CARTESIAN_POINT('',(15.609623456,-57.31637384,290.));
#3771=DIRECTION('',(0.,-1.,0.));
#3772=DIRECTION('',(0.,0.,-1.));
#3773=AXIS2_PLACEMENT_3D('',#3770,#3771,#3772);
#3774=PLANE('',#3773);
#3775=CARTESIAN_POINT('',(15.609623456,-57.31637384,281.38));
#3776=VERTEX_POINT('',#3775);
#3777=CARTESIAN_POINT('',(15.609623456,-57.31637384,290.));
#3778=DIRECTION('',(0.,0.,-1.));
#3779=VECTOR('',#3778,8.62);
#3780=LINE('',#3777,#3779);
#3781=EDGE_CURVE('',#3520,#3776,#3780,.T.);
#3782=ORIENTED_EDGE('',*,*,#3781,.T.);
#3783=CARTESIAN_POINT('',(15.609623456,-57.31637384,281.38));
#3784=DIRECTION('',(-1.,-0.,-0.));
#3785=VECTOR('',#3784,0.07);
#3786=LINE('',#3783,#3785);
#3787=EDGE_CURVE('',#3776,#3717,#3786,.T.);
#3788=ORIENTED_EDGE('',*,*,#3787,.T.);
#3789=ORIENTED_EDGE('',*,*,#3722,.F.);
#3790=ORIENTED_EDGE('',*,*,#3533,.F.);
#3791=EDGE_LOOP('',(#3782,#3788,#3789,#3790));
#3792=FACE_BOUND('',#3791,.T.);
#3793=ADVANCED_FACE('',(#3792),#3774,.F.);
#3794=CARTESIAN_POINT('',(15.609623456,-61.423375192,285.69));
#3795=DIRECTION('',(-1.,-0.,-0.));
#3796=DIRECTION('',(-0.,0.,1.));
#3797=AXIS2_PLACEMENT_3D('',#3794,#3795,#3796);
#3798=PLANE('',#3797);
#3799=CARTESIAN_POINT('',(15.609623456,-65.460376544,281.38));
#3800=VERTEX_POINT('',#3799);
#3801=CARTESIAN_POINT('',(15.609623456,-57.31637384,281.38));
#3802=DIRECTION('',(0.,-1.,0.));
#3803=VECTOR('',#3802,8.144002704);
#3804=LINE('',#3801,#3803);
#3805=EDGE_CURVE('',#3776,#3800,#3804,.T.);
#3806=ORIENTED_EDGE('',*,*,#3805,.F.);
#3807=ORIENTED_EDGE('',*,*,#3781,.F.);
#3808=ORIENTED_EDGE('',*,*,#3525,.F.);
#3809=CARTESIAN_POINT('',(15.609623456,-65.460376544,290.));
#3810=DIRECTION('',(0.,-0.,-1.));
#3811=VECTOR('',#3810,8.62);
#3812=LINE('',#3809,#3811);
#3813=EDGE_CURVE('',#3512,#3800,#3812,.T.);
#3814=ORIENTED_EDGE('',*,*,#3813,.T.);
#3815=EDGE_LOOP('',(#3806,#3807,#3808,#3814));
#3816=FACE_BOUND('',#3815,.T.);
#3817=ADVANCED_FACE('',(#3816),#3798,.F.);
#3818=CARTESIAN_POINT('',(36.657873188,-65.460376544,285.69));
#3819=DIRECTION('',(0.,-1.,0.));
#3820=DIRECTION('',(-0.,0.,1.));
#3821=AXIS2_PLACEMENT_3D('',#3818,#3819,#3820);
#3822=PLANE('',#3821);
#3823=CARTESIAN_POINT('',(57.776122921,-65.460376544,281.38));
#3824=VERTEX_POINT('',#3823);
#3825=CARTESIAN_POINT('',(15.609623456,-65.460376544,281.38));
#3826=DIRECTION('',(1.,0.,0.));
#3827=VECTOR('',#3826,42.166499466);
#3828=LINE('',#3825,#3827);
#3829=EDGE_CURVE('',#3800,#3824,#3828,.T.);
#3830=ORIENTED_EDGE('',*,*,#3829,.F.);
#3831=ORIENTED_EDGE('',*,*,#3813,.F.);
#3832=ORIENTED_EDGE('',*,*,#3517,.F.);
#3833=CARTESIAN_POINT('',(57.776122921,-65.460376544,281.38));
#3834=DIRECTION('',(-0.,0.,1.));
#3835=VECTOR('',#3834,8.62);
#3836=LINE('',#3833,#3835);
#3837=EDGE_CURVE('',#3824,#3504,#3836,.T.);
#3838=ORIENTED_EDGE('',*,*,#3837,.F.);
#3839=EDGE_LOOP('',(#3830,#3831,#3832,#3838));
#3840=FACE_BOUND('',#3839,.T.);
#3841=ADVANCED_FACE('',(#3840),#3822,.F.);
#3842=CARTESIAN_POINT('',(57.776122921,-65.460376544,281.38));
#3843=DIRECTION('',(-1.,-0.,-0.));
#3844=DIRECTION('',(-0.,0.,1.));
#3845=AXIS2_PLACEMENT_3D('',#3842,#3843,#3844);
#3846=PLANE('',#3845);
#3847=ORIENTED_EDGE('',*,*,#3837,.T.);
#3848=ORIENTED_EDGE('',*,*,#3509,.T.);
#3849=ORIENTED_EDGE('',*,*,#3675,.F.);
#3850=ORIENTED_EDGE('',*,*,#3705,.F.);
#3851=CARTESIAN_POINT('',(57.776122921,-65.530376544,281.38));
#3852=VERTEX_POINT('',#3851);
#3853=CARTESIAN_POINT('',(57.776122921,-65.530376544,281.38));
#3854=DIRECTION('',(-0.,0.,1.));
#3855=VECTOR('',#3854,0.07);
#3856=LINE('',#3853,#3855);
#3857=EDGE_CURVE('',#3852,#3694,#3856,.T.);
#3858=ORIENTED_EDGE('',*,*,#3857,.F.);
#3859=CARTESIAN_POINT('',(57.776122921,-65.460376544,281.38));
#3860=DIRECTION('',(0.,-1.,0.));
#3861=VECTOR('',#3860,0.07);
#3862=LINE('',#3859,#3861);
#3863=EDGE_CURVE('',#3824,#3852,#3862,.T.);
#3864=ORIENTED_EDGE('',*,*,#3863,.F.);
#3865=EDGE_LOOP('',(#3847,#3848,#3849,#3850,#3858,#3864));
#3866=FACE_BOUND('',#3865,.T.);
#3867=ADVANCED_FACE('',(#3866),#3846,.F.);
#3868=CARTESIAN_POINT('',(0.565769641,63.370578003,281.45));
#3869=DIRECTION('',(0.,0.,-1.));
#3870=DIRECTION('',(-0.,1.,-0.));
#3871=AXIS2_PLACEMENT_3D('',#3868,#3869,#3870);
#3872=PLANE('',#3871);
#3873=CARTESIAN_POINT('',(75.126867242,75.056867242,281.45));
#3874=VERTEX_POINT('',#3873);
#3875=CARTESIAN_POINT('',(2.029485638,79.040514362,281.45));
#3876=VERTEX_POINT('',#3875);
#3877=CARTESIAN_POINT('',(75.126867242,75.056867242,281.45));
#3878=DIRECTION('',(-0.998518294,0.054417059,-0.));
#3879=VECTOR('',#3878,73.205851144);
#3880=LINE('',#3877,#3879);
#3881=EDGE_CURVE('',#3874,#3876,#3880,.T.);
#3882=ORIENTED_EDGE('',*,*,#3881,.F.);
#3883=CARTESIAN_POINT('',(66.219161483,-66.149161483,281.45));
#3884=VERTEX_POINT('',#3883);
#3885=CARTESIAN_POINT('',(66.219161483,-66.149161483,281.45));
#3886=DIRECTION('',(0.062957896,0.998016184,0.));
#3887=VECTOR('',#3886,141.486712345);
#3888=LINE('',#3885,#3887);
#3889=EDGE_CURVE('',#3884,#3874,#3888,.T.);
#3890=ORIENTED_EDGE('',*,*,#3889,.F.);
#3891=CARTESIAN_POINT('',(57.824376544,-65.530376544,281.45));
#3892=VERTEX_POINT('',#3891);
#3893=CARTESIAN_POINT('',(57.824376544,-65.530376544,281.45));
#3894=DIRECTION('',(0.997294391,-0.073511204,0.));
#3895=VECTOR('',#3894,8.417559561);
#3896=LINE('',#3893,#3895);
#3897=EDGE_CURVE('',#3892,#3884,#3896,.T.);
#3898=ORIENTED_EDGE('',*,*,#3897,.F.);
#3899=CARTESIAN_POINT('',(57.776122921,-65.530376544,281.45));
#3900=DIRECTION('',(1.,0.,0.));
#3901=VECTOR('',#3900,0.048253623);
#3902=LINE('',#3899,#3901);
#3903=EDGE_CURVE('',#3694,#3892,#3902,.T.);
#3904=ORIENTED_EDGE('',*,*,#3903,.F.);
#3905=ORIENTED_EDGE('',*,*,#3699,.T.);
#3906=ORIENTED_EDGE('',*,*,#3744,.F.);
#3907=CARTESIAN_POINT('',(14.985514362,-66.084485638,281.45));
#3908=VERTEX_POINT('',#3907);
#3909=CARTESIAN_POINT('',(14.985514362,-66.084485638,281.45));
#3910=DIRECTION('',(0.06351232,0.997981055,0.));
#3911=VECTOR('',#3910,8.724434738);
#3912=LINE('',#3909,#3911);
#3913=EDGE_CURVE('',#3908,#3733,#3912,.T.);
#3914=ORIENTED_EDGE('',*,*,#3913,.F.);
#3915=CARTESIAN_POINT('',(70.138132758,-70.068132758,281.45));
#3916=VERTEX_POINT('',#3915);
#3917=CARTESIAN_POINT('',(70.138132758,-70.068132758,281.45));
#3918=DIRECTION('',(-0.997401611,0.072041839,-0.));
#3919=VECTOR('',#3918,55.296299698);
#3920=LINE('',#3917,#3919);
#3921=EDGE_CURVE('',#3916,#3908,#3920,.T.);
#3922=ORIENTED_EDGE('',*,*,#3921,.F.);
#3923=CARTESIAN_POINT('',(79.045838517,78.975838517,281.45));
#3924=VERTEX_POINT('',#3923);
#3925=CARTESIAN_POINT('',(79.045838517,78.975838517,281.45));
#3926=DIRECTION('',(-0.059659169,-0.998218805,-0.));
#3927=VECTOR('',#3926,149.309921289);
#3928=LINE('',#3925,#3927);
#3929=EDGE_CURVE('',#3924,#3916,#3928,.T.);
#3930=ORIENTED_EDGE('',*,*,#3929,.F.);
#3931=CARTESIAN_POINT('',(39.912468939,81.,281.45));
#3932=VERTEX_POINT('',#3931);
#3933=CARTESIAN_POINT('',(39.912468939,81.,281.45));
#3934=DIRECTION('',(0.998664956,-0.051655637,0.));
#3935=VECTOR('',#3934,39.185684175);
#3936=LINE('',#3933,#3935);
#3937=EDGE_CURVE('',#3932,#3924,#3936,.T.);
#3938=ORIENTED_EDGE('',*,*,#3937,.F.);
#3939=CARTESIAN_POINT('',(0.07,81.,281.45));
#3940=VERTEX_POINT('',#3939);
#3941=CARTESIAN_POINT('',(0.07,81.,281.45));
#3942=DIRECTION('',(1.,0.,0.));
#3943=VECTOR('',#3942,39.842468939);
#3944=LINE('',#3941,#3943);
#3945=EDGE_CURVE('',#3940,#3932,#3944,.T.);
#3946=ORIENTED_EDGE('',*,*,#3945,.F.);
#3947=CARTESIAN_POINT('',(0.07,45.363812424,281.45));
#3948=VERTEX_POINT('',#3947);
#3949=CARTESIAN_POINT('',(0.07,45.363812424,281.45));
#3950=DIRECTION('',(-0.,1.,-0.));
#3951=VECTOR('',#3950,35.636187576);
#3952=LINE('',#3949,#3951);
#3953=EDGE_CURVE('',#3948,#3940,#3952,.T.);
#3954=ORIENTED_EDGE('',*,*,#3953,.F.);
#3955=CARTESIAN_POINT('',(2.029485638,79.040514362,281.45));
#3956=DIRECTION('',(-0.058086956,-0.998311527,-0.));
#3957=VECTOR('',#3956,33.733660302);
#3958=LINE('',#3955,#3957);
#3959=EDGE_CURVE('',#3876,#3948,#3958,.T.);
#3960=ORIENTED_EDGE('',*,*,#3959,.F.);
#3961=EDGE_LOOP('',(#3882,#3890,#3898,#3904,#3905,#3906,#3914,#3922,#3930,#3938,#3946,#3954,#3960));
#3962=FACE_BOUND('',#3961,.T.);
#3963=ADVANCED_FACE('',(#3962),#3872,.F.);
#3964=CARTESIAN_POINT('',(39.912468939,81.,281.38));
#3965=DIRECTION('',(-0.,0.,1.));
#3966=DIRECTION('',(-1.,-0.,-0.));
#3967=AXIS2_PLACEMENT_3D('',#3964,#3965,#3966);
#3968=PLANE('',#3967);
#3969=CARTESIAN_POINT('',(39.912468939,81.07,281.38));
#3970=VERTEX_POINT('',#3969);
#3971=CARTESIAN_POINT('',(0.,81.07,281.38));
#3972=VERTEX_POINT('',#3971);
#3973=CARTESIAN_POINT('',(39.912468939,81.07,281.38));
#3974=DIRECTION('',(-1.,-0.,-0.));
#3975=VECTOR('',#3974,39.912468939);
#3976=LINE('',#3973,#3975);
#3977=EDGE_CURVE('',#3970,#3972,#3976,.T.);
#3978=ORIENTED_EDGE('',*,*,#3977,.F.);
#3979=CARTESIAN_POINT('',(39.912468939,81.,281.38));
#3980=VERTEX_POINT('',#3979);
#3981=CARTESIAN_POINT('',(39.912468939,81.,281.38));
#3982=DIRECTION('',(-0.,1.,-0.));
#3983=VECTOR('',#3982,0.07);
#3984=LINE('',#3981,#3983);
#3985=EDGE_CURVE('',#3980,#3970,#3984,.T.);
#3986=ORIENTED_EDGE('',*,*,#3985,.F.);
#3987=CARTESIAN_POINT('',(79.045838517,78.975838517,281.38));
#3988=VERTEX_POINT('',#3987);
#3989=CARTESIAN_POINT('',(39.912468939,81.,281.38));
#3990=DIRECTION('',(0.998664956,-0.051655637,0.));
#3991=VECTOR('',#3990,39.185684175);
#3992=LINE('',#3989,#3991);
#3993=EDGE_CURVE('',#3980,#3988,#3992,.T.);
#3994=ORIENTED_EDGE('',*,*,#3993,.T.);
#3995=CARTESIAN_POINT('',(70.138132758,-70.068132758,281.38));
#3996=VERTEX_POINT('',#3995);
#3997=CARTESIAN_POINT('',(79.045838517,78.975838517,281.38));
#3998=DIRECTION('',(-0.059659169,-0.998218805,-0.));
#3999=VECTOR('',#3998,149.309921289);
#4000=LINE('',#3997,#3999);
#4001=EDGE_CURVE('',#3988,#3996,#4000,.T.);
#4002=ORIENTED_EDGE('',*,*,#4001,.T.);
#4003=CARTESIAN_POINT('',(14.985514362,-66.084485638,281.38));
#4004=VERTEX_POINT('',#4003);
#4005=CARTESIAN_POINT('',(70.138132758,-70.068132758,281.38));
#4006=DIRECTION('',(-0.997401611,0.072041839,-0.));
#4007=VECTOR('',#4006,55.296299698);
#4008=LINE('',#4005,#4007);
#4009=EDGE_CURVE('',#3996,#4004,#4008,.T.);
#4010=ORIENTED_EDGE('',*,*,#4009,.T.);
#4011=CARTESIAN_POINT('',(14.985514362,-66.084485638,281.38));
#4012=DIRECTION('',(0.06351232,0.997981055,0.));
#4013=VECTOR('',#4012,8.724434738);
#4014=LINE('',#4011,#4013);
#4015=EDGE_CURVE('',#4004,#3725,#4014,.T.);
#4016=ORIENTED_EDGE('',*,*,#4015,.T.);
#4017=ORIENTED_EDGE('',*,*,#3730,.T.);
#4018=ORIENTED_EDGE('',*,*,#3787,.F.);
#4019=ORIENTED_EDGE('',*,*,#3805,.T.);
#4020=ORIENTED_EDGE('',*,*,#3829,.T.);
#4021=ORIENTED_EDGE('',*,*,#3863,.T.);
#4022=CARTESIAN_POINT('',(57.824376544,-65.530376544,281.38));
#4023=VERTEX_POINT('',#4022);
#4024=CARTESIAN_POINT('',(57.776122921,-65.530376544,281.38));
#4025=DIRECTION('',(1.,0.,0.));
#4026=VECTOR('',#4025,0.048253623);
#4027=LINE('',#4024,#4026);
#4028=EDGE_CURVE('',#3852,#4023,#4027,.T.);
#4029=ORIENTED_EDGE('',*,*,#4028,.T.);
#4030=CARTESIAN_POINT('',(66.219161483,-66.149161483,281.38));
#4031=VERTEX_POINT('',#4030);
#4032=CARTESIAN_POINT('',(57.824376544,-65.530376544,281.38));
#4033=DIRECTION('',(0.997294391,-0.073511204,0.));
#4034=VECTOR('',#4033,8.417559561);
#4035=LINE('',#4032,#4034);
#4036=EDGE_CURVE('',#4023,#4031,#4035,.T.);
#4037=ORIENTED_EDGE('',*,*,#4036,.T.);
#4038=CARTESIAN_POINT('',(75.126867242,75.056867242,281.38));
#4039=VERTEX_POINT('',#4038);
#4040=CARTESIAN_POINT('',(66.219161483,-66.149161483,281.38));
#4041=DIRECTION('',(0.062957896,0.998016184,0.));
#4042=VECTOR('',#4041,141.486712345);
#4043=LINE('',#4040,#4042);
#4044=EDGE_CURVE('',#4031,#4039,#4043,.T.);
#4045=ORIENTED_EDGE('',*,*,#4044,.T.);
#4046=CARTESIAN_POINT('',(2.029485638,79.040514362,281.38));
#4047=VERTEX_POINT('',#4046);
#4048=CARTESIAN_POINT('',(75.126867242,75.056867242,281.38));
#4049=DIRECTION('',(-0.998518294,0.054417059,-0.));
#4050=VECTOR('',#4049,73.205851144);
#4051=LINE('',#4048,#4050);
#4052=EDGE_CURVE('',#4039,#4047,#4051,.T.);
#4053=ORIENTED_EDGE('',*,*,#4052,.T.);
#4054=CARTESIAN_POINT('',(0.07,45.363812424,281.38));
#4055=VERTEX_POINT('',#4054);
#4056=CARTESIAN_POINT('',(2.029485638,79.040514362,281.38));
#4057=DIRECTION('',(-0.058086956,-0.998311527,-0.));
#4058=VECTOR('',#4057,33.733660302);
#4059=LINE('',#4056,#4058);
#4060=EDGE_CURVE('',#4047,#4055,#4059,.T.);
#4061=ORIENTED_EDGE('',*,*,#4060,.T.);
#4062=CARTESIAN_POINT('',(-0.,45.363812424,281.38));
#4063=VERTEX_POINT('',#4062);
#4064=CARTESIAN_POINT('',(0.07,45.363812424,281.38));
#4065=DIRECTION('',(-1.,-0.,-0.));
#4066=VECTOR('',#4065,0.07);
#4067=LINE('',#4064,#4066);
#4068=EDGE_CURVE('',#4055,#4063,#4067,.T.);
#4069=ORIENTED_EDGE('',*,*,#4068,.T.);
#4070=CARTESIAN_POINT('',(-0.,81.07,281.38));
#4071=DIRECTION('',(0.,-1.,0.));
#4072=VECTOR('',#4071,35.706187576);
#4073=LINE('',#4070,#4072);
#4074=EDGE_CURVE('',#3972,#4063,#4073,.T.);
#4075=ORIENTED_EDGE('',*,*,#4074,.F.);
#4076=EDGE_LOOP('',(#3978,#3986,#3994,#4002,#4010,#4016,#4017,#4018,#4019,#4020,#4021,#4029,#4037,#4045,#4053,#4061,#4069,#4075));
#4077=FACE_BOUND('',#4076,.T.);
#4078=ADVANCED_FACE('',(#4077),#3968,.F.);
#4079=CARTESIAN_POINT('',(14.985514362,-66.084485638,281.45));
#4080=DIRECTION('',(0.997981055,-0.06351232,0.));
#4081=DIRECTION('',(0.06351232,0.997981055,0.));
#4082=AXIS2_PLACEMENT_3D('',#4079,#4080,#4081);
#4083=PLANE('',#4082);
#4084=ORIENTED_EDGE('',*,*,#3913,.T.);
#4085=ORIENTED_EDGE('',*,*,#3738,.T.);
#4086=ORIENTED_EDGE('',*,*,#4015,.F.);
#4087=CARTESIAN_POINT('',(14.985514362,-66.084485638,281.45));
#4088=DIRECTION('',(0.,-0.,-1.));
#4089=VECTOR('',#4088,0.07);
#4090=LINE('',#4087,#4089);
#4091=EDGE_CURVE('',#3908,#4004,#4090,.T.);
#4092=ORIENTED_EDGE('',*,*,#4091,.F.);
#4093=EDGE_LOOP('',(#4084,#4085,#4086,#4092));
#4094=FACE_BOUND('',#4093,.T.);
#4095=ADVANCED_FACE('',(#4094),#4083,.F.);
#4096=CARTESIAN_POINT('',(15.539623456,-65.530376544,281.45));
#4097=DIRECTION('',(0.,-1.,0.));
#4098=DIRECTION('',(1.,0.,0.));
#4099=AXIS2_PLACEMENT_3D('',#4096,#4097,#4098);
#4100=PLANE('',#4099);
#4101=CARTESIAN_POINT('',(57.824376544,-65.530376544,281.45));
#4102=DIRECTION('',(0.,-0.,-1.));
#4103=VECTOR('',#4102,0.07);
#4104=LINE('',#4101,#4103);
#4105=EDGE_CURVE('',#3892,#4023,#4104,.T.);
#4106=ORIENTED_EDGE('',*,*,#4105,.T.);
#4107=ORIENTED_EDGE('',*,*,#4028,.F.);
#4108=ORIENTED_EDGE('',*,*,#3857,.T.);
#4109=ORIENTED_EDGE('',*,*,#3903,.T.);
#4110=EDGE_LOOP('',(#4106,#4107,#4108,#4109));
#4111=FACE_BOUND('',#4110,.T.);
#4112=ADVANCED_FACE('',(#4111),#4100,.F.);
#4113=CARTESIAN_POINT('',(2.029485638,79.040514362,281.45));
#4114=DIRECTION('',(-0.998311527,0.058086956,-0.));
#4115=DIRECTION('',(-0.058086956,-0.998311527,-0.));
#4116=AXIS2_PLACEMENT_3D('',#4113,#4114,#4115);
#4117=PLANE('',#4116);
#4118=ORIENTED_EDGE('',*,*,#3959,.T.);
#4119=CARTESIAN_POINT('',(0.07,45.363812424,281.38));
#4120=DIRECTION('',(-0.,0.,1.));
#4121=VECTOR('',#4120,0.07);
#4122=LINE('',#4119,#4121);
#4123=EDGE_CURVE('',#4055,#3948,#4122,.T.);
#4124=ORIENTED_EDGE('',*,*,#4123,.F.);
#4125=ORIENTED_EDGE('',*,*,#4060,.F.);
#4126=CARTESIAN_POINT('',(2.029485638,79.040514362,281.45));
#4127=DIRECTION('',(0.,-0.,-1.));
#4128=VECTOR('',#4127,0.07);
#4129=LINE('',#4126,#4128);
#4130=EDGE_CURVE('',#3876,#4047,#4129,.T.);
#4131=ORIENTED_EDGE('',*,*,#4130,.F.);
#4132=EDGE_LOOP('',(#4118,#4124,#4125,#4131));
#4133=FACE_BOUND('',#4132,.T.);
#4134=ADVANCED_FACE('',(#4133),#4117,.F.);
#4135=CARTESIAN_POINT('',(0.07,63.216906212,285.69));
#4136=DIRECTION('',(-1.,-0.,-0.));
#4137=DIRECTION('',(-0.,0.,1.));
#4138=AXIS2_PLACEMENT_3D('',#4135,#4136,#4137);
#4139=PLANE('',#4138);
#4140=CARTESIAN_POINT('',(0.07,81.,289.93));
#4141=VERTEX_POINT('',#4140);
#4142=CARTESIAN_POINT('',(0.07,81.,281.45));
#4143=DIRECTION('',(-0.,0.,1.));
#4144=VECTOR('',#4143,8.48);
#4145=LINE('',#4142,#4144);
#4146=EDGE_CURVE('',#3940,#4141,#4145,.T.);
#4147=ORIENTED_EDGE('',*,*,#4146,.T.);
#4148=CARTESIAN_POINT('',(0.07,45.363812424,289.93));
#4149=VERTEX_POINT('',#4148);
#4150=CARTESIAN_POINT('',(0.07,81.,289.93));
#4151=DIRECTION('',(0.,-1.,0.));
#4152=VECTOR('',#4151,35.636187576);
#4153=LINE('',#4150,#4152);
#4154=EDGE_CURVE('',#4141,#4149,#4153,.T.);
#4155=ORIENTED_EDGE('',*,*,#4154,.T.);
#4156=CARTESIAN_POINT('',(0.07,45.363812424,281.45));
#4157=DIRECTION('',(-0.,0.,1.));
#4158=VECTOR('',#4157,8.48);
#4159=LINE('',#4156,#4158);
#4160=EDGE_CURVE('',#3948,#4149,#4159,.T.);
#4161=ORIENTED_EDGE('',*,*,#4160,.F.);
#4162=ORIENTED_EDGE('',*,*,#3953,.T.);
#4163=EDGE_LOOP('',(#4147,#4155,#4161,#4162));
#4164=FACE_BOUND('',#4163,.T.);
#4165=ADVANCED_FACE('',(#4164),#4139,.F.);
#4166=CARTESIAN_POINT('',(19.956234469,81.,285.69));
#4167=DIRECTION('',(-0.,1.,-0.));
#4168=DIRECTION('',(0.,0.,-1.));
#4169=AXIS2_PLACEMENT_3D('',#4166,#4167,#4168);
#4170=PLANE('',#4169);
#4171=CARTESIAN_POINT('',(39.912468939,81.,289.93));
#4172=VERTEX_POINT('',#4171);
#4173=CARTESIAN_POINT('',(39.912468939,81.,289.93));
#4174=DIRECTION('',(0.,0.,-1.));
#4175=VECTOR('',#4174,8.48);
#4176=LINE('',#4173,#4175);
#4177=EDGE_CURVE('',#4172,#3932,#4176,.T.);
#4178=ORIENTED_EDGE('',*,*,#4177,.F.);
#4179=CARTESIAN_POINT('',(39.912468939,81.,289.93));
#4180=DIRECTION('',(-1.,-0.,-0.));
#4181=VECTOR('',#4180,39.842468939);
#4182=LINE('',#4179,#4181);
#4183=EDGE_CURVE('',#4172,#4141,#4182,.T.);
#4184=ORIENTED_EDGE('',*,*,#4183,.T.);
#4185=ORIENTED_EDGE('',*,*,#4146,.F.);
#4186=ORIENTED_EDGE('',*,*,#3945,.T.);
#4187=EDGE_LOOP('',(#4178,#4184,#4185,#4186));
#4188=FACE_BOUND('',#4187,.T.);
#4189=ADVANCED_FACE('',(#4188),#4170,.F.);
#4190=CARTESIAN_POINT('',(39.912468939,81.,281.45));
#4191=DIRECTION('',(-0.051655637,-0.998664956,-0.));
#4192=DIRECTION('',(0.998664956,-0.051655637,0.));
#4193=AXIS2_PLACEMENT_3D('',#4190,#4191,#4192);
#4194=PLANE('',#4193);
#4195=ORIENTED_EDGE('',*,*,#3937,.T.);
#4196=CARTESIAN_POINT('',(79.045838517,78.975838517,281.45));
#4197=DIRECTION('',(0.,-0.,-1.));
#4198=VECTOR('',#4197,0.07);
#4199=LINE('',#4196,#4198);
#4200=EDGE_CURVE('',#3924,#3988,#4199,.T.);
#4201=ORIENTED_EDGE('',*,*,#4200,.T.);
#4202=ORIENTED_EDGE('',*,*,#3993,.F.);
#4203=CARTESIAN_POINT('',(39.912468939,81.,281.45));
#4204=DIRECTION('',(0.,0.,-1.));
#4205=VECTOR('',#4204,0.07);
#4206=LINE('',#4203,#4205);
#4207=EDGE_CURVE('',#3932,#3980,#4206,.T.);
#4208=ORIENTED_EDGE('',*,*,#4207,.F.);
#4209=EDGE_LOOP('',(#4195,#4201,#4202,#4208));
#4210=FACE_BOUND('',#4209,.T.);
#4211=ADVANCED_FACE('',(#4210),#4194,.F.);
#4212=CARTESIAN_POINT('',(79.045838517,78.975838517,281.45));
#4213=DIRECTION('',(-0.998218805,0.059659169,-0.));
#4214=DIRECTION('',(-0.059659169,-0.998218805,-0.));
#4215=AXIS2_PLACEMENT_3D('',#4212,#4213,#4214);
#4216=PLANE('',#4215);
#4217=ORIENTED_EDGE('',*,*,#3929,.T.);
#4218=CARTESIAN_POINT('',(70.138132758,-70.068132758,281.45));
#4219=DIRECTION('',(0.,-0.,-1.));
#4220=VECTOR('',#4219,0.07);
#4221=LINE('',#4218,#4220);
#4222=EDGE_CURVE('',#3916,#3996,#4221,.T.);
#4223=ORIENTED_EDGE('',*,*,#4222,.T.);
#4224=ORIENTED_EDGE('',*,*,#4001,.F.);
#4225=ORIENTED_EDGE('',*,*,#4200,.F.);
#4226=EDGE_LOOP('',(#4217,#4223,#4224,#4225));
#4227=FACE_BOUND('',#4226,.T.);
#4228=ADVANCED_FACE('',(#4227),#4216,.F.);
#4229=CARTESIAN_POINT('',(70.138132758,-70.068132758,281.45));
#4230=DIRECTION('',(0.072041839,0.997401611,0.));
#4231=DIRECTION('',(-0.997401611,0.072041839,-0.));
#4232=AXIS2_PLACEMENT_3D('',#4229,#4230,#4231);
#4233=PLANE('',#4232);
#4234=ORIENTED_EDGE('',*,*,#3921,.T.);
#4235=ORIENTED_EDGE('',*,*,#4091,.T.);
#4236=ORIENTED_EDGE('',*,*,#4009,.F.);
#4237=ORIENTED_EDGE('',*,*,#4222,.F.);
#4238=EDGE_LOOP('',(#4234,#4235,#4236,#4237));
#4239=FACE_BOUND('',#4238,.T.);
#4240=ADVANCED_FACE('',(#4239),#4233,.F.);
#4241=CARTESIAN_POINT('',(57.824376544,-65.530376544,281.45));
#4242=DIRECTION('',(-0.073511204,-0.997294391,-0.));
#4243=DIRECTION('',(0.997294391,-0.073511204,0.));
#4244=AXIS2_PLACEMENT_3D('',#4241,#4242,#4243);
#4245=PLANE('',#4244);
#4246=ORIENTED_EDGE('',*,*,#3897,.T.);
#4247=CARTESIAN_POINT('',(66.219161483,-66.149161483,281.45));
#4248=DIRECTION('',(0.,-0.,-1.));
#4249=VECTOR('',#4248,0.07);
#4250=LINE('',#4247,#4249);
#4251=EDGE_CURVE('',#3884,#4031,#4250,.T.);
#4252=ORIENTED_EDGE('',*,*,#4251,.T.);
#4253=ORIENTED_EDGE('',*,*,#4036,.F.);
#4254=ORIENTED_EDGE('',*,*,#4105,.F.);
#4255=EDGE_LOOP('',(#4246,#4252,#4253,#4254));
#4256=FACE_BOUND('',#4255,.T.);
#4257=ADVANCED_FACE('',(#4256),#4245,.F.);
#4258=CARTESIAN_POINT('',(66.219161483,-66.149161483,281.45));
#4259=DIRECTION('',(0.998016184,-0.062957896,0.));
#4260=DIRECTION('',(0.062957896,0.998016184,0.));
#4261=AXIS2_PLACEMENT_3D('',#4258,#4259,#4260);
#4262=PLANE('',#4261);
#4263=ORIENTED_EDGE('',*,*,#3889,.T.);
#4264=CARTESIAN_POINT('',(75.126867242,75.056867242,281.45));
#4265=DIRECTION('',(0.,-0.,-1.));
#4266=VECTOR('',#4265,0.07);
#4267=LINE('',#4264,#4266);
#4268=EDGE_CURVE('',#3874,#4039,#4267,.T.);
#4269=ORIENTED_EDGE('',*,*,#4268,.T.);
#4270=ORIENTED_EDGE('',*,*,#4044,.F.);
#4271=ORIENTED_EDGE('',*,*,#4251,.F.);
#4272=EDGE_LOOP('',(#4263,#4269,#4270,#4271));
#4273=FACE_BOUND('',#4272,.T.);
#4274=ADVANCED_FACE('',(#4273),#4262,.F.);
#4275=CARTESIAN_POINT('',(75.126867242,75.056867242,281.45));
#4276=DIRECTION('',(0.054417059,0.998518294,0.));
#4277=DIRECTION('',(-0.998518294,0.054417059,-0.));
#4278=AXIS2_PLACEMENT_3D('',#4275,#4276,#4277);
#4279=PLANE('',#4278);
#4280=ORIENTED_EDGE('',*,*,#3881,.T.);
#4281=ORIENTED_EDGE('',*,*,#4130,.T.);
#4282=ORIENTED_EDGE('',*,*,#4052,.F.);
#4283=ORIENTED_EDGE('',*,*,#4268,.F.);
#4284=EDGE_LOOP('',(#4280,#4281,#4282,#4283));
#4285=FACE_BOUND('',#4284,.T.);
#4286=ADVANCED_FACE('',(#4285),#4279,.F.);
#4287=CARTESIAN_POINT('',(-0.,81.,281.38));
#4288=DIRECTION('',(1.,0.,0.));
#4289=DIRECTION('',(-0.,0.,1.));
#4290=AXIS2_PLACEMENT_3D('',#4287,#4288,#4289);
#4291=PLANE('',#4290);
#4292=CARTESIAN_POINT('',(-0.,45.363812424,290.));
#4293=VERTEX_POINT('',#4292);
#4294=CARTESIAN_POINT('',(-0.,45.363812424,281.38));
#4295=DIRECTION('',(-0.,0.,1.));
#4296=VECTOR('',#4295,8.62);
#4297=LINE('',#4294,#4296);
#4298=EDGE_CURVE('',#4063,#4293,#4297,.T.);
#4299=ORIENTED_EDGE('',*,*,#4298,.T.);
#4300=CARTESIAN_POINT('',(0.,81.07,290.));
#4301=VERTEX_POINT('',#4300);
#4302=CARTESIAN_POINT('',(-0.,81.07,290.));
#4303=DIRECTION('',(0.,-1.,0.));
#4304=VECTOR('',#4303,35.706187576);
#4305=LINE('',#4302,#4304);
#4306=EDGE_CURVE('',#4301,#4293,#4305,.T.);
#4307=ORIENTED_EDGE('',*,*,#4306,.F.);
#4308=CARTESIAN_POINT('',(0.,81.07,281.38));
#4309=DIRECTION('',(-0.,-0.,1.));
#4310=VECTOR('',#4309,8.62);
#4311=LINE('',#4308,#4310);
#4312=EDGE_CURVE('',#3972,#4301,#4311,.T.);
#4313=ORIENTED_EDGE('',*,*,#4312,.F.);
#4314=ORIENTED_EDGE('',*,*,#4074,.T.);
#4315=EDGE_LOOP('',(#4299,#4307,#4313,#4314));
#4316=FACE_BOUND('',#4315,.T.);
#4317=ADVANCED_FACE('',(#4316),#4291,.F.);
#4318=CARTESIAN_POINT('',(0.07,45.363812424,281.38));
#4319=DIRECTION('',(-0.,1.,-0.));
#4320=DIRECTION('',(-0.,0.,1.));
#4321=AXIS2_PLACEMENT_3D('',#4318,#4319,#4320);
#4322=PLANE('',#4321);
#4323=ORIENTED_EDGE('',*,*,#4123,.T.);
#4324=ORIENTED_EDGE('',*,*,#4160,.T.);
#4325=CARTESIAN_POINT('',(0.07,45.363812424,290.));
#4326=VERTEX_POINT('',#4325);
#4327=CARTESIAN_POINT('',(0.07,45.363812424,289.93));
#4328=DIRECTION('',(-0.,0.,1.));
#4329=VECTOR('',#4328,0.07);
#4330=LINE('',#4327,#4329);
#4331=EDGE_CURVE('',#4149,#4326,#4330,.T.);
#4332=ORIENTED_EDGE('',*,*,#4331,.T.);
#4333=CARTESIAN_POINT('',(0.07,45.363812424,290.));
#4334=DIRECTION('',(-1.,-0.,-0.));
#4335=VECTOR('',#4334,0.07);
#4336=LINE('',#4333,#4335);
#4337=EDGE_CURVE('',#4326,#4293,#4336,.T.);
#4338=ORIENTED_EDGE('',*,*,#4337,.T.);
#4339=ORIENTED_EDGE('',*,*,#4298,.F.);
#4340=ORIENTED_EDGE('',*,*,#4068,.F.);
#4341=EDGE_LOOP('',(#4323,#4324,#4332,#4338,#4339,#4340));
#4342=FACE_BOUND('',#4341,.T.);
#4343=ADVANCED_FACE('',(#4342),#4322,.F.);
#4344=CARTESIAN_POINT('',(39.912468939,81.,290.));
#4345=DIRECTION('',(-1.,-0.,-0.));
#4346=DIRECTION('',(0.,0.,-1.));
#4347=AXIS2_PLACEMENT_3D('',#4344,#4345,#4346);
#4348=PLANE('',#4347);
#4349=CARTESIAN_POINT('',(39.912468939,81.,290.));
#4350=VERTEX_POINT('',#4349);
#4351=CARTESIAN_POINT('',(39.912468939,81.,290.));
#4352=DIRECTION('',(0.,0.,-1.));
#4353=VECTOR('',#4352,0.07);
#4354=LINE('',#4351,#4353);
#4355=EDGE_CURVE('',#4350,#4172,#4354,.T.);
#4356=ORIENTED_EDGE('',*,*,#4355,.T.);
#4357=ORIENTED_EDGE('',*,*,#4177,.T.);
#4358=ORIENTED_EDGE('',*,*,#4207,.T.);
#4359=ORIENTED_EDGE('',*,*,#3985,.T.);
#4360=CARTESIAN_POINT('',(39.912468939,81.07,290.));
#4361=VERTEX_POINT('',#4360);
#4362=CARTESIAN_POINT('',(39.912468939,81.07,290.));
#4363=DIRECTION('',(0.,0.,-1.));
#4364=VECTOR('',#4363,8.62);
#4365=LINE('',#4362,#4364);
#4366=EDGE_CURVE('',#4361,#3970,#4365,.T.);
#4367=ORIENTED_EDGE('',*,*,#4366,.F.);
#4368=CARTESIAN_POINT('',(39.912468939,81.,290.));
#4369=DIRECTION('',(-0.,1.,-0.));
#4370=VECTOR('',#4369,0.07);
#4371=LINE('',#4368,#4370);
#4372=EDGE_CURVE('',#4350,#4361,#4371,.T.);
#4373=ORIENTED_EDGE('',*,*,#4372,.F.);
#4374=EDGE_LOOP('',(#4356,#4357,#4358,#4359,#4367,#4373));
#4375=FACE_BOUND('',#4374,.T.);
#4376=ADVANCED_FACE('',(#4375),#4348,.F.);
#4377=CARTESIAN_POINT('',(19.956234469,81.07,285.69));
#4378=DIRECTION('',(-0.,1.,-0.));
#4379=DIRECTION('',(0.,0.,-1.));
#4380=AXIS2_PLACEMENT_3D('',#4377,#4378,#4379);
#4381=PLANE('',#4380);
#4382=ORIENTED_EDGE('',*,*,#4312,.T.);
#4383=CARTESIAN_POINT('',(39.912468939,81.07,290.));
#4384=DIRECTION('',(-1.,-0.,-0.));
#4385=VECTOR('',#4384,39.912468939);
#4386=LINE('',#4383,#4385);
#4387=EDGE_CURVE('',#4361,#4301,#4386,.T.);
#4388=ORIENTED_EDGE('',*,*,#4387,.F.);
#4389=ORIENTED_EDGE('',*,*,#4366,.T.);
#4390=ORIENTED_EDGE('',*,*,#3977,.T.);
#4391=EDGE_LOOP('',(#4382,#4388,#4389,#4390));
#4392=FACE_BOUND('',#4391,.T.);
#4393=ADVANCED_FACE('',(#4392),#4381,.T.);
#4394=CARTESIAN_POINT('',(4.625985299,3.27003636,289.93));
#4395=DIRECTION('',(-0.,0.,1.));
#4396=DIRECTION('',(0.,-1.,0.));
#4397=AXIS2_PLACEMENT_3D('',#4394,#4395,#4396);
#4398=PLANE('',#4397);
#4399=CARTESIAN_POINT('',(66.219161483,-66.149161483,289.93));
#4400=VERTEX_POINT('',#4399);
#4401=CARTESIAN_POINT('',(10.937191397,-70.132808603,289.93));
#4402=VERTEX_POINT('',#4401);
#4403=CARTESIAN_POINT('',(66.219161483,-66.149161483,289.93));
#4404=DIRECTION('',(-0.997413709,-0.071874143,-0.));
#4405=VECTOR('',#4404,55.425316065);
#4406=LINE('',#4403,#4405);
#4407=EDGE_CURVE('',#4400,#4402,#4406,.T.);
#4408=ORIENTED_EDGE('',*,*,#4407,.F.);
#4409=CARTESIAN_POINT('',(65.600376544,-56.426077166,289.93));
#4410=VERTEX_POINT('',#4409);
#4411=CARTESIAN_POINT('',(65.600376544,-56.426077166,289.93));
#4412=DIRECTION('',(0.06351232,-0.997981055,0.));
#4413=VECTOR('',#4412,9.742754406);
#4414=LINE('',#4411,#4413);
#4415=EDGE_CURVE('',#4410,#4400,#4414,.T.);
#4416=ORIENTED_EDGE('',*,*,#4415,.F.);
#4417=CARTESIAN_POINT('',(65.600376544,-56.365802442,289.93));
#4418=VERTEX_POINT('',#4417);
#4419=CARTESIAN_POINT('',(65.600376544,-56.365802442,289.93));
#4420=DIRECTION('',(0.,-1.,0.));
#4421=VECTOR('',#4420,0.060274725);
#4422=LINE('',#4419,#4421);
#4423=EDGE_CURVE('',#4418,#4410,#4422,.T.);
#4424=ORIENTED_EDGE('',*,*,#4423,.F.);
#4425=CARTESIAN_POINT('',(65.600376544,1.233166874,289.93));
#4426=VERTEX_POINT('',#4425);
#4427=CARTESIAN_POINT('',(65.600376544,1.233166874,289.93));
#4428=DIRECTION('',(0.,-1.,0.));
#4429=VECTOR('',#4428,57.598969316);
#4430=LINE('',#4427,#4429);
#4431=EDGE_CURVE('',#4426,#4418,#4430,.T.);
#4432=ORIENTED_EDGE('',*,*,#4431,.F.);
#4433=CARTESIAN_POINT('',(65.600376544,1.23448556,289.93));
#4434=VERTEX_POINT('',#4433);
#4435=CARTESIAN_POINT('',(65.600376544,1.23448556,289.93));
#4436=DIRECTION('',(0.,-1.,0.));
#4437=VECTOR('',#4436,0.001318686);
#4438=LINE('',#4435,#4437);
#4439=EDGE_CURVE('',#4434,#4426,#4438,.T.);
#4440=ORIENTED_EDGE('',*,*,#4439,.F.);
#4441=CARTESIAN_POINT('',(70.138132758,-70.068132758,289.93));
#4442=VERTEX_POINT('',#4441);
#4443=CARTESIAN_POINT('',(70.138132758,-70.068132758,289.93));
#4444=DIRECTION('',(-0.06351232,0.997981055,-0.));
#4445=VECTOR('',#4444,71.446865645);
#4446=LINE('',#4443,#4445);
#4447=EDGE_CURVE('',#4442,#4434,#4446,.T.);
#4448=ORIENTED_EDGE('',*,*,#4447,.F.);
#4449=CARTESIAN_POINT('',(7.018220122,-74.051779878,289.93));
#4450=VERTEX_POINT('',#4449);
#4451=CARTESIAN_POINT('',(7.018220122,-74.051779878,289.93));
#4452=DIRECTION('',(0.998014344,0.062987048,0.));
#4453=VECTOR('',#4452,63.245496406);
#4454=LINE('',#4451,#4453);
#4455=EDGE_CURVE('',#4450,#4442,#4454,.T.);
#4456=ORIENTED_EDGE('',*,*,#4455,.F.);
#4457=CARTESIAN_POINT('',(0.07,45.363812424,289.93));
#4458=DIRECTION('',(0.058086956,-0.998311527,0.));
#4459=VECTOR('',#4458,119.617563292);
#4460=LINE('',#4457,#4459);
#4461=EDGE_CURVE('',#4149,#4450,#4460,.T.);
#4462=ORIENTED_EDGE('',*,*,#4461,.F.);
#4463=ORIENTED_EDGE('',*,*,#4154,.F.);
#4464=ORIENTED_EDGE('',*,*,#4183,.F.);
#4465=CARTESIAN_POINT('',(2.029485638,79.040514362,289.93));
#4466=VERTEX_POINT('',#4465);
#4467=CARTESIAN_POINT('',(2.029485638,79.040514362,289.93));
#4468=DIRECTION('',(0.998664956,0.051655637,0.));
#4469=VECTOR('',#4468,37.933626346);
#4470=LINE('',#4467,#4469);
#4471=EDGE_CURVE('',#4466,#4172,#4470,.T.);
#4472=ORIENTED_EDGE('',*,*,#4471,.F.);
#4473=CARTESIAN_POINT('',(10.937191397,-70.132808603,289.93));
#4474=DIRECTION('',(-0.059607621,0.998221885,-0.));
#4475=VECTOR('',#4474,149.439042778);
#4476=LINE('',#4473,#4475);
#4477=EDGE_CURVE('',#4402,#4466,#4476,.T.);
#4478=ORIENTED_EDGE('',*,*,#4477,.F.);
#4479=EDGE_LOOP('',(#4408,#4416,#4424,#4432,#4440,#4448,#4456,#4462,#4463,#4464,#4472,#4478));
#4480=FACE_BOUND('',#4479,.T.);
#4481=ADVANCED_FACE('',(#4480),#4398,.F.);
#4482=CARTESIAN_POINT('',(-0.,81.,290.));
#4483=DIRECTION('',(0.,0.,-1.));
#4484=DIRECTION('',(1.,0.,0.));
#4485=AXIS2_PLACEMENT_3D('',#4482,#4483,#4484);
#4486=PLANE('',#4485);
#4487=ORIENTED_EDGE('',*,*,#4306,.T.);
#4488=ORIENTED_EDGE('',*,*,#4337,.F.);
#4489=CARTESIAN_POINT('',(7.018220122,-74.051779878,290.));
#4490=VERTEX_POINT('',#4489);
#4491=CARTESIAN_POINT('',(0.07,45.363812424,290.));
#4492=DIRECTION('',(0.058086956,-0.998311527,0.));
#4493=VECTOR('',#4492,119.617563292);
#4494=LINE('',#4491,#4493);
#4495=EDGE_CURVE('',#4326,#4490,#4494,.T.);
#4496=ORIENTED_EDGE('',*,*,#4495,.T.);
#4497=CARTESIAN_POINT('',(70.138132758,-70.068132758,290.));
#4498=VERTEX_POINT('',#4497);
#4499=CARTESIAN_POINT('',(7.018220122,-74.051779878,290.));
#4500=DIRECTION('',(0.998014344,0.062987048,0.));
#4501=VECTOR('',#4500,63.245496406);
#4502=LINE('',#4499,#4501);
#4503=EDGE_CURVE('',#4490,#4498,#4502,.T.);
#4504=ORIENTED_EDGE('',*,*,#4503,.T.);
#4505=CARTESIAN_POINT('',(65.600376544,1.23448556,290.));
#4506=VERTEX_POINT('',#4505);
#4507=CARTESIAN_POINT('',(70.138132758,-70.068132758,290.));
#4508=DIRECTION('',(-0.06351232,0.997981055,-0.));
#4509=VECTOR('',#4508,71.446865645);
#4510=LINE('',#4507,#4509);
#4511=EDGE_CURVE('',#4498,#4506,#4510,.T.);
#4512=ORIENTED_EDGE('',*,*,#4511,.T.);
#4513=CARTESIAN_POINT('',(65.600376544,1.233166874,290.));
#4514=VERTEX_POINT('',#4513);
#4515=CARTESIAN_POINT('',(65.600376544,1.23448556,290.));
#4516=DIRECTION('',(0.,-1.,0.));
#4517=VECTOR('',#4516,0.001318686);
#4518=LINE('',#4515,#4517);
#4519=EDGE_CURVE('',#4506,#4514,#4518,.T.);
#4520=ORIENTED_EDGE('',*,*,#4519,.T.);
#4521=CARTESIAN_POINT('',(65.530376544,1.233166874,290.));
#4522=VERTEX_POINT('',#4521);
#4523=CARTESIAN_POINT('',(65.530376544,1.233166874,290.));
#4524=DIRECTION('',(1.,0.,0.));
#4525=VECTOR('',#4524,0.07);
#4526=LINE('',#4523,#4525);
#4527=EDGE_CURVE('',#4522,#4514,#4526,.T.);
#4528=ORIENTED_EDGE('',*,*,#4527,.F.);
#4529=CARTESIAN_POINT('',(65.530376544,-56.365802442,290.));
#4530=VERTEX_POINT('',#4529);
#4531=CARTESIAN_POINT('',(65.530376544,1.233166874,290.));
#4532=DIRECTION('',(0.,-1.,0.));
#4533=VECTOR('',#4532,57.598969316);
#4534=LINE('',#4531,#4533);
#4535=EDGE_CURVE('',#4522,#4530,#4534,.T.);
#4536=ORIENTED_EDGE('',*,*,#4535,.T.);
#4537=CARTESIAN_POINT('',(65.600376544,-56.365802442,290.));
#4538=VERTEX_POINT('',#4537);
#4539=CARTESIAN_POINT('',(65.530376544,-56.365802442,290.));
#4540=DIRECTION('',(1.,0.,0.));
#4541=VECTOR('',#4540,0.07);
#4542=LINE('',#4539,#4541);
#4543=EDGE_CURVE('',#4530,#4538,#4542,.T.);
#4544=ORIENTED_EDGE('',*,*,#4543,.T.);
#4545=CARTESIAN_POINT('',(65.600376544,-56.426077166,290.));
#4546=VERTEX_POINT('',#4545);
#4547=CARTESIAN_POINT('',(65.600376544,-56.365802442,290.));
#4548=DIRECTION('',(0.,-1.,0.));
#4549=VECTOR('',#4548,0.060274725);
#4550=LINE('',#4547,#4549);
#4551=EDGE_CURVE('',#4538,#4546,#4550,.T.);
#4552=ORIENTED_EDGE('',*,*,#4551,.T.);
#4553=CARTESIAN_POINT('',(66.219161483,-66.149161483,290.));
#4554=VERTEX_POINT('',#4553);
#4555=CARTESIAN_POINT('',(65.600376544,-56.426077166,290.));
#4556=DIRECTION('',(0.06351232,-0.997981055,0.));
#4557=VECTOR('',#4556,9.742754406);
#4558=LINE('',#4555,#4557);
#4559=EDGE_CURVE('',#4546,#4554,#4558,.T.);
#4560=ORIENTED_EDGE('',*,*,#4559,.T.);
#4561=CARTESIAN_POINT('',(10.937191397,-70.132808603,290.));
#4562=VERTEX_POINT('',#4561);
#4563=CARTESIAN_POINT('',(66.219161483,-66.149161483,290.));
#4564=DIRECTION('',(-0.997413709,-0.071874143,-0.));
#4565=VECTOR('',#4564,55.425316065);
#4566=LINE('',#4563,#4565);
#4567=EDGE_CURVE('',#4554,#4562,#4566,.T.);
#4568=ORIENTED_EDGE('',*,*,#4567,.T.);
#4569=CARTESIAN_POINT('',(2.029485638,79.040514362,290.));
#4570=VERTEX_POINT('',#4569);
#4571=CARTESIAN_POINT('',(10.937191397,-70.132808603,290.));
#4572=DIRECTION('',(-0.059607621,0.998221885,-0.));
#4573=VECTOR('',#4572,149.439042778);
#4574=LINE('',#4571,#4573);
#4575=EDGE_CURVE('',#4562,#4570,#4574,.T.);
#4576=ORIENTED_EDGE('',*,*,#4575,.T.);
#4577=CARTESIAN_POINT('',(2.029485638,79.040514362,290.));
#4578=DIRECTION('',(0.998664956,0.051655637,0.));
#4579=VECTOR('',#4578,37.933626346);
#4580=LINE('',#4577,#4579);
#4581=EDGE_CURVE('',#4570,#4350,#4580,.T.);
#4582=ORIENTED_EDGE('',*,*,#4581,.T.);
#4583=ORIENTED_EDGE('',*,*,#4372,.T.);
#4584=ORIENTED_EDGE('',*,*,#4387,.T.);
#4585=EDGE_LOOP('',(#4487,#4488,#4496,#4504,#4512,#4520,#4528,#4536,#4544,#4552,#4560,#4568,#4576,#4582,#4583,#4584));
#4586=FACE_BOUND('',#4585,.T.);
#4587=ADVANCED_FACE('',(#4586),#4486,.F.);
#4588=CARTESIAN_POINT('',(0.07,45.363812424,290.));
#4589=DIRECTION('',(-0.998311527,-0.058086956,-0.));
#4590=DIRECTION('',(0.058086956,-0.998311527,0.));
#4591=AXIS2_PLACEMENT_3D('',#4588,#4589,#4590);
#4592=PLANE('',#4591);
#4593=ORIENTED_EDGE('',*,*,#4331,.F.);
#4594=ORIENTED_EDGE('',*,*,#4461,.T.);
#4595=CARTESIAN_POINT('',(7.018220122,-74.051779878,290.));
#4596=DIRECTION('',(0.,-0.,-1.));
#4597=VECTOR('',#4596,0.07);
#4598=LINE('',#4595,#4597);
#4599=EDGE_CURVE('',#4490,#4450,#4598,.T.);
#4600=ORIENTED_EDGE('',*,*,#4599,.F.);
#4601=ORIENTED_EDGE('',*,*,#4495,.F.);
#4602=EDGE_LOOP('',(#4593,#4594,#4600,#4601));
#4603=FACE_BOUND('',#4602,.T.);
#4604=ADVANCED_FACE('',(#4603),#4592,.T.);
#4605=CARTESIAN_POINT('',(2.029485638,79.040514362,290.));
#4606=DIRECTION('',(0.051655637,-0.998664956,0.));
#4607=DIRECTION('',(0.998664956,0.051655637,0.));
#4608=AXIS2_PLACEMENT_3D('',#4605,#4606,#4607);
#4609=PLANE('',#4608);
#4610=CARTESIAN_POINT('',(2.029485638,79.040514362,290.));
#4611=DIRECTION('',(0.,-0.,-1.));
#4612=VECTOR('',#4611,0.07);
#4613=LINE('',#4610,#4612);
#4614=EDGE_CURVE('',#4570,#4466,#4613,.T.);
#4615=ORIENTED_EDGE('',*,*,#4614,.T.);
#4616=ORIENTED_EDGE('',*,*,#4471,.T.);
#4617=ORIENTED_EDGE('',*,*,#4355,.F.);
#4618=ORIENTED_EDGE('',*,*,#4581,.F.);
#4619=EDGE_LOOP('',(#4615,#4616,#4617,#4618));
#4620=FACE_BOUND('',#4619,.T.);
#4621=ADVANCED_FACE('',(#4620),#4609,.T.);
#4622=CARTESIAN_POINT('',(10.937191397,-70.132808603,290.));
#4623=DIRECTION('',(0.998221885,0.059607621,0.));
#4624=DIRECTION('',(-0.059607621,0.998221885,-0.));
#4625=AXIS2_PLACEMENT_3D('',#4622,#4623,#4624);
#4626=PLANE('',#4625);
#4627=CARTESIAN_POINT('',(10.937191397,-70.132808603,290.));
#4628=DIRECTION('',(0.,-0.,-1.));
#4629=VECTOR('',#4628,0.07);
#4630=LINE('',#4627,#4629);
#4631=EDGE_CURVE('',#4562,#4402,#4630,.T.);
#4632=ORIENTED_EDGE('',*,*,#4631,.T.);
#4633=ORIENTED_EDGE('',*,*,#4477,.T.);
#4634=ORIENTED_EDGE('',*,*,#4614,.F.);
#4635=ORIENTED_EDGE('',*,*,#4575,.F.);
#4636=EDGE_LOOP('',(#4632,#4633,#4634,#4635));
#4637=FACE_BOUND('',#4636,.T.);
#4638=ADVANCED_FACE('',(#4637),#4626,.T.);
#4639=CARTESIAN_POINT('',(7.018220122,-74.051779878,290.));
#4640=DIRECTION('',(0.062987048,-0.998014344,0.));
#4641=DIRECTION('',(0.998014344,0.062987048,0.));
#4642=AXIS2_PLACEMENT_3D('',#4639,#4640,#4641);
#4643=PLANE('',#4642);
#4644=ORIENTED_EDGE('',*,*,#4599,.T.);
#4645=ORIENTED_EDGE('',*,*,#4455,.T.);
#4646=CARTESIAN_POINT('',(70.138132758,-70.068132758,290.));
#4647=DIRECTION('',(0.,-0.,-1.));
#4648=VECTOR('',#4647,0.07);
#4649=LINE('',#4646,#4648);
#4650=EDGE_CURVE('',#4498,#4442,#4649,.T.);
#4651=ORIENTED_EDGE('',*,*,#4650,.F.);
#4652=ORIENTED_EDGE('',*,*,#4503,.F.);
#4653=EDGE_LOOP('',(#4644,#4645,#4651,#4652));
#4654=FACE_BOUND('',#4653,.T.);
#4655=ADVANCED_FACE('',(#4654),#4643,.T.);
#4656=CARTESIAN_POINT('',(70.138132758,-70.068132758,290.));
#4657=DIRECTION('',(0.997981055,0.06351232,0.));
#4658=DIRECTION('',(-0.06351232,0.997981055,-0.));
#4659=AXIS2_PLACEMENT_3D('',#4656,#4657,#4658);
#4660=PLANE('',#4659);
#4661=ORIENTED_EDGE('',*,*,#4650,.T.);
#4662=ORIENTED_EDGE('',*,*,#4447,.T.);
#4663=CARTESIAN_POINT('',(65.600376544,1.23448556,290.));
#4664=DIRECTION('',(0.,-0.,-1.));
#4665=VECTOR('',#4664,0.07);
#4666=LINE('',#4663,#4665);
#4667=EDGE_CURVE('',#4506,#4434,#4666,.T.);
#4668=ORIENTED_EDGE('',*,*,#4667,.F.);
#4669=ORIENTED_EDGE('',*,*,#4511,.F.);
#4670=EDGE_LOOP('',(#4661,#4662,#4668,#4669));
#4671=FACE_BOUND('',#4670,.T.);
#4672=ADVANCED_FACE('',(#4671),#4660,.T.);
#4673=CARTESIAN_POINT('',(65.600376544,1.23448556,290.));
#4674=DIRECTION('',(-1.,-0.,-0.));
#4675=DIRECTION('',(0.,-1.,0.));
#4676=AXIS2_PLACEMENT_3D('',#4673,#4674,#4675);
#4677=PLANE('',#4676);
#4678=ORIENTED_EDGE('',*,*,#4519,.F.);
#4679=ORIENTED_EDGE('',*,*,#4667,.T.);
#4680=ORIENTED_EDGE('',*,*,#4439,.T.);
#4681=CARTESIAN_POINT('',(65.600376544,1.233166874,289.93));
#4682=DIRECTION('',(-0.,0.,1.));
#4683=VECTOR('',#4682,0.07);
#4684=LINE('',#4681,#4683);
#4685=EDGE_CURVE('',#4426,#4514,#4684,.T.);
#4686=ORIENTED_EDGE('',*,*,#4685,.T.);
#4687=EDGE_LOOP('',(#4678,#4679,#4680,#4686));
#4688=FACE_BOUND('',#4687,.T.);
#4689=ADVANCED_FACE('',(#4688),#4677,.T.);
#4690=CARTESIAN_POINT('',(65.600376544,-27.566317784,285.69));
#4691=DIRECTION('',(1.,0.,0.));
#4692=DIRECTION('',(0.,0.,-1.));
#4693=AXIS2_PLACEMENT_3D('',#4690,#4691,#4692);
#4694=PLANE('',#4693);
#4695=CARTESIAN_POINT('',(65.600376544,-56.365802442,281.45));
#4696=VERTEX_POINT('',#4695);
#4697=CARTESIAN_POINT('',(65.600376544,1.233166874,281.45));
#4698=VERTEX_POINT('',#4697);
#4699=CARTESIAN_POINT('',(65.600376544,-56.365802442,281.45));
#4700=DIRECTION('',(-0.,1.,-0.));
#4701=VECTOR('',#4700,57.598969316);
#4702=LINE('',#4699,#4701);
#4703=EDGE_CURVE('',#4696,#4698,#4702,.T.);
#4704=ORIENTED_EDGE('',*,*,#4703,.T.);
#4705=CARTESIAN_POINT('',(65.600376544,1.233166874,281.45));
#4706=DIRECTION('',(-0.,-0.,1.));
#4707=VECTOR('',#4706,8.48);
#4708=LINE('',#4705,#4707);
#4709=EDGE_CURVE('',#4698,#4426,#4708,.T.);
#4710=ORIENTED_EDGE('',*,*,#4709,.T.);
#4711=ORIENTED_EDGE('',*,*,#4431,.T.);
#4712=CARTESIAN_POINT('',(65.600376544,-56.365802442,289.93));
#4713=DIRECTION('',(0.,0.,-1.));
#4714=VECTOR('',#4713,8.48);
#4715=LINE('',#4712,#4714);
#4716=EDGE_CURVE('',#4418,#4696,#4715,.T.);
#4717=ORIENTED_EDGE('',*,*,#4716,.T.);
#4718=EDGE_LOOP('',(#4704,#4710,#4711,#4717));
#4719=FACE_BOUND('',#4718,.T.);
#4720=ADVANCED_FACE('',(#4719),#4694,.T.);
#4721=CARTESIAN_POINT('',(65.600376544,1.23448556,290.));
#4722=DIRECTION('',(-1.,-0.,-0.));
#4723=DIRECTION('',(0.,-1.,0.));
#4724=AXIS2_PLACEMENT_3D('',#4721,#4722,#4723);
#4725=PLANE('',#4724);
#4726=ORIENTED_EDGE('',*,*,#4551,.F.);
#4727=CARTESIAN_POINT('',(65.600376544,-56.365802442,290.));
#4728=DIRECTION('',(0.,-0.,-1.));
#4729=VECTOR('',#4728,0.07);
#4730=LINE('',#4727,#4729);
#4731=EDGE_CURVE('',#4538,#4418,#4730,.T.);
#4732=ORIENTED_EDGE('',*,*,#4731,.T.);
#4733=ORIENTED_EDGE('',*,*,#4423,.T.);
#4734=CARTESIAN_POINT('',(65.600376544,-56.426077166,290.));
#4735=DIRECTION('',(0.,-0.,-1.));
#4736=VECTOR('',#4735,0.07);
#4737=LINE('',#4734,#4736);
#4738=EDGE_CURVE('',#4546,#4410,#4737,.T.);
#4739=ORIENTED_EDGE('',*,*,#4738,.F.);
#4740=EDGE_LOOP('',(#4726,#4732,#4733,#4739));
#4741=FACE_BOUND('',#4740,.T.);
#4742=ADVANCED_FACE('',(#4741),#4725,.T.);
#4743=CARTESIAN_POINT('',(65.600376544,-56.426077166,290.));
#4744=DIRECTION('',(-0.997981055,-0.06351232,-0.));
#4745=DIRECTION('',(0.06351232,-0.997981055,0.));
#4746=AXIS2_PLACEMENT_3D('',#4743,#4744,#4745);
#4747=PLANE('',#4746);
#4748=ORIENTED_EDGE('',*,*,#4738,.T.);
#4749=ORIENTED_EDGE('',*,*,#4415,.T.);
#4750=CARTESIAN_POINT('',(66.219161483,-66.149161483,290.));
#4751=DIRECTION('',(0.,-0.,-1.));
#4752=VECTOR('',#4751,0.07);
#4753=LINE('',#4750,#4752);
#4754=EDGE_CURVE('',#4554,#4400,#4753,.T.);
#4755=ORIENTED_EDGE('',*,*,#4754,.F.);
#4756=ORIENTED_EDGE('',*,*,#4559,.F.);
#4757=EDGE_LOOP('',(#4748,#4749,#4755,#4756));
#4758=FACE_BOUND('',#4757,.T.);
#4759=ADVANCED_FACE('',(#4758),#4747,.T.);
#4760=CARTESIAN_POINT('',(66.219161483,-66.149161483,290.));
#4761=DIRECTION('',(-0.071874143,0.997413709,-0.));
#4762=DIRECTION('',(-0.997413709,-0.071874143,-0.));
#4763=AXIS2_PLACEMENT_3D('',#4760,#4761,#4762);
#4764=PLANE('',#4763);
#4765=ORIENTED_EDGE('',*,*,#4754,.T.);
#4766=ORIENTED_EDGE('',*,*,#4407,.T.);
#4767=ORIENTED_EDGE('',*,*,#4631,.F.);
#4768=ORIENTED_EDGE('',*,*,#4567,.F.);
#4769=EDGE_LOOP('',(#4765,#4766,#4767,#4768));
#4770=FACE_BOUND('',#4769,.T.);
#4771=ADVANCED_FACE('',(#4770),#4764,.T.);
#4772=CARTESIAN_POINT('',(65.530376544,-56.365802442,290.));
#4773=DIRECTION('',(-0.,1.,-0.));
#4774=DIRECTION('',(0.,0.,-1.));
#4775=AXIS2_PLACEMENT_3D('',#4772,#4773,#4774);
#4776=PLANE('',#4775);
#4777=CARTESIAN_POINT('',(65.530376544,-56.365802442,281.38));
#4778=VERTEX_POINT('',#4777);
#4779=CARTESIAN_POINT('',(65.530376544,-56.365802442,290.));
#4780=DIRECTION('',(0.,0.,-1.));
#4781=VECTOR('',#4780,8.62);
#4782=LINE('',#4779,#4781);
#4783=EDGE_CURVE('',#4530,#4778,#4782,.T.);
#4784=ORIENTED_EDGE('',*,*,#4783,.T.);
#4785=CARTESIAN_POINT('',(65.600376544,-56.365802442,281.38));
#4786=VERTEX_POINT('',#4785);
#4787=CARTESIAN_POINT('',(65.530376544,-56.365802442,281.38));
#4788=DIRECTION('',(1.,0.,0.));
#4789=VECTOR('',#4788,0.07);
#4790=LINE('',#4787,#4789);
#4791=EDGE_CURVE('',#4778,#4786,#4790,.T.);
#4792=ORIENTED_EDGE('',*,*,#4791,.T.);
#4793=CARTESIAN_POINT('',(65.600376544,-56.365802442,281.45));
#4794=DIRECTION('',(0.,-0.,-1.));
#4795=VECTOR('',#4794,0.07);
#4796=LINE('',#4793,#4795);
#4797=EDGE_CURVE('',#4696,#4786,#4796,.T.);
#4798=ORIENTED_EDGE('',*,*,#4797,.F.);
#4799=ORIENTED_EDGE('',*,*,#4716,.F.);
#4800=ORIENTED_EDGE('',*,*,#4731,.F.);
#4801=ORIENTED_EDGE('',*,*,#4543,.F.);
#4802=EDGE_LOOP('',(#4784,#4792,#4798,#4799,#4800,#4801));
#4803=FACE_BOUND('',#4802,.T.);
#4804=ADVANCED_FACE('',(#4803),#4776,.F.);
#4805=CARTESIAN_POINT('',(65.530376544,-27.566317784,285.69));
#4806=DIRECTION('',(1.,0.,0.));
#4807=DIRECTION('',(0.,0.,-1.));
#4808=AXIS2_PLACEMENT_3D('',#4805,#4806,#4807);
#4809=PLANE('',#4808);
#4810=CARTESIAN_POINT('',(65.530376544,1.233166874,281.38));
#4811=VERTEX_POINT('',#4810);
#4812=CARTESIAN_POINT('',(65.530376544,1.233166874,281.38));
#4813=DIRECTION('',(-0.,0.,1.));
#4814=VECTOR('',#4813,8.62);
#4815=LINE('',#4812,#4814);
#4816=EDGE_CURVE('',#4811,#4522,#4815,.T.);
#4817=ORIENTED_EDGE('',*,*,#4816,.F.);
#4818=CARTESIAN_POINT('',(65.530376544,-56.365802442,281.38));
#4819=DIRECTION('',(-0.,1.,-0.));
#4820=VECTOR('',#4819,57.598969316);
#4821=LINE('',#4818,#4820);
#4822=EDGE_CURVE('',#4778,#4811,#4821,.T.);
#4823=ORIENTED_EDGE('',*,*,#4822,.F.);
#4824=ORIENTED_EDGE('',*,*,#4783,.F.);
#4825=ORIENTED_EDGE('',*,*,#4535,.F.);
#4826=EDGE_LOOP('',(#4817,#4823,#4824,#4825));
#4827=FACE_BOUND('',#4826,.T.);
#4828=ADVANCED_FACE('',(#4827),#4809,.F.);
#4829=CARTESIAN_POINT('',(65.530376544,1.233166874,281.38));
#4830=DIRECTION('',(0.,-1.,0.));
#4831=DIRECTION('',(-0.,0.,1.));
#4832=AXIS2_PLACEMENT_3D('',#4829,#4830,#4831);
#4833=PLANE('',#4832);
#4834=ORIENTED_EDGE('',*,*,#4816,.T.);
#4835=ORIENTED_EDGE('',*,*,#4527,.T.);
#4836=ORIENTED_EDGE('',*,*,#4685,.F.);
#4837=ORIENTED_EDGE('',*,*,#4709,.F.);
#4838=CARTESIAN_POINT('',(65.600376544,1.233166874,281.38));
#4839=VERTEX_POINT('',#4838);
#4840=CARTESIAN_POINT('',(65.600376544,1.233166874,281.38));
#4841=DIRECTION('',(-0.,0.,1.));
#4842=VECTOR('',#4841,0.07);
#4843=LINE('',#4840,#4842);
#4844=EDGE_CURVE('',#4839,#4698,#4843,.T.);
#4845=ORIENTED_EDGE('',*,*,#4844,.F.);
#4846=CARTESIAN_POINT('',(65.530376544,1.233166874,281.38));
#4847=DIRECTION('',(1.,0.,0.));
#4848=VECTOR('',#4847,0.07);
#4849=LINE('',#4846,#4848);
#4850=EDGE_CURVE('',#4811,#4839,#4849,.T.);
#4851=ORIENTED_EDGE('',*,*,#4850,.F.);
#4852=EDGE_LOOP('',(#4834,#4835,#4836,#4837,#4845,#4851));
#4853=FACE_BOUND('',#4852,.T.);
#4854=ADVANCED_FACE('',(#4853),#4833,.F.);
#4855=CARTESIAN_POINT('',(40.923975104,73.831895633,281.45));
#4856=DIRECTION('',(0.,0.,-1.));
#4857=DIRECTION('',(-0.,1.,-0.));
#4858=AXIS2_PLACEMENT_3D('',#4855,#4856,#4857);
#4859=PLANE('',#4858);
#4860=CARTESIAN_POINT('',(11.475046354,73.640809821,281.45));
#4861=VERTEX_POINT('',#4860);
#4862=CARTESIAN_POINT('',(8.034506179,77.559781096,281.45));
#4863=VERTEX_POINT('',#4862);
#4864=CARTESIAN_POINT('',(11.475046354,73.640809821,281.45));
#4865=DIRECTION('',(-0.659746191,0.751488499,-0.));
#4866=VECTOR('',#4865,5.214945115);
#4867=LINE('',#4864,#4866);
#4868=EDGE_CURVE('',#4861,#4863,#4867,.T.);
#4869=ORIENTED_EDGE('',*,*,#4868,.F.);
#4870=CARTESIAN_POINT('',(69.97032609,69.90032609,281.45));
#4871=VERTEX_POINT('',#4870);
#4872=CARTESIAN_POINT('',(69.97032609,69.90032609,281.45));
#4873=DIRECTION('',(-0.997961764,0.063814717,-0.));
#4874=VECTOR('',#4873,58.614750447);
#4875=LINE('',#4872,#4874);
#4876=EDGE_CURVE('',#4871,#4861,#4875,.T.);
#4877=ORIENTED_EDGE('',*,*,#4876,.F.);
#4878=CARTESIAN_POINT('',(65.600376544,1.23448556,281.45));
#4879=VERTEX_POINT('',#4878);
#4880=CARTESIAN_POINT('',(65.600376544,1.23448556,281.45));
#4881=DIRECTION('',(0.06351232,0.997981055,0.));
#4882=VECTOR('',#4881,68.804753576);
#4883=LINE('',#4880,#4882);
#4884=EDGE_CURVE('',#4879,#4871,#4883,.T.);
#4885=ORIENTED_EDGE('',*,*,#4884,.F.);
#4886=CARTESIAN_POINT('',(65.600376544,1.233166874,281.45));
#4887=DIRECTION('',(-0.,1.,-0.));
#4888=VECTOR('',#4887,0.001318686);
#4889=LINE('',#4886,#4888);
#4890=EDGE_CURVE('',#4698,#4879,#4889,.T.);
#4891=ORIENTED_EDGE('',*,*,#4890,.F.);
#4892=ORIENTED_EDGE('',*,*,#4703,.F.);
#4893=CARTESIAN_POINT('',(65.600376544,-56.426077166,281.45));
#4894=VERTEX_POINT('',#4893);
#4895=CARTESIAN_POINT('',(65.600376544,-56.426077166,281.45));
#4896=DIRECTION('',(-0.,1.,-0.));
#4897=VECTOR('',#4896,0.060274725);
#4898=LINE('',#4895,#4897);
#4899=EDGE_CURVE('',#4894,#4696,#4898,.T.);
#4900=ORIENTED_EDGE('',*,*,#4899,.F.);
#4901=CARTESIAN_POINT('',(73.889297366,73.819297366,281.45));
#4902=VERTEX_POINT('',#4901);
#4903=CARTESIAN_POINT('',(73.889297366,73.819297366,281.45));
#4904=DIRECTION('',(-0.06351232,-0.997981055,-0.));
#4905=VECTOR('',#4904,130.508864815);
#4906=LINE('',#4903,#4905);
#4907=EDGE_CURVE('',#4902,#4894,#4906,.T.);
#4908=ORIENTED_EDGE('',*,*,#4907,.F.);
#4909=CARTESIAN_POINT('',(8.034506179,77.559781096,281.45));
#4910=DIRECTION('',(0.998390831,-0.056707562,0.));
#4911=VECTOR('',#4910,65.960933443);
#4912=LINE('',#4909,#4911);
#4913=EDGE_CURVE('',#4863,#4902,#4912,.T.);
#4914=ORIENTED_EDGE('',*,*,#4913,.F.);
#4915=EDGE_LOOP('',(#4869,#4877,#4885,#4891,#4892,#4900,#4908,#4914));
#4916=FACE_BOUND('',#4915,.T.);
#4917=ADVANCED_FACE('',(#4916),#4859,.F.);
#4918=CARTESIAN_POINT('',(40.923975104,73.831895633,281.38));
#4919=DIRECTION('',(0.,0.,-1.));
#4920=DIRECTION('',(-0.,1.,-0.));
#4921=AXIS2_PLACEMENT_3D('',#4918,#4919,#4920);
#4922=PLANE('',#4921);
#4923=CARTESIAN_POINT('',(15.394017629,73.640809821,281.38));
#4924=VERTEX_POINT('',#4923);
#4925=CARTESIAN_POINT('',(15.394017629,73.640809821,281.38));
#4926=DIRECTION('',(-1.,0.,0.));
#4927=VECTOR('',#4926,3.918971275);
#4928=LINE('',#4925,#4927);
#4929=EDGE_CURVE('',#4924,#205,#4928,.T.);
#4930=ORIENTED_EDGE('',*,*,#4929,.F.);
#4931=CARTESIAN_POINT('',(15.394017629,77.141768491,281.38));
#4932=VERTEX_POINT('',#4931);
#4933=CARTESIAN_POINT('',(15.394017629,77.141768491,281.38));
#4934=DIRECTION('',(0.,-1.,0.));
#4935=VECTOR('',#4934,3.50095867);
#4936=LINE('',#4933,#4935);
#4937=EDGE_CURVE('',#4932,#4924,#4936,.T.);
#4938=ORIENTED_EDGE('',*,*,#4937,.F.);
#4939=CARTESIAN_POINT('',(73.889297366,73.819297366,281.38));
#4940=VERTEX_POINT('',#4939);
#4941=CARTESIAN_POINT('',(15.394017629,77.141768491,281.38));
#4942=DIRECTION('',(0.998390831,-0.056707562,0.));
#4943=VECTOR('',#4942,58.589560212);
#4944=LINE('',#4941,#4943);
#4945=EDGE_CURVE('',#4932,#4940,#4944,.T.);
#4946=ORIENTED_EDGE('',*,*,#4945,.T.);
#4947=CARTESIAN_POINT('',(65.600376544,-56.426077166,281.38));
#4948=VERTEX_POINT('',#4947);
#4949=CARTESIAN_POINT('',(73.889297366,73.819297366,281.38));
#4950=DIRECTION('',(-0.06351232,-0.997981055,-0.));
#4951=VECTOR('',#4950,130.508864815);
#4952=LINE('',#4949,#4951);
#4953=EDGE_CURVE('',#4940,#4948,#4952,.T.);
#4954=ORIENTED_EDGE('',*,*,#4953,.T.);
#4955=CARTESIAN_POINT('',(65.600376544,-56.426077166,281.38));
#4956=DIRECTION('',(-0.,1.,-0.));
#4957=VECTOR('',#4956,0.060274725);
#4958=LINE('',#4955,#4957);
#4959=EDGE_CURVE('',#4948,#4786,#4958,.T.);
#4960=ORIENTED_EDGE('',*,*,#4959,.T.);
#4961=ORIENTED_EDGE('',*,*,#4791,.F.);
#4962=ORIENTED_EDGE('',*,*,#4822,.T.);
#4963=ORIENTED_EDGE('',*,*,#4850,.T.);
#4964=CARTESIAN_POINT('',(65.600376544,1.23448556,281.38));
#4965=VERTEX_POINT('',#4964);
#4966=CARTESIAN_POINT('',(65.600376544,1.233166874,281.38));
#4967=DIRECTION('',(-0.,1.,-0.));
#4968=VECTOR('',#4967,0.001318686);
#4969=LINE('',#4966,#4968);
#4970=EDGE_CURVE('',#4839,#4965,#4969,.T.);
#4971=ORIENTED_EDGE('',*,*,#4970,.T.);
#4972=CARTESIAN_POINT('',(69.97032609,69.90032609,281.38));
#4973=VERTEX_POINT('',#4972);
#4974=CARTESIAN_POINT('',(65.600376544,1.23448556,281.38));
#4975=DIRECTION('',(0.06351232,0.997981055,0.));
#4976=VECTOR('',#4975,68.804753576);
#4977=LINE('',#4974,#4976);
#4978=EDGE_CURVE('',#4965,#4973,#4977,.T.);
#4979=ORIENTED_EDGE('',*,*,#4978,.T.);
#4980=CARTESIAN_POINT('',(69.97032609,69.90032609,281.38));
#4981=DIRECTION('',(-0.997961764,0.063814717,-0.));
#4982=VECTOR('',#4981,58.614750447);
#4983=LINE('',#4980,#4982);
#4984=EDGE_CURVE('',#4973,#205,#4983,.T.);
#4985=ORIENTED_EDGE('',*,*,#4984,.T.);
#4986=EDGE_LOOP('',(#4930,#4938,#4946,#4954,#4960,#4961,#4962,#4963,#4971,#4979,#4985));
#4987=FACE_BOUND('',#4986,.T.);
#4988=ADVANCED_FACE('',(#4987),#4922,.T.);
#4989=CARTESIAN_POINT('',(65.600376544,-56.426077166,281.45));
#4990=DIRECTION('',(1.,0.,0.));
#4991=DIRECTION('',(-0.,1.,-0.));
#4992=AXIS2_PLACEMENT_3D('',#4989,#4990,#4991);
#4993=PLANE('',#4992);
#4994=ORIENTED_EDGE('',*,*,#4797,.T.);
#4995=ORIENTED_EDGE('',*,*,#4959,.F.);
#4996=CARTESIAN_POINT('',(65.600376544,-56.426077166,281.45));
#4997=DIRECTION('',(0.,-0.,-1.));
#4998=VECTOR('',#4997,0.07);
#4999=LINE('',#4996,#4998);
#5000=EDGE_CURVE('',#4894,#4948,#4999,.T.);
#5001=ORIENTED_EDGE('',*,*,#5000,.F.);
#5002=ORIENTED_EDGE('',*,*,#4899,.T.);
#5003=EDGE_LOOP('',(#4994,#4995,#5001,#5002));
#5004=FACE_BOUND('',#5003,.T.);
#5005=ADVANCED_FACE('',(#5004),#4993,.F.);
#5006=CARTESIAN_POINT('',(65.600376544,-56.426077166,281.45));
#5007=DIRECTION('',(1.,0.,0.));
#5008=DIRECTION('',(-0.,1.,-0.));
#5009=AXIS2_PLACEMENT_3D('',#5006,#5007,#5008);
#5010=PLANE('',#5009);
#5011=CARTESIAN_POINT('',(65.600376544,1.23448556,281.45));
#5012=DIRECTION('',(0.,-0.,-1.));
#5013=VECTOR('',#5012,0.07);
#5014=LINE('',#5011,#5013);
#5015=EDGE_CURVE('',#4879,#4965,#5014,.T.);
#5016=ORIENTED_EDGE('',*,*,#5015,.T.);
#5017=ORIENTED_EDGE('',*,*,#4970,.F.);
#5018=ORIENTED_EDGE('',*,*,#4844,.T.);
#5019=ORIENTED_EDGE('',*,*,#4890,.T.);
#5020=EDGE_LOOP('',(#5016,#5017,#5018,#5019));
#5021=FACE_BOUND('',#5020,.T.);
#5022=ADVANCED_FACE('',(#5021),#5010,.F.);
#5023=CARTESIAN_POINT('',(8.034506179,77.559781096,281.45));
#5024=DIRECTION('',(-0.056707562,-0.998390831,-0.));
#5025=DIRECTION('',(0.998390831,-0.056707562,0.));
#5026=AXIS2_PLACEMENT_3D('',#5023,#5024,#5025);
#5027=PLANE('',#5026);
#5028=ORIENTED_EDGE('',*,*,#4913,.T.);
#5029=CARTESIAN_POINT('',(73.889297366,73.819297366,281.45));
#5030=DIRECTION('',(0.,-0.,-1.));
#5031=VECTOR('',#5030,0.07);
#5032=LINE('',#5029,#5031);
#5033=EDGE_CURVE('',#4902,#4940,#5032,.T.);
#5034=ORIENTED_EDGE('',*,*,#5033,.T.);
#5035=ORIENTED_EDGE('',*,*,#4945,.F.);
#5036=CARTESIAN_POINT('',(11.475046354,77.364361988,281.38));
#5037=DIRECTION('',(0.998390831,-0.056707562,0.));
#5038=VECTOR('',#5037,3.925287725);
#5039=LINE('',#5036,#5038);
#5040=EDGE_CURVE('',#207,#4932,#5039,.T.);
#5041=ORIENTED_EDGE('',*,*,#5040,.F.);
#5042=ORIENTED_EDGE('',*,*,#226,.F.);
#5043=CARTESIAN_POINT('',(8.034506179,77.559781096,281.45));
#5044=DIRECTION('',(0.,-0.,-1.));
#5045=VECTOR('',#5044,0.07);
#5046=LINE('',#5043,#5045);
#5047=EDGE_CURVE('',#4863,#215,#5046,.T.);
#5048=ORIENTED_EDGE('',*,*,#5047,.F.);
#5049=EDGE_LOOP('',(#5028,#5034,#5035,#5041,#5042,#5048));
#5050=FACE_BOUND('',#5049,.T.);
#5051=ADVANCED_FACE('',(#5050),#5027,.F.);
#5052=CARTESIAN_POINT('',(73.889297366,73.819297366,281.45));
#5053=DIRECTION('',(-0.997981055,0.06351232,-0.));
#5054=DIRECTION('',(-0.06351232,-0.997981055,-0.));
#5055=AXIS2_PLACEMENT_3D('',#5052,#5053,#5054);
#5056=PLANE('',#5055);
#5057=ORIENTED_EDGE('',*,*,#4907,.T.);
#5058=ORIENTED_EDGE('',*,*,#5000,.T.);
#5059=ORIENTED_EDGE('',*,*,#4953,.F.);
#5060=ORIENTED_EDGE('',*,*,#5033,.F.);
#5061=EDGE_LOOP('',(#5057,#5058,#5059,#5060));
#5062=FACE_BOUND('',#5061,.T.);
#5063=ADVANCED_FACE('',(#5062),#5056,.F.);
#5064=CARTESIAN_POINT('',(65.600376544,1.23448556,281.45));
#5065=DIRECTION('',(0.997981055,-0.06351232,0.));
#5066=DIRECTION('',(0.06351232,0.997981055,0.));
#5067=AXIS2_PLACEMENT_3D('',#5064,#5065,#5066);
#5068=PLANE('',#5067);
#5069=ORIENTED_EDGE('',*,*,#4884,.T.);
#5070=CARTESIAN_POINT('',(69.97032609,69.90032609,281.45));
#5071=DIRECTION('',(0.,-0.,-1.));
#5072=VECTOR('',#5071,0.07);
#5073=LINE('',#5070,#5072);
#5074=EDGE_CURVE('',#4871,#4973,#5073,.T.);
#5075=ORIENTED_EDGE('',*,*,#5074,.T.);
#5076=ORIENTED_EDGE('',*,*,#4978,.F.);
#5077=ORIENTED_EDGE('',*,*,#5015,.F.);
#5078=EDGE_LOOP('',(#5069,#5075,#5076,#5077));
#5079=FACE_BOUND('',#5078,.T.);
#5080=ADVANCED_FACE('',(#5079),#5068,.F.);
#5081=CARTESIAN_POINT('',(69.97032609,69.90032609,281.45));
#5082=DIRECTION('',(0.063814717,0.997961764,0.));
#5083=DIRECTION('',(-0.997961764,0.063814717,-0.));
#5084=AXIS2_PLACEMENT_3D('',#5081,#5082,#5083);
#5085=PLANE('',#5084);
#5086=ORIENTED_EDGE('',*,*,#4876,.T.);
#5087=CARTESIAN_POINT('',(11.475046354,73.640809821,281.45));
#5088=DIRECTION('',(0.,-0.,-1.));
#5089=VECTOR('',#5088,0.07);
#5090=LINE('',#5087,#5089);
#5091=EDGE_CURVE('',#4861,#205,#5090,.T.);
#5092=ORIENTED_EDGE('',*,*,#5091,.T.);
#5093=ORIENTED_EDGE('',*,*,#4984,.F.);
#5094=ORIENTED_EDGE('',*,*,#5074,.F.);
#5095=EDGE_LOOP('',(#5086,#5092,#5093,#5094));
#5096=FACE_BOUND('',#5095,.T.);
#5097=ADVANCED_FACE('',(#5096),#5085,.F.);
#5098=CARTESIAN_POINT('',(11.475046354,73.640809821,281.45));
#5099=DIRECTION('',(0.751488499,0.659746191,0.));
#5100=DIRECTION('',(-0.659746191,0.751488499,-0.));
#5101=AXIS2_PLACEMENT_3D('',#5098,#5099,#5100);
#5102=PLANE('',#5101);
#5103=ORIENTED_EDGE('',*,*,#4868,.T.);
#5104=ORIENTED_EDGE('',*,*,#5047,.T.);
#5105=ORIENTED_EDGE('',*,*,#220,.F.);
#5106=ORIENTED_EDGE('',*,*,#5091,.F.);
#5107=EDGE_LOOP('',(#5103,#5104,#5105,#5106));
#5108=FACE_BOUND('',#5107,.T.);
#5109=ADVANCED_FACE('',(#5108),#5102,.F.);
#5110=CARTESIAN_POINT('',(11.475046354,77.557179586,280.401882171));
#5111=CARTESIAN_POINT('',(4.834357941,78.710652077,269.739364936));
#5112=CARTESIAN_POINT('',(-1.806305596,79.864006167,259.076819395));
#5113=CARTESIAN_POINT('',(-8.447005735,81.017241937,248.414283856));
#5114=CARTESIAN_POINT('',(11.475046354,77.522382607,280.398117829));
#5115=CARTESIAN_POINT('',(4.832370531,78.675722718,269.736824301));
#5116=CARTESIAN_POINT('',(-1.810330168,79.82918123,259.075559079));
#5117=CARTESIAN_POINT('',(-8.452994265,80.982758063,248.414283856));
#5118=B_SPLINE_SURFACE_WITH_KNOTS('',1,3,((#5110,#5111,#5112,#5113),(#5114,#5115,#5116,#5117)),.UNSPECIFIED.,.F.,.F.,.U.,(2,2),(4,4),(0.,1.),(0.,0.378426561),.UNSPECIFIED.);
#5119=CARTESIAN_POINT('',(11.475046349,77.557179587,280.401882162));
#5120=VERTEX_POINT('',#5119);
#5121=CARTESIAN_POINT('',(11.475046354,77.557179586,280.401882171));
#5122=CARTESIAN_POINT('',(11.475046354,77.522382607,280.398117829));
#5123=B_SPLINE_CURVE_WITH_KNOTS('',1,(#5121,#5122),.UNSPECIFIED.,.F.,.F.,(2,2),(0.,1.),.UNSPECIFIED.);
#5124=EDGE_CURVE('',#5120,#155,#5123,.T.);
#5125=ORIENTED_EDGE('',*,*,#5124,.F.);
#5126=CARTESIAN_POINT('',(-8.447005729,81.017241935,248.414283857));
#5127=VERTEX_POINT('',#5126);
#5128=CARTESIAN_POINT('',(11.475046354,77.557179586,280.401882171));
#5129=CARTESIAN_POINT('',(4.834357941,78.710652077,269.739364936));
#5130=CARTESIAN_POINT('',(-1.806305596,79.864006167,259.076819395));
#5131=CARTESIAN_POINT('',(-8.447005735,81.017241937,248.414283856));
#5132=B_SPLINE_CURVE_WITH_KNOTS('',3,(#5128,#5129,#5130,#5131),.UNSPECIFIED.,.F.,.F.,(4,4),(0.,1.),.UNSPECIFIED.);
#5133=EDGE_CURVE('',#5120,#5127,#5132,.T.);
#5134=ORIENTED_EDGE('',*,*,#5133,.T.);
#5135=CARTESIAN_POINT('',(-8.447005735,81.017241937,248.414283856));
#5136=CARTESIAN_POINT('',(-8.449001912,81.005747312,248.414283856));
#5137=CARTESIAN_POINT('',(-8.450998088,80.994252688,248.414283856));
#5138=CARTESIAN_POINT('',(-8.452994265,80.982758063,248.414283856));
#5139=B_SPLINE_CURVE_WITH_KNOTS('',3,(#5135,#5136,#5137,#5138),.UNSPECIFIED.,.F.,.F.,(4,4),(0.,1.),.UNSPECIFIED.);
#5140=EDGE_CURVE('',#5127,#164,#5139,.T.);
#5141=ORIENTED_EDGE('',*,*,#5140,.T.);
#5142=ORIENTED_EDGE('',*,*,#170,.F.);
#5143=EDGE_LOOP('',(#5125,#5134,#5141,#5142));
#5144=FACE_BOUND('',#5143,.T.);
#5145=ADVANCED_FACE('',(#5144),#5118,.F.);
#5146=CARTESIAN_POINT('',(-8.447005735,81.017241937,248.414283856));
#5147=CARTESIAN_POINT('',(-8.447196297,81.01727503,246.345236546));
#5148=CARTESIAN_POINT('',(-8.447351893,81.01729902,244.276189237));
#5149=CARTESIAN_POINT('',(-8.447486744,81.01731859,242.207141928));
#5150=CARTESIAN_POINT('',(-8.452994265,80.982758063,248.414283856));
#5151=CARTESIAN_POINT('',(-8.452803703,80.98272497,246.345236546));
#5152=CARTESIAN_POINT('',(-8.452648107,80.98270098,244.276189237));
#5153=CARTESIAN_POINT('',(-8.452513256,80.98268141,242.207141928));
#5154=B_SPLINE_SURFACE_WITH_KNOTS('',1,3,((#5146,#5147,#5148,#5149),(#5150,#5151,#5152,#5153)),.UNSPECIFIED.,.F.,.F.,.U.,(2,2),(4,4),(0.,1.),(0.,0.062071419),.UNSPECIFIED.);
#5155=ORIENTED_EDGE('',*,*,#177,.F.);
#5156=ORIENTED_EDGE('',*,*,#5140,.F.);
#5157=CARTESIAN_POINT('',(-8.447005735,81.017241937,248.414283856));
#5158=CARTESIAN_POINT('',(-8.447196297,81.01727503,246.345236546));
#5159=CARTESIAN_POINT('',(-8.447351893,81.01729902,244.276189237));
#5160=CARTESIAN_POINT('',(-8.447486744,81.01731859,242.207141928));
#5161=B_SPLINE_CURVE_WITH_KNOTS('',3,(#5157,#5158,#5159,#5160),.UNSPECIFIED.,.F.,.F.,(4,4),(0.,1.),.UNSPECIFIED.);
#5162=EDGE_CURVE('',#5127,#66,#5161,.T.);
#5163=ORIENTED_EDGE('',*,*,#5162,.T.);
#5164=ORIENTED_EDGE('',*,*,#72,.T.);
#5165=ORIENTED_EDGE('',*,*,#109,.T.);
#5166=EDGE_LOOP('',(#5155,#5156,#5163,#5164,#5165));
#5167=FACE_BOUND('',#5166,.T.);
#5168=ADVANCED_FACE('',(#5167),#5154,.F.);
#5169=CARTESIAN_POINT('',(-8.447486744,81.01731859,242.207141928));
#5170=CARTESIAN_POINT('',(15.394017629,77.557209714,280.401579008));
#5171=CARTESIAN_POINT('',(-8.447005735,81.017241937,248.414283856));
#5172=CARTESIAN_POINT('',(11.475046354,77.557179586,280.401882171));
#5173=B_SPLINE_SURFACE_WITH_KNOTS('',1,1,((#5169,#5170),(#5171,#5172)),.UNSPECIFIED.,.F.,.F.,.U.,(2,2),(2,2),(0.,1.),(0.,1.),.UNSPECIFIED.);
#5174=CARTESIAN_POINT('',(11.475046354,77.559545205,280.38));
#5175=VERTEX_POINT('',#5174);
#5176=CARTESIAN_POINT('',(15.380547691,77.559164742,280.38));
#5177=CARTESIAN_POINT('',(14.07871391,77.559270285,280.38));
#5178=CARTESIAN_POINT('',(12.77688013,77.559392826,280.38));
#5179=CARTESIAN_POINT('',(11.475046354,77.559545205,280.38));
#5180=B_SPLINE_CURVE_WITH_KNOTS('',3,(#5176,#5177,#5178,#5179),.UNSPECIFIED.,.F.,.F.,(4,4),(0.,0.003905501),.UNSPECIFIED.);
#5181=EDGE_CURVE('',#75,#5175,#5180,.T.);
#5182=ORIENTED_EDGE('',*,*,#5181,.F.);
#5183=ORIENTED_EDGE('',*,*,#81,.F.);
#5184=ORIENTED_EDGE('',*,*,#5162,.F.);
#5185=ORIENTED_EDGE('',*,*,#5133,.F.);
#5186=CARTESIAN_POINT('',(11.475046354,77.559545205,280.38));
#5187=CARTESIAN_POINT('',(11.475046354,77.558757191,280.387294111));
#5188=CARTESIAN_POINT('',(11.475046354,77.557968652,280.394588165));
#5189=CARTESIAN_POINT('',(11.475046354,77.557179587,280.401882162));
#5190=B_SPLINE_CURVE_WITH_KNOTS('',3,(#5186,#5187,#5188,#5189),.UNSPECIFIED.,.F.,.F.,(4,4),(0.,0.00002201),.UNSPECIFIED.);
#5191=EDGE_CURVE('',#5175,#5120,#5190,.T.);
#5192=ORIENTED_EDGE('',*,*,#5191,.F.);
#5193=EDGE_LOOP('',(#5182,#5183,#5184,#5185,#5192));
#5194=FACE_BOUND('',#5193,.T.);
#5195=ADVANCED_FACE('',(#5194),#5173,.T.);
#5196=CARTESIAN_POINT('',(13.434531992,75.600295459,280.38));
#5197=DIRECTION('',(0.,0.,-1.));
#5198=DIRECTION('',(-1.,0.,0.));
#5199=AXIS2_PLACEMENT_3D('',#5196,#5197,#5198);
#5200=PLANE('',#5199);
#5201=ORIENTED_EDGE('',*,*,#152,.F.);
#5202=ORIENTED_EDGE('',*,*,#88,.T.);
#5203=ORIENTED_EDGE('',*,*,#5181,.T.);
#5204=CARTESIAN_POINT('',(11.475046354,77.559781096,280.38));
#5205=VERTEX_POINT('',#5204);
#5206=CARTESIAN_POINT('',(11.475046354,77.559781096,280.38));
#5207=DIRECTION('',(0.,-1.,0.));
#5208=VECTOR('',#5207,0.000235891);
#5209=LINE('',#5206,#5208);
#5210=EDGE_CURVE('',#5205,#5175,#5209,.T.);
#5211=ORIENTED_EDGE('',*,*,#5210,.F.);
#5212=CARTESIAN_POINT('',(15.394017629,77.559781096,280.38));
#5213=VERTEX_POINT('',#5212);
#5214=CARTESIAN_POINT('',(15.394017629,77.559781096,280.38));
#5215=DIRECTION('',(-1.,0.,0.));
#5216=VECTOR('',#5215,3.918971275);
#5217=LINE('',#5214,#5216);
#5218=EDGE_CURVE('',#5213,#5205,#5217,.T.);
#5219=ORIENTED_EDGE('',*,*,#5218,.F.);
#5220=CARTESIAN_POINT('',(15.394017629,73.640809821,280.38));
#5221=VERTEX_POINT('',#5220);
#5222=CARTESIAN_POINT('',(15.394017629,73.640809821,280.38));
#5223=DIRECTION('',(0.,1.,0.));
#5224=VECTOR('',#5223,3.918971275);
#5225=LINE('',#5222,#5224);
#5226=EDGE_CURVE('',#5221,#5213,#5225,.T.);
#5227=ORIENTED_EDGE('',*,*,#5226,.F.);
#5228=CARTESIAN_POINT('',(11.475046354,73.640809821,280.38));
#5229=VERTEX_POINT('',#5228);
#5230=CARTESIAN_POINT('',(11.475046354,73.640809821,280.38));
#5231=DIRECTION('',(1.,0.,-0.));
#5232=VECTOR('',#5231,3.918971275);
#5233=LINE('',#5230,#5232);
#5234=EDGE_CURVE('',#5229,#5221,#5233,.T.);
#5235=ORIENTED_EDGE('',*,*,#5234,.F.);
#5236=CARTESIAN_POINT('',(11.475046354,77.524341501,280.38));
#5237=DIRECTION('',(0.,-1.,0.));
#5238=VECTOR('',#5237,3.88353168);
#5239=LINE('',#5236,#5238);
#5240=EDGE_CURVE('',#146,#5229,#5239,.T.);
#5241=ORIENTED_EDGE('',*,*,#5240,.F.);
#5242=EDGE_LOOP('',(#5201,#5202,#5203,#5211,#5219,#5227,#5235,#5241));
#5243=FACE_BOUND('',#5242,.T.);
#5244=ADVANCED_FACE('',(#5243),#5200,.T.);
#5245=CARTESIAN_POINT('',(11.475046354,75.600295459,281.38));
#5246=DIRECTION('',(-1.,0.,0.));
#5247=DIRECTION('',(0.,0.,1.));
#5248=AXIS2_PLACEMENT_3D('',#5245,#5246,#5247);
#5249=PLANE('',#5248);
#5250=ORIENTED_EDGE('',*,*,#161,.F.);
#5251=ORIENTED_EDGE('',*,*,#5240,.T.);
#5252=CARTESIAN_POINT('',(11.475046354,73.640809821,281.38));
#5253=DIRECTION('',(0.,0.,-1.));
#5254=VECTOR('',#5253,1.);
#5255=LINE('',#5252,#5254);
#5256=EDGE_CURVE('',#205,#5229,#5255,.T.);
#5257=ORIENTED_EDGE('',*,*,#5256,.F.);
#5258=ORIENTED_EDGE('',*,*,#212,.T.);
#5259=CARTESIAN_POINT('',(11.475046354,77.559781096,281.38));
#5260=VERTEX_POINT('',#5259);
#5261=CARTESIAN_POINT('',(11.475046354,77.364361988,281.38));
#5262=DIRECTION('',(0.,1.,0.));
#5263=VECTOR('',#5262,0.195419108);
#5264=LINE('',#5261,#5263);
#5265=EDGE_CURVE('',#207,#5260,#5264,.T.);
#5266=ORIENTED_EDGE('',*,*,#5265,.T.);
#5267=CARTESIAN_POINT('',(11.475046354,77.559781096,281.38));
#5268=DIRECTION('',(0.,0.,-1.));
#5269=VECTOR('',#5268,1.);
#5270=LINE('',#5267,#5269);
#5271=EDGE_CURVE('',#5260,#5205,#5270,.T.);
#5272=ORIENTED_EDGE('',*,*,#5271,.T.);
#5273=ORIENTED_EDGE('',*,*,#5210,.T.);
#5274=ORIENTED_EDGE('',*,*,#5191,.T.);
#5275=ORIENTED_EDGE('',*,*,#5124,.T.);
#5276=EDGE_LOOP('',(#5250,#5251,#5257,#5258,#5266,#5272,#5273,#5274,#5275));
#5277=FACE_BOUND('',#5276,.T.);
#5278=ADVANCED_FACE('',(#5277),#5249,.T.);
#5279=CARTESIAN_POINT('',(13.434531992,73.640809821,281.38));
#5280=DIRECTION('',(0.,-1.,0.));
#5281=DIRECTION('',(0.,0.,-1.));
#5282=AXIS2_PLACEMENT_3D('',#5279,#5280,#5281);
#5283=PLANE('',#5282);
#5284=ORIENTED_EDGE('',*,*,#5256,.T.);
#5285=ORIENTED_EDGE('',*,*,#5234,.T.);
#5286=CARTESIAN_POINT('',(15.394017629,73.640809821,281.38));
#5287=DIRECTION('',(0.,0.,-1.));
#5288=VECTOR('',#5287,1.);
#5289=LINE('',#5286,#5288);
#5290=EDGE_CURVE('',#4924,#5221,#5289,.T.);
#5291=ORIENTED_EDGE('',*,*,#5290,.F.);
#5292=ORIENTED_EDGE('',*,*,#4929,.T.);
#5293=EDGE_LOOP('',(#5284,#5285,#5291,#5292));
#5294=FACE_BOUND('',#5293,.T.);
#5295=ADVANCED_FACE('',(#5294),#5283,.T.);
#5296=CARTESIAN_POINT('',(15.394017629,75.600295459,281.38));
#5297=DIRECTION('',(1.,0.,0.));
#5298=DIRECTION('',(0.,0.,-1.));
#5299=AXIS2_PLACEMENT_3D('',#5296,#5297,#5298);
#5300=PLANE('',#5299);
#5301=ORIENTED_EDGE('',*,*,#5290,.T.);
#5302=ORIENTED_EDGE('',*,*,#5226,.T.);
#5303=CARTESIAN_POINT('',(15.394017629,77.559781096,281.38));
#5304=VERTEX_POINT('',#5303);
#5305=CARTESIAN_POINT('',(15.394017629,77.559781096,281.38));
#5306=DIRECTION('',(0.,0.,-1.));
#5307=VECTOR('',#5306,1.);
#5308=LINE('',#5305,#5307);
#5309=EDGE_CURVE('',#5304,#5213,#5308,.T.);
#5310=ORIENTED_EDGE('',*,*,#5309,.F.);
#5311=CARTESIAN_POINT('',(15.394017629,77.559781096,281.38));
#5312=DIRECTION('',(0.,-1.,0.));
#5313=VECTOR('',#5312,0.418012605);
#5314=LINE('',#5311,#5313);
#5315=EDGE_CURVE('',#5304,#4932,#5314,.T.);
#5316=ORIENTED_EDGE('',*,*,#5315,.T.);
#5317=ORIENTED_EDGE('',*,*,#4937,.T.);
#5318=EDGE_LOOP('',(#5301,#5302,#5310,#5316,#5317));
#5319=FACE_BOUND('',#5318,.T.);
#5320=ADVANCED_FACE('',(#5319),#5300,.T.);
#5321=CARTESIAN_POINT('',(13.434531992,77.559781096,281.38));
#5322=DIRECTION('',(0.,1.,0.));
#5323=DIRECTION('',(0.,0.,1.));
#5324=AXIS2_PLACEMENT_3D('',#5321,#5322,#5323);
#5325=PLANE('',#5324);
#5326=ORIENTED_EDGE('',*,*,#5309,.T.);
#5327=ORIENTED_EDGE('',*,*,#5218,.T.);
#5328=ORIENTED_EDGE('',*,*,#5271,.F.);
#5329=CARTESIAN_POINT('',(11.475046354,77.559781096,281.38));
#5330=DIRECTION('',(1.,0.,-0.));
#5331=VECTOR('',#5330,3.918971275);
#5332=LINE('',#5329,#5331);
#5333=EDGE_CURVE('',#5260,#5304,#5332,.T.);
#5334=ORIENTED_EDGE('',*,*,#5333,.T.);
#5335=EDGE_LOOP('',(#5326,#5327,#5328,#5334));
#5336=FACE_BOUND('',#5335,.T.);
#5337=ADVANCED_FACE('',(#5336),#5325,.T.);
#5338=CARTESIAN_POINT('',(13.434531992,75.600295459,281.38));
#5339=DIRECTION('',(0.,0.,1.));
#5340=DIRECTION('',(1.,0.,0.));
#5341=AXIS2_PLACEMENT_3D('',#5338,#5339,#5340);
#5342=PLANE('',#5341);
#5343=ORIENTED_EDGE('',*,*,#5265,.F.);
#5344=ORIENTED_EDGE('',*,*,#5040,.T.);
#5345=ORIENTED_EDGE('',*,*,#5315,.F.);
#5346=ORIENTED_EDGE('',*,*,#5333,.F.);
#5347=EDGE_LOOP('',(#5343,#5344,#5345,#5346));
#5348=FACE_BOUND('',#5347,.T.);
#5349=ADVANCED_FACE('',(#5348),#5342,.T.);
#5350=CARTESIAN_POINT('',(-7.771147705,77.930291063,234.));
#5351=CARTESIAN_POINT('',(-5.278163863,77.278569047,241.747132417));
#5352=CARTESIAN_POINT('',(-2.784687144,76.626566263,249.494082504));
#5353=CARTESIAN_POINT('',(2.192067081,75.325273241,264.955012532));
#5354=CARTESIAN_POINT('',(4.675355508,74.67595837,272.668986886));
#5355=CARTESIAN_POINT('',(7.158731148,74.026636765,280.382932591));
#5356=CARTESIAN_POINT('',(-7.78,77.896429036,234.));
#5357=CARTESIAN_POINT('',(-5.284308247,77.243999111,241.746200912));
#5358=CARTESIAN_POINT('',(-2.789109368,76.591849952,249.492584162));
#5359=CARTESIAN_POINT('',(2.190336452,75.290368476,264.952631665));
#5360=CARTESIAN_POINT('',(4.674572473,74.641060791,272.666301509));
#5361=CARTESIAN_POINT('',(7.158721281,73.99175984,280.380000001));
#5362=B_SPLINE_SURFACE_WITH_KNOTS('',1,3,((#5350,#5351,#5352,#5353,#5354,#5355),(#5356,#5357,#5358,#5359,#5360,#5361)),.UNSPECIFIED.,.F.,.F.,.U.,(2,2),(4,2,4),(0.,1.),(0.,0.244932627,0.48882678),.UNSPECIFIED.);
#5363=CARTESIAN_POINT('',(7.158721281,73.99175984,280.380000001));
#5364=VERTEX_POINT('',#5363);
#5365=CARTESIAN_POINT('',(7.15778705,74.026883615,280.380000001));
#5366=VERTEX_POINT('',#5365);
#5367=CARTESIAN_POINT('',(7.158721281,73.99175984,280.38));
#5368=CARTESIAN_POINT('',(7.158409763,74.003467762,280.38));
#5369=CARTESIAN_POINT('',(7.158098352,74.015175687,280.38));
#5370=CARTESIAN_POINT('',(7.15778705,74.026883615,280.38));
#5371=B_SPLINE_CURVE_WITH_KNOTS('',3,(#5367,#5368,#5369,#5370),.UNSPECIFIED.,.F.,.F.,(4,4),(0.,0.000035136),.UNSPECIFIED.);
#5372=EDGE_CURVE('',#5364,#5366,#5371,.T.);
#5373=ORIENTED_EDGE('',*,*,#5372,.F.);
#5374=CARTESIAN_POINT('',(-7.779999996,77.896429035,234.000000021));
#5375=VERTEX_POINT('',#5374);
#5376=CARTESIAN_POINT('',(-7.78,77.896429036,234.));
#5377=CARTESIAN_POINT('',(-2.799197808,76.594335379,249.459559231));
#5378=CARTESIAN_POINT('',(2.179846444,75.29312639,264.919758975));
#5379=CARTESIAN_POINT('',(7.158721281,73.99175984,280.380000001));
#5380=B_SPLINE_CURVE_WITH_KNOTS('',3,(#5376,#5377,#5378,#5379),.UNSPECIFIED.,.F.,.F.,(4,4),(0.002119916,1.),.UNSPECIFIED.);
#5381=EDGE_CURVE('',#5375,#5364,#5380,.T.);
#5382=ORIENTED_EDGE('',*,*,#5381,.F.);
#5383=CARTESIAN_POINT('',(-7.771147701,77.930291062,234.000000021));
#5384=VERTEX_POINT('',#5383);
#5385=CARTESIAN_POINT('',(-7.771147705,77.930291063,234.));
#5386=CARTESIAN_POINT('',(-7.77409847,77.919003721,234.));
#5387=CARTESIAN_POINT('',(-7.777049235,77.907716378,234.));
#5388=CARTESIAN_POINT('',(-7.78,77.896429036,234.));
#5389=B_SPLINE_CURVE_WITH_KNOTS('',3,(#5385,#5386,#5387,#5388),.UNSPECIFIED.,.F.,.F.,(4,4),(0.,1.),.UNSPECIFIED.);
#5390=EDGE_CURVE('',#5384,#5375,#5389,.T.);
#5391=ORIENTED_EDGE('',*,*,#5390,.F.);
#5392=CARTESIAN_POINT('',(-7.771147705,77.930291063,234.));
#5393=CARTESIAN_POINT('',(-2.796064432,76.62969246,249.460440718));
#5394=CARTESIAN_POINT('',(2.180776586,75.328209276,264.920241012));
#5395=CARTESIAN_POINT('',(7.15778705,74.026883615,280.380000001));
#5396=B_SPLINE_CURVE_WITH_KNOTS('',3,(#5392,#5393,#5394,#5395),.UNSPECIFIED.,.F.,.F.,(4,4),(0.,0.997816991),.UNSPECIFIED.);
#5397=EDGE_CURVE('',#5384,#5366,#5396,.T.);
#5398=ORIENTED_EDGE('',*,*,#5397,.T.);
#5399=EDGE_LOOP('',(#5373,#5382,#5391,#5398));
#5400=FACE_BOUND('',#5399,.T.);
#5401=ADVANCED_FACE('',(#5400),#5362,.F.);
#5402=CARTESIAN_POINT('',(3.271481662,74.018322223,280.481692136));
#5403=CARTESIAN_POINT('',(1.43075243,74.670409986,273.76942774));
#5404=CARTESIAN_POINT('',(-0.409865302,75.322492574,267.057132258));
#5405=CARTESIAN_POINT('',(-4.090502386,76.626493428,253.63236119));
#5406=CARTESIAN_POINT('',(-5.930547064,77.278485354,246.919899697));
#5407=CARTESIAN_POINT('',(-7.769731585,77.929856046,240.207141928));
#5408=CARTESIAN_POINT('',(3.271481662,73.983486225,280.478307864));
#5409=CARTESIAN_POINT('',(1.429859055,74.635550404,273.766286235));
#5410=CARTESIAN_POINT('',(-0.41187505,75.287619758,267.054295694));
#5411=CARTESIAN_POINT('',(-4.095941643,76.591922787,253.630494714));
#5412=CARTESIAN_POINT('',(-5.938248808,77.244082805,246.918670163));
#5413=CARTESIAN_POINT('',(-7.78141612,77.896864053,240.207141928));
#5414=B_SPLINE_SURFACE_WITH_KNOTS('',1,3,((#5402,#5403,#5404,#5405,#5406,#5407),(#5408,#5409,#5410,#5411,#5412,#5413)),.UNSPECIFIED.,.F.,.F.,.U.,(2,2),(4,2,4),(0.,1.),(0.,0.209716943,0.419433886),.UNSPECIFIED.);
#5415=CARTESIAN_POINT('',(3.271481659,74.018322223,280.481692126));
#5416=VERTEX_POINT('',#5415);
#5417=CARTESIAN_POINT('',(3.271481659,73.983486226,280.478307854));
#5418=VERTEX_POINT('',#5417);
#5419=CARTESIAN_POINT('',(3.271481662,74.018322223,280.481692136));
#5420=CARTESIAN_POINT('',(3.271481662,73.983486225,280.478307864));
#5421=B_SPLINE_CURVE_WITH_KNOTS('',1,(#5419,#5420),.UNSPECIFIED.,.F.,.F.,(2,2),(0.,1.),.UNSPECIFIED.);
#5422=EDGE_CURVE('',#5416,#5418,#5421,.T.);
#5423=ORIENTED_EDGE('',*,*,#5422,.F.);
#5424=CARTESIAN_POINT('',(-7.769731581,77.929856045,240.20714193));
#5425=VERTEX_POINT('',#5424);
#5426=CARTESIAN_POINT('',(3.271481662,74.018322223,280.481692136));
#5427=CARTESIAN_POINT('',(-0.409976802,75.322497749,267.057163345));
#5428=CARTESIAN_POINT('',(-4.091362543,76.627114663,253.632657467));
#5429=CARTESIAN_POINT('',(-7.769731585,77.929856046,240.207141928));
#5430=B_SPLINE_CURVE_WITH_KNOTS('',3,(#5426,#5427,#5428,#5429),.UNSPECIFIED.,.F.,.F.,(4,4),(0.,1.),.UNSPECIFIED.);
#5431=EDGE_CURVE('',#5416,#5425,#5430,.T.);
#5432=ORIENTED_EDGE('',*,*,#5431,.T.);
#5433=CARTESIAN_POINT('',(-7.781416117,77.896864052,240.20714193));
#5434=VERTEX_POINT('',#5433);
#5435=CARTESIAN_POINT('',(-7.769731585,77.929856046,240.207141928));
#5436=CARTESIAN_POINT('',(-7.77362643,77.918858715,240.207141928));
#5437=CARTESIAN_POINT('',(-7.777521275,77.907861384,240.207141928));
#5438=CARTESIAN_POINT('',(-7.78141612,77.896864053,240.207141928));
#5439=B_SPLINE_CURVE_WITH_KNOTS('',3,(#5435,#5436,#5437,#5438),.UNSPECIFIED.,.F.,.F.,(4,4),(0.,1.),.UNSPECIFIED.);
#5440=EDGE_CURVE('',#5425,#5434,#5439,.T.);
#5441=ORIENTED_EDGE('',*,*,#5440,.T.);
#5442=CARTESIAN_POINT('',(3.271481662,73.983486225,280.478307864));
#5443=CARTESIAN_POINT('',(-0.411763551,75.287614583,267.054264605));
#5444=CARTESIAN_POINT('',(-4.095081496,76.591301556,253.630198398));
#5445=CARTESIAN_POINT('',(-7.78141612,77.896864053,240.207141928));
#5446=B_SPLINE_CURVE_WITH_KNOTS('',3,(#5442,#5443,#5444,#5445),.UNSPECIFIED.,.F.,.F.,(4,4),(0.,1.),.UNSPECIFIED.);
#5447=EDGE_CURVE('',#5418,#5434,#5446,.T.);
#5448=ORIENTED_EDGE('',*,*,#5447,.F.);
#5449=EDGE_LOOP('',(#5423,#5432,#5441,#5448));
#5450=FACE_BOUND('',#5449,.T.);
#5451=ADVANCED_FACE('',(#5450),#5414,.F.);
#5452=CARTESIAN_POINT('',(-7.769731585,77.929856046,240.207141928));
#5453=CARTESIAN_POINT('',(-7.770345441,77.930073451,238.13809462));
#5454=CARTESIAN_POINT('',(-7.770786079,77.930196526,236.069047309));
#5455=CARTESIAN_POINT('',(-7.771147705,77.930291063,234.));
#5456=CARTESIAN_POINT('',(-7.78141612,77.896864053,240.207141928));
#5457=CARTESIAN_POINT('',(-7.780802264,77.896646648,238.13809462));
#5458=CARTESIAN_POINT('',(-7.780361626,77.896523573,236.069047309));
#5459=CARTESIAN_POINT('',(-7.78,77.896429036,234.));
#5460=B_SPLINE_SURFACE_WITH_KNOTS('',1,3,((#5452,#5453,#5454,#5455),(#5456,#5457,#5458,#5459)),.UNSPECIFIED.,.F.,.F.,.U.,(2,2),(4,4),(0.,1.),(0.,0.062071419),.UNSPECIFIED.);
#5461=CARTESIAN_POINT('',(-7.769731585,77.929856046,240.207141928));
#5462=CARTESIAN_POINT('',(-7.770345441,77.930073451,238.13809462));
#5463=CARTESIAN_POINT('',(-7.770786079,77.930196526,236.069047309));
#5464=CARTESIAN_POINT('',(-7.771147705,77.930291063,234.));
#5465=B_SPLINE_CURVE_WITH_KNOTS('',3,(#5461,#5462,#5463,#5464),.UNSPECIFIED.,.F.,.F.,(4,4),(0.,1.),.UNSPECIFIED.);
#5466=EDGE_CURVE('',#5425,#5384,#5465,.T.);
#5467=ORIENTED_EDGE('',*,*,#5466,.T.);
#5468=ORIENTED_EDGE('',*,*,#5390,.T.);
#5469=CARTESIAN_POINT('',(-7.78141612,77.896864053,240.207141928));
#5470=CARTESIAN_POINT('',(-7.780802264,77.896646648,238.13809462));
#5471=CARTESIAN_POINT('',(-7.780361626,77.896523573,236.069047309));
#5472=CARTESIAN_POINT('',(-7.78,77.896429036,234.));
#5473=B_SPLINE_CURVE_WITH_KNOTS('',3,(#5469,#5470,#5471,#5472),.UNSPECIFIED.,.F.,.F.,(4,4),(0.,1.),.UNSPECIFIED.);
#5474=EDGE_CURVE('',#5434,#5375,#5473,.T.);
#5475=ORIENTED_EDGE('',*,*,#5474,.F.);
#5476=ORIENTED_EDGE('',*,*,#5440,.F.);
#5477=EDGE_LOOP('',(#5467,#5468,#5475,#5476));
#5478=FACE_BOUND('',#5477,.T.);
#5479=ADVANCED_FACE('',(#5478),#5460,.F.);
#5480=CARTESIAN_POINT('',(3.271481662,73.983486225,280.478307864));
#5481=CARTESIAN_POINT('',(-7.78141612,77.896864053,240.207141928));
#5482=CARTESIAN_POINT('',(7.190452937,73.983465894,280.478532128));
#5483=CARTESIAN_POINT('',(-7.78,77.896429036,234.));
#5484=B_SPLINE_SURFACE_WITH_KNOTS('',1,1,((#5480,#5481),(#5482,#5483)),.UNSPECIFIED.,.F.,.F.,.U.,(2,2),(2,2),(0.,1.),(0.,1.),.UNSPECIFIED.);
#5485=ORIENTED_EDGE('',*,*,#5381,.T.);
#5486=CARTESIAN_POINT('',(3.271481662,73.993026573,280.38));
#5487=VERTEX_POINT('',#5486);
#5488=CARTESIAN_POINT('',(7.158721281,73.99175984,280.38));
#5489=CARTESIAN_POINT('',(5.862974723,73.992126441,280.38));
#5490=CARTESIAN_POINT('',(4.567228181,73.992540228,280.38));
#5491=CARTESIAN_POINT('',(3.271481662,73.993026573,280.38));
#5492=B_SPLINE_CURVE_WITH_KNOTS('',3,(#5488,#5489,#5490,#5491),.UNSPECIFIED.,.F.,.F.,(4,4),(0.,0.00388724),.UNSPECIFIED.);
#5493=EDGE_CURVE('',#5364,#5487,#5492,.T.);
#5494=ORIENTED_EDGE('',*,*,#5493,.T.);
#5495=CARTESIAN_POINT('',(3.271481662,73.993026573,280.38));
#5496=CARTESIAN_POINT('',(3.271481662,73.989849805,280.41276961));
#5497=CARTESIAN_POINT('',(3.271481662,73.986669688,280.445538894));
#5498=CARTESIAN_POINT('',(3.271481662,73.983486226,280.478307855));
#5499=B_SPLINE_CURVE_WITH_KNOTS('',3,(#5495,#5496,#5497,#5498),.UNSPECIFIED.,.F.,.F.,(4,4),(0.,0.00009877),.UNSPECIFIED.);
#5500=EDGE_CURVE('',#5487,#5418,#5499,.T.);
#5501=ORIENTED_EDGE('',*,*,#5500,.T.);
#5502=ORIENTED_EDGE('',*,*,#5447,.T.);
#5503=ORIENTED_EDGE('',*,*,#5474,.T.);
#5504=EDGE_LOOP('',(#5485,#5494,#5501,#5502,#5503));
#5505=FACE_BOUND('',#5504,.T.);
#5506=ADVANCED_FACE('',(#5505),#5484,.F.);
#5507=CARTESIAN_POINT('',(3.271481662,74.018322223,280.481692136));
#5508=CARTESIAN_POINT('',(-7.769731585,77.929856046,240.207141928));
#5509=CARTESIAN_POINT('',(7.190452937,74.018342554,280.481467872));
#5510=CARTESIAN_POINT('',(-7.771147705,77.930291063,234.));
#5511=B_SPLINE_SURFACE_WITH_KNOTS('',1,1,((#5507,#5508),(#5509,#5510)),.UNSPECIFIED.,.F.,.F.,.U.,(2,2),(2,2),(0.,1.),(0.,1.),.UNSPECIFIED.);
#5512=CARTESIAN_POINT('',(3.271481662,74.028190641,280.38));
#5513=VERTEX_POINT('',#5512);
#5514=CARTESIAN_POINT('',(7.15778705,74.026883615,280.38));
#5515=CARTESIAN_POINT('',(5.862351902,74.027261047,280.38));
#5516=CARTESIAN_POINT('',(4.566916769,74.027687723,280.38));
#5517=CARTESIAN_POINT('',(3.271481662,74.028190641,280.38));
#5518=B_SPLINE_CURVE_WITH_KNOTS('',3,(#5514,#5515,#5516,#5517),.UNSPECIFIED.,.F.,.F.,(4,4),(0.,0.003886306),.UNSPECIFIED.);
#5519=EDGE_CURVE('',#5366,#5513,#5518,.T.);
#5520=ORIENTED_EDGE('',*,*,#5519,.F.);
#5521=ORIENTED_EDGE('',*,*,#5397,.F.);
#5522=ORIENTED_EDGE('',*,*,#5466,.F.);
#5523=ORIENTED_EDGE('',*,*,#5431,.F.);
#5524=CARTESIAN_POINT('',(3.271481662,74.028190641,280.38));
#5525=CARTESIAN_POINT('',(3.271481662,74.02490475,280.413897723));
#5526=CARTESIAN_POINT('',(3.271481662,74.021615276,280.447795098));
#5527=CARTESIAN_POINT('',(3.271481662,74.018322223,280.481692127));
#5528=B_SPLINE_CURVE_WITH_KNOTS('',3,(#5524,#5525,#5526,#5527),.UNSPECIFIED.,.F.,.F.,(4,4),(0.,0.00010217),.UNSPECIFIED.);
#5529=EDGE_CURVE('',#5513,#5416,#5528,.T.);
#5530=ORIENTED_EDGE('',*,*,#5529,.F.);
#5531=EDGE_LOOP('',(#5520,#5521,#5522,#5523,#5530));
#5532=FACE_BOUND('',#5531,.T.);
#5533=ADVANCED_FACE('',(#5532),#5511,.T.);
#5534=CARTESIAN_POINT('',(5.230967299,75.860389862,280.38));
#5535=DIRECTION('',(0.,0.,-1.));
#5536=DIRECTION('',(-1.,0.,0.));
#5537=AXIS2_PLACEMENT_3D('',#5534,#5535,#5536);
#5538=PLANE('',#5537);
#5539=ORIENTED_EDGE('',*,*,#5493,.F.);
#5540=ORIENTED_EDGE('',*,*,#5372,.T.);
#5541=ORIENTED_EDGE('',*,*,#5519,.T.);
#5542=CARTESIAN_POINT('',(3.271481662,77.819875499,280.38));
#5543=VERTEX_POINT('',#5542);
#5544=CARTESIAN_POINT('',(3.271481662,77.819875499,280.38));
#5545=DIRECTION('',(0.,-1.,0.));
#5546=VECTOR('',#5545,3.791684858);
#5547=LINE('',#5544,#5546);
#5548=EDGE_CURVE('',#5543,#5513,#5547,.T.);
#5549=ORIENTED_EDGE('',*,*,#5548,.F.);
#5550=CARTESIAN_POINT('',(7.190452937,77.819875499,280.38));
#5551=VERTEX_POINT('',#5550);
#5552=CARTESIAN_POINT('',(7.190452937,77.819875499,280.38));
#5553=DIRECTION('',(-1.,0.,0.));
#5554=VECTOR('',#5553,3.918971275);
#5555=LINE('',#5552,#5554);
#5556=EDGE_CURVE('',#5551,#5543,#5555,.T.);
#5557=ORIENTED_EDGE('',*,*,#5556,.F.);
#5558=CARTESIAN_POINT('',(7.190452937,73.900904224,280.38));
#5559=VERTEX_POINT('',#5558);
#5560=CARTESIAN_POINT('',(7.190452937,73.900904224,280.38));
#5561=DIRECTION('',(0.,1.,0.));
#5562=VECTOR('',#5561,3.918971275);
#5563=LINE('',#5560,#5562);
#5564=EDGE_CURVE('',#5559,#5551,#5563,.T.);
#5565=ORIENTED_EDGE('',*,*,#5564,.F.);
#5566=CARTESIAN_POINT('',(3.271481662,73.900904224,280.38));
#5567=VERTEX_POINT('',#5566);
#5568=CARTESIAN_POINT('',(3.271481662,73.900904224,280.38));
#5569=DIRECTION('',(1.,0.,-0.));
#5570=VECTOR('',#5569,3.918971275);
#5571=LINE('',#5568,#5570);
#5572=EDGE_CURVE('',#5567,#5559,#5571,.T.);
#5573=ORIENTED_EDGE('',*,*,#5572,.F.);
#5574=CARTESIAN_POINT('',(3.271481662,73.993026573,280.38));
#5575=DIRECTION('',(0.,-1.,0.));
#5576=VECTOR('',#5575,0.092122349);
#5577=LINE('',#5574,#5576);
#5578=EDGE_CURVE('',#5487,#5567,#5577,.T.);
#5579=ORIENTED_EDGE('',*,*,#5578,.F.);
#5580=EDGE_LOOP('',(#5539,#5540,#5541,#5549,#5557,#5565,#5573,#5579));
#5581=FACE_BOUND('',#5580,.T.);
#5582=ADVANCED_FACE('',(#5581),#5538,.T.);
#5583=CARTESIAN_POINT('',(3.271481662,75.860389862,281.38));
#5584=DIRECTION('',(-1.,0.,0.));
#5585=DIRECTION('',(0.,0.,1.));
#5586=AXIS2_PLACEMENT_3D('',#5583,#5584,#5585);
#5587=PLANE('',#5586);
#5588=ORIENTED_EDGE('',*,*,#5500,.F.);
#5589=ORIENTED_EDGE('',*,*,#5578,.T.);
#5590=CARTESIAN_POINT('',(3.271481662,73.900904224,281.38));
#5591=DIRECTION('',(0.,0.,-1.));
#5592=VECTOR('',#5591,1.);
#5593=LINE('',#5590,#5592);
#5594=EDGE_CURVE('',#2479,#5567,#5593,.T.);
#5595=ORIENTED_EDGE('',*,*,#5594,.F.);
#5596=ORIENTED_EDGE('',*,*,#2486,.T.);
#5597=CARTESIAN_POINT('',(3.271481662,77.819875499,281.38));
#5598=VERTEX_POINT('',#5597);
#5599=CARTESIAN_POINT('',(3.271481662,77.802719431,281.38));
#5600=DIRECTION('',(0.,1.,0.));
#5601=VECTOR('',#5600,0.017156068);
#5602=LINE('',#5599,#5601);
#5603=EDGE_CURVE('',#2481,#5598,#5602,.T.);
#5604=ORIENTED_EDGE('',*,*,#5603,.T.);
#5605=CARTESIAN_POINT('',(3.271481662,77.819875499,281.38));
#5606=DIRECTION('',(0.,0.,-1.));
#5607=VECTOR('',#5606,1.);
#5608=LINE('',#5605,#5607);
#5609=EDGE_CURVE('',#5598,#5543,#5608,.T.);
#5610=ORIENTED_EDGE('',*,*,#5609,.T.);
#5611=ORIENTED_EDGE('',*,*,#5548,.T.);
#5612=ORIENTED_EDGE('',*,*,#5529,.T.);
#5613=ORIENTED_EDGE('',*,*,#5422,.T.);
#5614=EDGE_LOOP('',(#5588,#5589,#5595,#5596,#5604,#5610,#5611,#5612,#5613));
#5615=FACE_BOUND('',#5614,.T.);
#5616=ADVANCED_FACE('',(#5615),#5587,.T.);
#5617=CARTESIAN_POINT('',(5.230967299,73.900904224,281.38));
#5618=DIRECTION('',(0.,-1.,0.));
#5619=DIRECTION('',(0.,0.,-1.));
#5620=AXIS2_PLACEMENT_3D('',#5617,#5618,#5619);
#5621=PLANE('',#5620);
#5622=ORIENTED_EDGE('',*,*,#5594,.T.);
#5623=ORIENTED_EDGE('',*,*,#5572,.T.);
#5624=CARTESIAN_POINT('',(7.190452937,73.900904224,281.38));
#5625=DIRECTION('',(0.,0.,-1.));
#5626=VECTOR('',#5625,1.);
#5627=LINE('',#5624,#5626);
#5628=EDGE_CURVE('',#2489,#5559,#5627,.T.);
#5629=ORIENTED_EDGE('',*,*,#5628,.F.);
#5630=ORIENTED_EDGE('',*,*,#2494,.T.);
#5631=EDGE_LOOP('',(#5622,#5623,#5629,#5630));
#5632=FACE_BOUND('',#5631,.T.);
#5633=ADVANCED_FACE('',(#5632),#5621,.T.);
#5634=CARTESIAN_POINT('',(7.190452937,75.860389862,281.38));
#5635=DIRECTION('',(1.,0.,0.));
#5636=DIRECTION('',(0.,0.,-1.));
#5637=AXIS2_PLACEMENT_3D('',#5634,#5635,#5636);
#5638=PLANE('',#5637);
#5639=ORIENTED_EDGE('',*,*,#5628,.T.);
#5640=ORIENTED_EDGE('',*,*,#5564,.T.);
#5641=CARTESIAN_POINT('',(7.190452937,77.819875499,281.38));
#5642=VERTEX_POINT('',#5641);
#5643=CARTESIAN_POINT('',(7.190452937,77.819875499,281.38));
#5644=DIRECTION('',(0.,0.,-1.));
#5645=VECTOR('',#5644,1.);
#5646=LINE('',#5643,#5645);
#5647=EDGE_CURVE('',#5642,#5551,#5646,.T.);
#5648=ORIENTED_EDGE('',*,*,#5647,.F.);
#5649=CARTESIAN_POINT('',(7.190452937,77.819875499,281.38));
#5650=DIRECTION('',(0.,-1.,0.));
#5651=VECTOR('',#5650,1.770372786);
#5652=LINE('',#5649,#5651);
#5653=EDGE_CURVE('',#5642,#2497,#5652,.T.);
#5654=ORIENTED_EDGE('',*,*,#5653,.T.);
#5655=ORIENTED_EDGE('',*,*,#2502,.T.);
#5656=EDGE_LOOP('',(#5639,#5640,#5648,#5654,#5655));
#5657=FACE_BOUND('',#5656,.T.);
#5658=ADVANCED_FACE('',(#5657),#5638,.T.);
#5659=CARTESIAN_POINT('',(5.230967299,77.819875499,281.38));
#5660=DIRECTION('',(0.,1.,0.));
#5661=DIRECTION('',(0.,0.,1.));
#5662=AXIS2_PLACEMENT_3D('',#5659,#5660,#5661);
#5663=PLANE('',#5662);
#5664=ORIENTED_EDGE('',*,*,#5647,.T.);
#5665=ORIENTED_EDGE('',*,*,#5556,.T.);
#5666=ORIENTED_EDGE('',*,*,#5609,.F.);
#5667=CARTESIAN_POINT('',(3.271481662,77.819875499,281.38));
#5668=DIRECTION('',(1.,0.,-0.));
#5669=VECTOR('',#5668,3.918971275);
#5670=LINE('',#5667,#5669);
#5671=EDGE_CURVE('',#5598,#5642,#5670,.T.);
#5672=ORIENTED_EDGE('',*,*,#5671,.T.);
#5673=EDGE_LOOP('',(#5664,#5665,#5666,#5672));
#5674=FACE_BOUND('',#5673,.T.);
#5675=ADVANCED_FACE('',(#5674),#5663,.T.);
#5676=CARTESIAN_POINT('',(5.230967299,75.860389862,281.38));
#5677=DIRECTION('',(0.,0.,1.));
#5678=DIRECTION('',(1.,0.,0.));
#5679=AXIS2_PLACEMENT_3D('',#5676,#5677,#5678);
#5680=PLANE('',#5679);
#5681=ORIENTED_EDGE('',*,*,#5603,.F.);
#5682=ORIENTED_EDGE('',*,*,#2744,.T.);
#5683=ORIENTED_EDGE('',*,*,#2768,.T.);
#5684=ORIENTED_EDGE('',*,*,#5653,.F.);
#5685=ORIENTED_EDGE('',*,*,#5671,.F.);
#5686=EDGE_LOOP('',(#5681,#5682,#5683,#5684,#5685));
#5687=FACE_BOUND('',#5686,.T.);
#5688=ADVANCED_FACE('',(#5687),#5680,.T.);
#5689=CARTESIAN_POINT('',(-8.38,81.,248.414283856));
#5690=DIRECTION('',(-0.,-0.,1.));
#5691=DIRECTION('',(-1.,0.,0.));
#5692=AXIS2_PLACEMENT_3D('',#5689,#5690,#5691);
#5693=PLANE('',#5692);
#5694=ORIENTED_EDGE('',*,*,#194,.F.);
#5695=CARTESIAN_POINT('',(-8.45,77.896429036,248.414283856));
#5696=VERTEX_POINT('',#5695);
#5697=CARTESIAN_POINT('',(-8.45,80.982238153,248.414283856));
#5698=DIRECTION('',(-0.,-1.,-0.));
#5699=VECTOR('',#5698,3.085809117);
#5700=LINE('',#5697,#5699);
#5701=EDGE_CURVE('',#181,#5696,#5700,.T.);
#5702=ORIENTED_EDGE('',*,*,#5701,.T.);
#5703=CARTESIAN_POINT('',(-8.38,77.896429036,248.414283856));
#5704=VERTEX_POINT('',#5703);
#5705=CARTESIAN_POINT('',(-8.38,77.896429036,248.414283856));
#5706=DIRECTION('',(-1.,0.,0.));
#5707=VECTOR('',#5706,0.07);
#5708=LINE('',#5705,#5707);
#5709=EDGE_CURVE('',#5704,#5696,#5708,.T.);
#5710=ORIENTED_EDGE('',*,*,#5709,.F.);
#5711=CARTESIAN_POINT('',(-8.38,80.970128626,248.414283856));
#5712=DIRECTION('',(-0.,-1.,-0.));
#5713=VECTOR('',#5712,3.07369959);
#5714=LINE('',#5711,#5713);
#5715=EDGE_CURVE('',#136,#5704,#5714,.T.);
#5716=ORIENTED_EDGE('',*,*,#5715,.F.);
#5717=EDGE_LOOP('',(#5694,#5702,#5710,#5716));
#5718=FACE_BOUND('',#5717,.T.);
#5719=ADVANCED_FACE('',(#5718),#5693,.T.);
#5720=CARTESIAN_POINT('',(-8.93,81.,234.));
#5721=DIRECTION('',(-0.,-1.,-0.));
#5722=DIRECTION('',(-1.,0.,0.));
#5723=AXIS2_PLACEMENT_3D('',#5720,#5721,#5722);
#5724=PLANE('',#5723);
#5725=CARTESIAN_POINT('',(-9.,81.,234.));
#5726=VERTEX_POINT('',#5725);
#5727=CARTESIAN_POINT('',(-9.,81.,240.207141928));
#5728=VERTEX_POINT('',#5727);
#5729=CARTESIAN_POINT('',(-9.,81.,234.));
#5730=DIRECTION('',(-0.,-0.,1.));
#5731=VECTOR('',#5730,6.207141928);
#5732=LINE('',#5729,#5731);
#5733=EDGE_CURVE('',#5726,#5728,#5732,.T.);
#5734=ORIENTED_EDGE('',*,*,#5733,.T.);
#5735=CARTESIAN_POINT('',(-8.38,81.,240.207141928));
#5736=VERTEX_POINT('',#5735);
#5737=CARTESIAN_POINT('',(-9.,81.,240.207141928));
#5738=DIRECTION('',(1.,-0.,-0.));
#5739=VECTOR('',#5738,0.62);
#5740=LINE('',#5737,#5739);
#5741=EDGE_CURVE('',#5728,#5736,#5740,.T.);
#5742=ORIENTED_EDGE('',*,*,#5741,.T.);
#5743=CARTESIAN_POINT('',(-8.38,81.,234.));
#5744=VERTEX_POINT('',#5743);
#5745=CARTESIAN_POINT('',(-8.38,81.,234.));
#5746=DIRECTION('',(-0.,-0.,1.));
#5747=VECTOR('',#5746,6.207141928);
#5748=LINE('',#5745,#5747);
#5749=EDGE_CURVE('',#5744,#5736,#5748,.T.);
#5750=ORIENTED_EDGE('',*,*,#5749,.F.);
#5751=CARTESIAN_POINT('',(-8.38,81.,234.));
#5752=DIRECTION('',(-1.,0.,0.));
#5753=VECTOR('',#5752,0.62);
#5754=LINE('',#5751,#5753);
#5755=EDGE_CURVE('',#5744,#5726,#5754,.T.);
#5756=ORIENTED_EDGE('',*,*,#5755,.T.);
#5757=EDGE_LOOP('',(#5734,#5742,#5750,#5756));
#5758=FACE_BOUND('',#5757,.T.);
#5759=ADVANCED_FACE('',(#5758),#5724,.F.);
#5760=CARTESIAN_POINT('',(-8.93,81.,234.));
#5761=DIRECTION('',(-0.,-0.,1.));
#5762=DIRECTION('',(-1.,0.,0.));
#5763=AXIS2_PLACEMENT_3D('',#5760,#5761,#5762);
#5764=PLANE('',#5763);
#5765=CARTESIAN_POINT('',(-9.,77.896429036,234.));
#5766=VERTEX_POINT('',#5765);
#5767=CARTESIAN_POINT('',(-9.,81.,234.));
#5768=DIRECTION('',(-0.,-1.,-0.));
#5769=VECTOR('',#5768,3.103570964);
#5770=LINE('',#5767,#5769);
#5771=EDGE_CURVE('',#5726,#5766,#5770,.T.);
#5772=ORIENTED_EDGE('',*,*,#5771,.F.);
#5773=ORIENTED_EDGE('',*,*,#5755,.F.);
#5774=CARTESIAN_POINT('',(-8.38,77.896429036,234.));
#5775=VERTEX_POINT('',#5774);
#5776=CARTESIAN_POINT('',(-8.38,81.,234.));
#5777=DIRECTION('',(-0.,-1.,-0.));
#5778=VECTOR('',#5777,3.103570964);
#5779=LINE('',#5776,#5778);
#5780=EDGE_CURVE('',#5744,#5775,#5779,.T.);
#5781=ORIENTED_EDGE('',*,*,#5780,.T.);
#5782=CARTESIAN_POINT('',(-8.38,77.896429036,234.));
#5783=DIRECTION('',(-1.,0.,0.));
#5784=VECTOR('',#5783,0.62);
#5785=LINE('',#5782,#5784);
#5786=EDGE_CURVE('',#5775,#5766,#5785,.T.);
#5787=ORIENTED_EDGE('',*,*,#5786,.T.);
#5788=EDGE_LOOP('',(#5772,#5773,#5781,#5787));
#5789=FACE_BOUND('',#5788,.T.);
#5790=ADVANCED_FACE('',(#5789),#5764,.F.);
#5791=CARTESIAN_POINT('',(-8.38,81.,234.));
#5792=DIRECTION('',(-1.,0.,0.));
#5793=DIRECTION('',(-0.,-1.,-0.));
#5794=AXIS2_PLACEMENT_3D('',#5791,#5792,#5793);
#5795=PLANE('',#5794);
#5796=CARTESIAN_POINT('',(-8.38,77.896429036,240.207141928));
#5797=VERTEX_POINT('',#5796);
#5798=CARTESIAN_POINT('',(-8.38,81.,240.207141928));
#5799=DIRECTION('',(-0.,-1.,-0.));
#5800=VECTOR('',#5799,3.103570964);
#5801=LINE('',#5798,#5800);
#5802=EDGE_CURVE('',#5736,#5797,#5801,.T.);
#5803=ORIENTED_EDGE('',*,*,#5802,.T.);
#5804=CARTESIAN_POINT('',(-8.38,77.896429036,234.));
#5805=DIRECTION('',(-0.,-0.,1.));
#5806=VECTOR('',#5805,6.207141928);
#5807=LINE('',#5804,#5806);
#5808=EDGE_CURVE('',#5775,#5797,#5807,.T.);
#5809=ORIENTED_EDGE('',*,*,#5808,.F.);
#5810=ORIENTED_EDGE('',*,*,#5780,.F.);
#5811=ORIENTED_EDGE('',*,*,#5749,.T.);
#5812=EDGE_LOOP('',(#5803,#5809,#5810,#5811));
#5813=FACE_BOUND('',#5812,.T.);
#5814=ADVANCED_FACE('',(#5813),#5795,.F.);
#5815=CARTESIAN_POINT('',(-8.93,81.,240.207141928));
#5816=DIRECTION('',(-0.,-0.,1.));
#5817=DIRECTION('',(-1.,0.,0.));
#5818=AXIS2_PLACEMENT_3D('',#5815,#5816,#5817);
#5819=PLANE('',#5818);
#5820=CARTESIAN_POINT('',(-8.93,77.896429036,240.207141928));
#5821=VERTEX_POINT('',#5820);
#5822=CARTESIAN_POINT('',(-8.93,79.452447108,240.207141928));
#5823=VERTEX_POINT('',#5822);
#5824=CARTESIAN_POINT('',(-8.93,77.896429036,240.207141928));
#5825=DIRECTION('',(0.,1.,0.));
#5826=VECTOR('',#5825,1.556018072);
#5827=LINE('',#5824,#5826);
#5828=EDGE_CURVE('',#5821,#5823,#5827,.T.);
#5829=ORIENTED_EDGE('',*,*,#5828,.F.);
#5830=CARTESIAN_POINT('',(-8.38,77.896429036,240.207141928));
#5831=DIRECTION('',(-1.,0.,0.));
#5832=VECTOR('',#5831,0.55);
#5833=LINE('',#5830,#5832);
#5834=EDGE_CURVE('',#5797,#5821,#5833,.T.);
#5835=ORIENTED_EDGE('',*,*,#5834,.F.);
#5836=ORIENTED_EDGE('',*,*,#5802,.F.);
#5837=ORIENTED_EDGE('',*,*,#5741,.F.);
#5838=CARTESIAN_POINT('',(-9.,79.452447108,240.207141928));
#5839=VERTEX_POINT('',#5838);
#5840=CARTESIAN_POINT('',(-9.,81.,240.207141928));
#5841=DIRECTION('',(-0.,-1.,-0.));
#5842=VECTOR('',#5841,1.547552892);
#5843=LINE('',#5840,#5842);
#5844=EDGE_CURVE('',#5728,#5839,#5843,.T.);
#5845=ORIENTED_EDGE('',*,*,#5844,.T.);
#5846=CARTESIAN_POINT('',(-9.,79.452447108,240.207141928));
#5847=DIRECTION('',(1.,-0.,-0.));
#5848=VECTOR('',#5847,0.07);
#5849=LINE('',#5846,#5848);
#5850=EDGE_CURVE('',#5839,#5823,#5849,.T.);
#5851=ORIENTED_EDGE('',*,*,#5850,.T.);
#5852=EDGE_LOOP('',(#5829,#5835,#5836,#5837,#5845,#5851));
#5853=FACE_BOUND('',#5852,.T.);
#5854=ADVANCED_FACE('',(#5853),#5819,.T.);
#5855=CARTESIAN_POINT('',(-9.,81.,234.));
#5856=DIRECTION('',(-1.,0.,0.));
#5857=DIRECTION('',(-0.,-1.,-0.));
#5858=AXIS2_PLACEMENT_3D('',#5855,#5856,#5857);
#5859=PLANE('',#5858);
#5860=ORIENTED_EDGE('',*,*,#5844,.F.);
#5861=ORIENTED_EDGE('',*,*,#5733,.F.);
#5862=ORIENTED_EDGE('',*,*,#5771,.T.);
#5863=CARTESIAN_POINT('',(-9.,77.896429036,234.016884307));
#5864=VERTEX_POINT('',#5863);
#5865=CARTESIAN_POINT('',(-9.,77.896429036,234.));
#5866=DIRECTION('',(-0.,-0.,1.));
#5867=VECTOR('',#5866,0.016884307);
#5868=LINE('',#5865,#5867);
#5869=EDGE_CURVE('',#5766,#5864,#5868,.T.);
#5870=ORIENTED_EDGE('',*,*,#5869,.T.);
#5871=CARTESIAN_POINT('',(-9.,-78.590344063,235.724206091));
#5872=VERTEX_POINT('',#5871);
#5873=CARTESIAN_POINT('',(-9.,-78.590344063,235.724206091));
#5874=DIRECTION('',(0.,0.999940488,-0.010909677));
#5875=VECTOR('',#5874,156.496086541);
#5876=LINE('',#5873,#5875);
#5877=EDGE_CURVE('',#5872,#5864,#5876,.T.);
#5878=ORIENTED_EDGE('',*,*,#5877,.F.);
#5879=CARTESIAN_POINT('',(-9.,-80.137896954,235.724206091));
#5880=VERTEX_POINT('',#5879);
#5881=CARTESIAN_POINT('',(-9.,-78.590344063,235.724206091));
#5882=DIRECTION('',(-0.,-1.,-0.));
#5883=VECTOR('',#5882,1.547552892);
#5884=LINE('',#5881,#5883);
#5885=EDGE_CURVE('',#5872,#5880,#5884,.T.);
#5886=ORIENTED_EDGE('',*,*,#5885,.T.);
#5887=CARTESIAN_POINT('',(-9.,-80.137896954,241.931348019));
#5888=VERTEX_POINT('',#5887);
#5889=CARTESIAN_POINT('',(-9.,-80.137896954,235.724206091));
#5890=DIRECTION('',(-0.,-0.,1.));
#5891=VECTOR('',#5890,6.207141928);
#5892=LINE('',#5889,#5891);
#5893=EDGE_CURVE('',#5880,#5888,#5892,.T.);
#5894=ORIENTED_EDGE('',*,*,#5893,.T.);
#5895=CARTESIAN_POINT('',(-9.,-80.033022925,241.931348019));
#5896=VERTEX_POINT('',#5895);
#5897=CARTESIAN_POINT('',(-9.,-80.033022925,241.931348019));
#5898=DIRECTION('',(-0.,-1.,-0.));
#5899=VECTOR('',#5898,0.10487403);
#5900=LINE('',#5897,#5899);
#5901=EDGE_CURVE('',#5896,#5888,#5900,.T.);
#5902=ORIENTED_EDGE('',*,*,#5901,.F.);
#5903=CARTESIAN_POINT('',(-9.,-79.275793909,263.556558664));
#5904=VERTEX_POINT('',#5903);
#5905=CARTESIAN_POINT('',(-9.,-79.275793909,263.556558664));
#5906=DIRECTION('',(-0.,-0.034994582,-0.999387502));
#5907=VECTOR('',#5906,21.63846416);
#5908=LINE('',#5905,#5907);
#5909=EDGE_CURVE('',#5904,#5896,#5908,.T.);
#5910=ORIENTED_EDGE('',*,*,#5909,.F.);
#5911=CARTESIAN_POINT('',(-9.,-79.275793909,266.551587818));
#5912=VERTEX_POINT('',#5911);
#5913=CARTESIAN_POINT('',(-9.,-79.275793909,263.556558664));
#5914=DIRECTION('',(-0.,-0.,1.));
#5915=VECTOR('',#5914,2.995029154);
#5916=LINE('',#5913,#5915);
#5917=EDGE_CURVE('',#5904,#5912,#5916,.T.);
#5918=ORIENTED_EDGE('',*,*,#5917,.T.);
#5919=CARTESIAN_POINT('',(-9.,-76.172222945,266.551587818));
#5920=VERTEX_POINT('',#5919);
#5921=CARTESIAN_POINT('',(-9.,-76.172222945,266.551587818));
#5922=DIRECTION('',(-0.,-1.,-0.));
#5923=VECTOR('',#5922,3.103570964);
#5924=LINE('',#5921,#5923);
#5925=EDGE_CURVE('',#5920,#5912,#5924,.T.);
#5926=ORIENTED_EDGE('',*,*,#5925,.F.);
#5927=CARTESIAN_POINT('',(-9.,-76.172222945,266.534327918));
#5928=VERTEX_POINT('',#5927);
#5929=CARTESIAN_POINT('',(-9.,-76.172222945,266.534327918));
#5930=DIRECTION('',(-0.,-0.,1.));
#5931=VECTOR('',#5930,0.017259899);
#5932=LINE('',#5929,#5931);
#5933=EDGE_CURVE('',#5928,#5920,#5932,.T.);
#5934=ORIENTED_EDGE('',*,*,#5933,.F.);
#5935=CARTESIAN_POINT('',(-9.,76.866232388,264.827381727));
#5936=VERTEX_POINT('',#5935);
#5937=CARTESIAN_POINT('',(-9.,76.866232388,264.827381727));
#5938=DIRECTION('',(-0.,-0.999937803,0.011153014));
#5939=VECTOR('',#5938,153.047974427);
#5940=LINE('',#5937,#5939);
#5941=EDGE_CURVE('',#5936,#5928,#5940,.T.);
#5942=ORIENTED_EDGE('',*,*,#5941,.F.);
#5943=CARTESIAN_POINT('',(-9.,78.413690863,264.827381727));
#5944=VERTEX_POINT('',#5943);
#5945=CARTESIAN_POINT('',(-9.,78.413690863,264.827381727));
#5946=DIRECTION('',(-0.,-1.,-0.));
#5947=VECTOR('',#5946,1.547458475);
#5948=LINE('',#5945,#5947);
#5949=EDGE_CURVE('',#5944,#5936,#5948,.T.);
#5950=ORIENTED_EDGE('',*,*,#5949,.F.);
#5951=CARTESIAN_POINT('',(-9.,78.413690863,258.620239799));
#5952=VERTEX_POINT('',#5951);
#5953=CARTESIAN_POINT('',(-9.,78.413690863,258.620239799));
#5954=DIRECTION('',(-0.,-0.,1.));
#5955=VECTOR('',#5954,6.207141928);
#5956=LINE('',#5953,#5955);
#5957=EDGE_CURVE('',#5952,#5944,#5956,.T.);
#5958=ORIENTED_EDGE('',*,*,#5957,.F.);
#5959=CARTESIAN_POINT('',(-9.,78.270052752,258.620239799));
#5960=VERTEX_POINT('',#5959);
#5961=CARTESIAN_POINT('',(-9.,78.413690863,258.620239799));
#5962=DIRECTION('',(-0.,-1.,-0.));
#5963=VECTOR('',#5962,0.143638112);
#5964=LINE('',#5961,#5963);
#5965=EDGE_CURVE('',#5952,#5960,#5964,.T.);
#5966=ORIENTED_EDGE('',*,*,#5965,.T.);
#5967=CARTESIAN_POINT('',(-9.,77.551587818,243.849786819));
#5968=VERTEX_POINT('',#5967);
#5969=CARTESIAN_POINT('',(-9.,77.551587818,243.849786819));
#5970=DIRECTION('',(0.,0.048584595,0.998819071));
#5971=VECTOR('',#5970,14.787916455);
#5972=LINE('',#5969,#5971);
#5973=EDGE_CURVE('',#5968,#5960,#5972,.T.);
#5974=ORIENTED_EDGE('',*,*,#5973,.F.);
#5975=CARTESIAN_POINT('',(-9.,77.551587818,240.896824364));
#5976=VERTEX_POINT('',#5975);
#5977=CARTESIAN_POINT('',(-9.,77.551587818,240.896824364));
#5978=DIRECTION('',(-0.,-0.,1.));
#5979=VECTOR('',#5978,2.952962455);
#5980=LINE('',#5977,#5979);
#5981=EDGE_CURVE('',#5976,#5968,#5980,.T.);
#5982=ORIENTED_EDGE('',*,*,#5981,.F.);
#5983=CARTESIAN_POINT('',(-9.,74.448016854,240.896824364));
#5984=VERTEX_POINT('',#5983);
#5985=CARTESIAN_POINT('',(-9.,77.551587818,240.896824364));
#5986=DIRECTION('',(-0.,-1.,-0.));
#5987=VECTOR('',#5986,3.103570964);
#5988=LINE('',#5985,#5987);
#5989=EDGE_CURVE('',#5976,#5984,#5988,.T.);
#5990=ORIENTED_EDGE('',*,*,#5989,.T.);
#5991=CARTESIAN_POINT('',(-9.,74.448016854,247.103966292));
#5992=VERTEX_POINT('',#5991);
#5993=CARTESIAN_POINT('',(-9.,74.448016854,240.896824364));
#5994=DIRECTION('',(-0.,-0.,1.));
#5995=VECTOR('',#5994,6.207141928);
#5996=LINE('',#5993,#5995);
#5997=EDGE_CURVE('',#5984,#5992,#5996,.T.);
#5998=ORIENTED_EDGE('',*,*,#5997,.T.);
#5999=CARTESIAN_POINT('',(-9.,74.591654966,247.103966292));
#6000=VERTEX_POINT('',#5999);
#6001=CARTESIAN_POINT('',(-9.,74.591654966,247.103966292));
#6002=DIRECTION('',(-0.,-1.,-0.));
#6003=VECTOR('',#6002,0.143638112);
#6004=LINE('',#6001,#6003);
#6005=EDGE_CURVE('',#6000,#5992,#6004,.T.);
#6006=ORIENTED_EDGE('',*,*,#6005,.F.);
#6007=CARTESIAN_POINT('',(-9.,75.152754911,258.639254901));
#6008=VERTEX_POINT('',#6007);
#6009=CARTESIAN_POINT('',(-9.,75.152754911,258.639254901));
#6010=DIRECTION('',(-0.,-0.048584595,-0.998819071));
#6011=VECTOR('',#6010,11.548927069);
#6012=LINE('',#6009,#6011);
#6013=EDGE_CURVE('',#6008,#6000,#6012,.T.);
#6014=ORIENTED_EDGE('',*,*,#6013,.F.);
#6015=CARTESIAN_POINT('',(-9.,-76.277663547,260.32826552));
#6016=VERTEX_POINT('',#6015);
#6017=CARTESIAN_POINT('',(-9.,-76.277663547,260.32826552));
#6018=DIRECTION('',(0.,0.999937803,-0.011153014));
#6019=VECTOR('',#6018,151.439837531);
#6020=LINE('',#6017,#6019);
#6021=EDGE_CURVE('',#6016,#6008,#6020,.T.);
#6022=ORIENTED_EDGE('',*,*,#6021,.F.);
#6023=CARTESIAN_POINT('',(-9.,-76.922484503,241.913243485));
#6024=VERTEX_POINT('',#6023);
#6025=CARTESIAN_POINT('',(-9.,-76.922484503,241.913243485));
#6026=DIRECTION('',(0.,0.034994582,0.999387502));
#6027=VECTOR('',#6026,18.426308112);
#6028=LINE('',#6025,#6027);
#6029=EDGE_CURVE('',#6024,#6016,#6028,.T.);
#6030=ORIENTED_EDGE('',*,*,#6029,.F.);
#6031=CARTESIAN_POINT('',(-9.,79.452447108,240.207141928));
#6032=DIRECTION('',(-0.,-0.999940488,0.010909677));
#6033=VECTOR('',#6032,156.384238397);
#6034=LINE('',#6031,#6033);
#6035=EDGE_CURVE('',#5839,#6024,#6034,.T.);
#6036=ORIENTED_EDGE('',*,*,#6035,.F.);
#6037=EDGE_LOOP('',(#5860,#5861,#5862,#5870,#5878,#5886,#5894,#5902,#5910,#5918,#5926,#5934,#5942,#5950,#5958,#5966,#5974,#5982,#5990,#5998,#6006,#6014,#6022,#6030,#6036));
#6038=FACE_BOUND('',#6037,.T.);
#6039=ADVANCED_FACE('',(#6038),#5859,.T.);
#6040=CARTESIAN_POINT('',(-8.93,77.896429036,234.));
#6041=DIRECTION('',(-0.,-1.,-0.));
#6042=DIRECTION('',(-1.,0.,0.));
#6043=AXIS2_PLACEMENT_3D('',#6040,#6041,#6042);
#6044=PLANE('',#6043);
#6045=CARTESIAN_POINT('',(-8.93,77.896429036,234.016884307));
#6046=VERTEX_POINT('',#6045);
#6047=CARTESIAN_POINT('',(-8.93,77.896429036,234.016884307));
#6048=DIRECTION('',(-1.,0.,0.));
#6049=VECTOR('',#6048,0.07);
#6050=LINE('',#6047,#6049);
#6051=EDGE_CURVE('',#6046,#5864,#6050,.T.);
#6052=ORIENTED_EDGE('',*,*,#6051,.T.);
#6053=ORIENTED_EDGE('',*,*,#5869,.F.);
#6054=ORIENTED_EDGE('',*,*,#5786,.F.);
#6055=ORIENTED_EDGE('',*,*,#5808,.T.);
#6056=ORIENTED_EDGE('',*,*,#5834,.T.);
#6057=CARTESIAN_POINT('',(-8.93,77.896429036,234.016884307));
#6058=DIRECTION('',(-0.,-0.,1.));
#6059=VECTOR('',#6058,6.190257621);
#6060=LINE('',#6057,#6059);
#6061=EDGE_CURVE('',#6046,#5821,#6060,.T.);
#6062=ORIENTED_EDGE('',*,*,#6061,.F.);
#6063=EDGE_LOOP('',(#6052,#6053,#6054,#6055,#6056,#6062));
#6064=FACE_BOUND('',#6063,.T.);
#6065=ADVANCED_FACE('',(#6064),#6044,.T.);
#6066=CARTESIAN_POINT('',(-8.93,81.,234.));
#6067=DIRECTION('',(-1.,0.,0.));
#6068=DIRECTION('',(-0.,-1.,-0.));
#6069=AXIS2_PLACEMENT_3D('',#6066,#6067,#6068);
#6070=PLANE('',#6069);
#6071=CARTESIAN_POINT('',(-8.93,-76.922484503,241.913243485));
#6072=VERTEX_POINT('',#6071);
#6073=CARTESIAN_POINT('',(-8.93,-76.277663547,260.32826552));
#6074=VERTEX_POINT('',#6073);
#6075=CARTESIAN_POINT('',(-8.93,-76.922484503,241.913243485));
#6076=DIRECTION('',(0.,0.034994582,0.999387502));
#6077=VECTOR('',#6076,18.426308112);
#6078=LINE('',#6075,#6077);
#6079=EDGE_CURVE('',#6072,#6074,#6078,.T.);
#6080=ORIENTED_EDGE('',*,*,#6079,.T.);
#6081=CARTESIAN_POINT('',(-8.93,75.152754911,258.639254901));
#6082=VERTEX_POINT('',#6081);
#6083=CARTESIAN_POINT('',(-8.93,-76.277663547,260.32826552));
#6084=DIRECTION('',(0.,0.999937803,-0.011153014));
#6085=VECTOR('',#6084,151.439837531);
#6086=LINE('',#6083,#6085);
#6087=EDGE_CURVE('',#6074,#6082,#6086,.T.);
#6088=ORIENTED_EDGE('',*,*,#6087,.T.);
#6089=CARTESIAN_POINT('',(-8.93,74.591654966,247.103966292));
#6090=VERTEX_POINT('',#6089);
#6091=CARTESIAN_POINT('',(-8.93,75.152754911,258.639254901));
#6092=DIRECTION('',(-0.,-0.048584595,-0.998819071));
#6093=VECTOR('',#6092,11.548927069);
#6094=LINE('',#6091,#6093);
#6095=EDGE_CURVE('',#6082,#6090,#6094,.T.);
#6096=ORIENTED_EDGE('',*,*,#6095,.T.);
#6097=CARTESIAN_POINT('',(-8.93,77.551587818,247.103966292));
#6098=VERTEX_POINT('',#6097);
#6099=CARTESIAN_POINT('',(-8.93,74.591654966,247.103966292));
#6100=DIRECTION('',(0.,1.,0.));
#6101=VECTOR('',#6100,2.959932852);
#6102=LINE('',#6099,#6101);
#6103=EDGE_CURVE('',#6090,#6098,#6102,.T.);
#6104=ORIENTED_EDGE('',*,*,#6103,.T.);
#6105=CARTESIAN_POINT('',(-8.93,77.551587818,243.849786819));
#6106=VERTEX_POINT('',#6105);
#6107=CARTESIAN_POINT('',(-8.93,77.551587818,243.849786819));
#6108=DIRECTION('',(-0.,-0.,1.));
#6109=VECTOR('',#6108,3.254179473);
#6110=LINE('',#6107,#6109);
#6111=EDGE_CURVE('',#6106,#6098,#6110,.T.);
#6112=ORIENTED_EDGE('',*,*,#6111,.F.);
#6113=CARTESIAN_POINT('',(-8.93,78.270052752,258.620239799));
#6114=VERTEX_POINT('',#6113);
#6115=CARTESIAN_POINT('',(-8.93,77.551587818,243.849786819));
#6116=DIRECTION('',(0.,0.048584595,0.998819071));
#6117=VECTOR('',#6116,14.787916455);
#6118=LINE('',#6115,#6117);
#6119=EDGE_CURVE('',#6106,#6114,#6118,.T.);
#6120=ORIENTED_EDGE('',*,*,#6119,.T.);
#6121=CARTESIAN_POINT('',(-8.93,78.413690863,258.620239799));
#6122=VERTEX_POINT('',#6121);
#6123=CARTESIAN_POINT('',(-8.93,78.413690863,258.620239799));
#6124=DIRECTION('',(-0.,-1.,-0.));
#6125=VECTOR('',#6124,0.143638112);
#6126=LINE('',#6123,#6125);
#6127=EDGE_CURVE('',#6122,#6114,#6126,.T.);
#6128=ORIENTED_EDGE('',*,*,#6127,.F.);
#6129=CARTESIAN_POINT('',(-8.93,78.413690863,264.827381727));
#6130=VERTEX_POINT('',#6129);
#6131=CARTESIAN_POINT('',(-8.93,78.413690863,258.620239799));
#6132=DIRECTION('',(-0.,-0.,1.));
#6133=VECTOR('',#6132,6.207141928);
#6134=LINE('',#6131,#6133);
#6135=EDGE_CURVE('',#6122,#6130,#6134,.T.);
#6136=ORIENTED_EDGE('',*,*,#6135,.T.);
#6137=CARTESIAN_POINT('',(-8.93,76.866232388,264.827381727));
#6138=VERTEX_POINT('',#6137);
#6139=CARTESIAN_POINT('',(-8.93,78.413690863,264.827381727));
#6140=DIRECTION('',(-0.,-1.,-0.));
#6141=VECTOR('',#6140,1.547458475);
#6142=LINE('',#6139,#6141);
#6143=EDGE_CURVE('',#6130,#6138,#6142,.T.);
#6144=ORIENTED_EDGE('',*,*,#6143,.T.);
#6145=CARTESIAN_POINT('',(-8.93,-76.172222945,266.534327918));
#6146=VERTEX_POINT('',#6145);
#6147=CARTESIAN_POINT('',(-8.93,76.866232388,264.827381727));
#6148=DIRECTION('',(-0.,-0.999937803,0.011153014));
#6149=VECTOR('',#6148,153.047974427);
#6150=LINE('',#6147,#6149);
#6151=EDGE_CURVE('',#6138,#6146,#6150,.T.);
#6152=ORIENTED_EDGE('',*,*,#6151,.T.);
#6153=CARTESIAN_POINT('',(-8.93,-76.172222945,266.551587818));
#6154=VERTEX_POINT('',#6153);
#6155=CARTESIAN_POINT('',(-8.93,-76.172222945,266.534327918));
#6156=DIRECTION('',(-0.,-0.,1.));
#6157=VECTOR('',#6156,0.017259899);
#6158=LINE('',#6155,#6157);
#6159=EDGE_CURVE('',#6146,#6154,#6158,.T.);
#6160=ORIENTED_EDGE('',*,*,#6159,.T.);
#6161=CARTESIAN_POINT('',(-8.93,-79.275793909,266.551587818));
#6162=VERTEX_POINT('',#6161);
#6163=CARTESIAN_POINT('',(-8.93,-76.172222945,266.551587818));
#6164=DIRECTION('',(-0.,-1.,-0.));
#6165=VECTOR('',#6164,3.103570964);
#6166=LINE('',#6163,#6165);
#6167=EDGE_CURVE('',#6154,#6162,#6166,.T.);
#6168=ORIENTED_EDGE('',*,*,#6167,.T.);
#6169=CARTESIAN_POINT('',(-8.93,-79.275793909,263.556558664));
#6170=VERTEX_POINT('',#6169);
#6171=CARTESIAN_POINT('',(-8.93,-79.275793909,263.556558664));
#6172=DIRECTION('',(-0.,-0.,1.));
#6173=VECTOR('',#6172,2.995029154);
#6174=LINE('',#6171,#6173);
#6175=EDGE_CURVE('',#6170,#6162,#6174,.T.);
#6176=ORIENTED_EDGE('',*,*,#6175,.F.);
#6177=CARTESIAN_POINT('',(-8.93,-80.033022925,241.931348019));
#6178=VERTEX_POINT('',#6177);
#6179=CARTESIAN_POINT('',(-8.93,-79.275793909,263.556558664));
#6180=DIRECTION('',(-0.,-0.034994582,-0.999387502));
#6181=VECTOR('',#6180,21.63846416);
#6182=LINE('',#6179,#6181);
#6183=EDGE_CURVE('',#6170,#6178,#6182,.T.);
#6184=ORIENTED_EDGE('',*,*,#6183,.T.);
#6185=CARTESIAN_POINT('',(-8.93,-80.137896954,241.931348019));
#6186=VERTEX_POINT('',#6185);
#6187=CARTESIAN_POINT('',(-8.93,-80.033022925,241.931348019));
#6188=DIRECTION('',(-0.,-1.,-0.));
#6189=VECTOR('',#6188,0.10487403);
#6190=LINE('',#6187,#6189);
#6191=EDGE_CURVE('',#6178,#6186,#6190,.T.);
#6192=ORIENTED_EDGE('',*,*,#6191,.T.);
#6193=CARTESIAN_POINT('',(-8.93,-80.137896954,235.724206091));
#6194=VERTEX_POINT('',#6193);
#6195=CARTESIAN_POINT('',(-8.93,-80.137896954,235.724206091));
#6196=DIRECTION('',(-0.,-0.,1.));
#6197=VECTOR('',#6196,6.207141928);
#6198=LINE('',#6195,#6197);
#6199=EDGE_CURVE('',#6194,#6186,#6198,.T.);
#6200=ORIENTED_EDGE('',*,*,#6199,.F.);
#6201=CARTESIAN_POINT('',(-8.93,-78.590344063,235.724206091));
#6202=VERTEX_POINT('',#6201);
#6203=CARTESIAN_POINT('',(-8.93,-78.590344063,235.724206091));
#6204=DIRECTION('',(-0.,-1.,-0.));
#6205=VECTOR('',#6204,1.547552892);
#6206=LINE('',#6203,#6205);
#6207=EDGE_CURVE('',#6202,#6194,#6206,.T.);
#6208=ORIENTED_EDGE('',*,*,#6207,.F.);
#6209=CARTESIAN_POINT('',(-8.93,-78.590344063,235.724206091));
#6210=DIRECTION('',(0.,0.999940488,-0.010909677));
#6211=VECTOR('',#6210,156.49608654);
#6212=LINE('',#6209,#6211);
#6213=EDGE_CURVE('',#6202,#6046,#6212,.T.);
#6214=ORIENTED_EDGE('',*,*,#6213,.T.);
#6215=ORIENTED_EDGE('',*,*,#6061,.T.);
#6216=ORIENTED_EDGE('',*,*,#5828,.T.);
#6217=CARTESIAN_POINT('',(-8.93,79.452447108,240.207141928));
#6218=DIRECTION('',(-0.,-0.999940488,0.010909677));
#6219=VECTOR('',#6218,156.384238397);
#6220=LINE('',#6217,#6219);
#6221=EDGE_CURVE('',#5823,#6072,#6220,.T.);
#6222=ORIENTED_EDGE('',*,*,#6221,.T.);
#6223=EDGE_LOOP('',(#6080,#6088,#6096,#6104,#6112,#6120,#6128,#6136,#6144,#6152,#6160,#6168,#6176,#6184,#6192,#6200,#6208,#6214,#6215,#6216,#6222));
#6224=FACE_BOUND('',#6223,.T.);
#6225=ADVANCED_FACE('',(#6224),#6070,.F.);
#6226=CARTESIAN_POINT('',(-8.93,79.456679635,240.20709575));
#6227=DIRECTION('',(0.,0.010909677,0.999940488));
#6228=DIRECTION('',(-0.,-0.999940488,0.010909677));
#6229=AXIS2_PLACEMENT_3D('',#6226,#6227,#6228);
#6230=PLANE('',#6229);
#6231=ORIENTED_EDGE('',*,*,#6221,.F.);
#6232=ORIENTED_EDGE('',*,*,#5850,.F.);
#6233=ORIENTED_EDGE('',*,*,#6035,.T.);
#6234=CARTESIAN_POINT('',(-8.93,-76.922484503,241.913243485));
#6235=DIRECTION('',(-1.,0.,0.));
#6236=VECTOR('',#6235,0.07);
#6237=LINE('',#6234,#6236);
#6238=EDGE_CURVE('',#6072,#6024,#6237,.T.);
#6239=ORIENTED_EDGE('',*,*,#6238,.F.);
#6240=EDGE_LOOP('',(#6231,#6232,#6233,#6239));
#6241=FACE_BOUND('',#6240,.T.);
#6242=ADVANCED_FACE('',(#6241),#6230,.T.);
#6243=CARTESIAN_POINT('',(-8.93,-78.59457659,235.724252269));
#6244=DIRECTION('',(-0.,-0.010909677,-0.999940488));
#6245=DIRECTION('',(0.,0.999940488,-0.010909677));
#6246=AXIS2_PLACEMENT_3D('',#6243,#6244,#6245);
#6247=PLANE('',#6246);
#6248=ORIENTED_EDGE('',*,*,#6213,.F.);
#6249=CARTESIAN_POINT('',(-9.,-78.590344063,235.724206091));
#6250=DIRECTION('',(1.,-0.,-0.));
#6251=VECTOR('',#6250,0.07);
#6252=LINE('',#6249,#6251);
#6253=EDGE_CURVE('',#5872,#6202,#6252,.T.);
#6254=ORIENTED_EDGE('',*,*,#6253,.F.);
#6255=ORIENTED_EDGE('',*,*,#5877,.T.);
#6256=ORIENTED_EDGE('',*,*,#6051,.F.);
#6257=EDGE_LOOP('',(#6248,#6254,#6255,#6256));
#6258=FACE_BOUND('',#6257,.T.);
#6259=ADVANCED_FACE('',(#6258),#6247,.T.);
#6260=CARTESIAN_POINT('',(-8.93,-77.034325991,235.724206091));
#6261=DIRECTION('',(-0.,-0.,1.));
#6262=DIRECTION('',(-1.,0.,0.));
#6263=AXIS2_PLACEMENT_3D('',#6260,#6261,#6262);
#6264=PLANE('',#6263);
#6265=CARTESIAN_POINT('',(-8.93,-80.137896954,235.724206091));
#6266=DIRECTION('',(-1.,0.,0.));
#6267=VECTOR('',#6266,0.07);
#6268=LINE('',#6265,#6267);
#6269=EDGE_CURVE('',#6194,#5880,#6268,.T.);
#6270=ORIENTED_EDGE('',*,*,#6269,.T.);
#6271=ORIENTED_EDGE('',*,*,#5885,.F.);
#6272=ORIENTED_EDGE('',*,*,#6253,.T.);
#6273=ORIENTED_EDGE('',*,*,#6207,.T.);
#6274=EDGE_LOOP('',(#6270,#6271,#6272,#6273));
#6275=FACE_BOUND('',#6274,.T.);
#6276=ADVANCED_FACE('',(#6275),#6264,.F.);
#6277=CARTESIAN_POINT('',(-8.93,-80.137896954,235.724206091));
#6278=DIRECTION('',(-0.,-1.,-0.));
#6279=DIRECTION('',(-1.,0.,0.));
#6280=AXIS2_PLACEMENT_3D('',#6277,#6278,#6279);
#6281=PLANE('',#6280);
#6282=ORIENTED_EDGE('',*,*,#6269,.F.);
#6283=ORIENTED_EDGE('',*,*,#6199,.T.);
#6284=CARTESIAN_POINT('',(-8.93,-80.137896954,241.931348019));
#6285=DIRECTION('',(-1.,0.,0.));
#6286=VECTOR('',#6285,0.07);
#6287=LINE('',#6284,#6286);
#6288=EDGE_CURVE('',#6186,#5888,#6287,.T.);
#6289=ORIENTED_EDGE('',*,*,#6288,.T.);
#6290=ORIENTED_EDGE('',*,*,#5893,.F.);
#6291=EDGE_LOOP('',(#6282,#6283,#6289,#6290));
#6292=FACE_BOUND('',#6291,.T.);
#6293=ADVANCED_FACE('',(#6292),#6281,.T.);
#6294=CARTESIAN_POINT('',(-8.93,-77.034325991,241.931348019));
#6295=DIRECTION('',(-0.,-0.,1.));
#6296=DIRECTION('',(-1.,0.,0.));
#6297=AXIS2_PLACEMENT_3D('',#6294,#6295,#6296);
#6298=PLANE('',#6297);
#6299=ORIENTED_EDGE('',*,*,#6191,.F.);
#6300=CARTESIAN_POINT('',(-9.,-80.033022925,241.931348019));
#6301=DIRECTION('',(1.,-0.,-0.));
#6302=VECTOR('',#6301,0.07);
#6303=LINE('',#6300,#6302);
#6304=EDGE_CURVE('',#5896,#6178,#6303,.T.);
#6305=ORIENTED_EDGE('',*,*,#6304,.F.);
#6306=ORIENTED_EDGE('',*,*,#5901,.T.);
#6307=ORIENTED_EDGE('',*,*,#6288,.F.);
#6308=EDGE_LOOP('',(#6299,#6305,#6306,#6307));
#6309=FACE_BOUND('',#6308,.T.);
#6310=ADVANCED_FACE('',(#6309),#6298,.T.);
#6311=CARTESIAN_POINT('',(-8.93,-79.272002492,263.664835278));
#6312=DIRECTION('',(-0.,-0.999387502,0.034994582));
#6313=DIRECTION('',(-0.,-0.034994582,-0.999387502));
#6314=AXIS2_PLACEMENT_3D('',#6311,#6312,#6313);
#6315=PLANE('',#6314);
#6316=ORIENTED_EDGE('',*,*,#6183,.F.);
#6317=CARTESIAN_POINT('',(-8.93,-79.275793909,263.556558664));
#6318=DIRECTION('',(-1.,0.,0.));
#6319=VECTOR('',#6318,0.07);
#6320=LINE('',#6317,#6319);
#6321=EDGE_CURVE('',#6170,#5904,#6320,.T.);
#6322=ORIENTED_EDGE('',*,*,#6321,.T.);
#6323=ORIENTED_EDGE('',*,*,#5909,.T.);
#6324=ORIENTED_EDGE('',*,*,#6304,.T.);
#6325=EDGE_LOOP('',(#6316,#6322,#6323,#6324));
#6326=FACE_BOUND('',#6325,.T.);
#6327=ADVANCED_FACE('',(#6326),#6315,.T.);
#6328=CARTESIAN_POINT('',(-8.93,-79.275793909,260.34444589));
#6329=DIRECTION('',(-0.,-1.,-0.));
#6330=DIRECTION('',(-1.,0.,0.));
#6331=AXIS2_PLACEMENT_3D('',#6328,#6329,#6330);
#6332=PLANE('',#6331);
#6333=ORIENTED_EDGE('',*,*,#5917,.F.);
#6334=ORIENTED_EDGE('',*,*,#6321,.F.);
#6335=ORIENTED_EDGE('',*,*,#6175,.T.);
#6336=CARTESIAN_POINT('',(-8.93,-79.275793909,266.551587818));
#6337=DIRECTION('',(-1.,0.,0.));
#6338=VECTOR('',#6337,0.07);
#6339=LINE('',#6336,#6338);
#6340=EDGE_CURVE('',#6162,#5912,#6339,.T.);
#6341=ORIENTED_EDGE('',*,*,#6340,.T.);
#6342=EDGE_LOOP('',(#6333,#6334,#6335,#6341));
#6343=FACE_BOUND('',#6342,.T.);
#6344=ADVANCED_FACE('',(#6343),#6332,.T.);
#6345=CARTESIAN_POINT('',(-8.93,-76.172222945,266.551587818));
#6346=DIRECTION('',(-0.,-0.,1.));
#6347=DIRECTION('',(-1.,0.,0.));
#6348=AXIS2_PLACEMENT_3D('',#6345,#6346,#6347);
#6349=PLANE('',#6348);
#6350=ORIENTED_EDGE('',*,*,#6167,.F.);
#6351=CARTESIAN_POINT('',(-8.93,-76.172222945,266.551587818));
#6352=DIRECTION('',(-1.,0.,0.));
#6353=VECTOR('',#6352,0.07);
#6354=LINE('',#6351,#6353);
#6355=EDGE_CURVE('',#6154,#5920,#6354,.T.);
#6356=ORIENTED_EDGE('',*,*,#6355,.T.);
#6357=ORIENTED_EDGE('',*,*,#5925,.T.);
#6358=ORIENTED_EDGE('',*,*,#6340,.F.);
#6359=EDGE_LOOP('',(#6350,#6356,#6357,#6358));
#6360=FACE_BOUND('',#6359,.T.);
#6361=ADVANCED_FACE('',(#6360),#6349,.T.);
#6362=CARTESIAN_POINT('',(-8.93,-76.172222945,260.34444589));
#6363=DIRECTION('',(-0.,-1.,-0.));
#6364=DIRECTION('',(-1.,0.,0.));
#6365=AXIS2_PLACEMENT_3D('',#6362,#6363,#6364);
#6366=PLANE('',#6365);
#6367=ORIENTED_EDGE('',*,*,#6355,.F.);
#6368=ORIENTED_EDGE('',*,*,#6159,.F.);
#6369=CARTESIAN_POINT('',(-8.93,-76.172222945,266.534327918));
#6370=DIRECTION('',(-1.,0.,0.));
#6371=VECTOR('',#6370,0.07);
#6372=LINE('',#6369,#6371);
#6373=EDGE_CURVE('',#6146,#5928,#6372,.T.);
#6374=ORIENTED_EDGE('',*,*,#6373,.T.);
#6375=ORIENTED_EDGE('',*,*,#5933,.T.);
#6376=EDGE_LOOP('',(#6367,#6368,#6374,#6375));
#6377=FACE_BOUND('',#6376,.T.);
#6378=ADVANCED_FACE('',(#6377),#6366,.F.);
#6379=CARTESIAN_POINT('',(-8.93,76.870559328,264.827333465));
#6380=DIRECTION('',(0.,0.011153014,0.999937803));
#6381=DIRECTION('',(-0.,-0.999937803,0.011153014));
#6382=AXIS2_PLACEMENT_3D('',#6379,#6380,#6381);
#6383=PLANE('',#6382);
#6384=ORIENTED_EDGE('',*,*,#6151,.F.);
#6385=CARTESIAN_POINT('',(-8.93,76.866232388,264.827381727));
#6386=DIRECTION('',(-1.,0.,0.));
#6387=VECTOR('',#6386,0.07);
#6388=LINE('',#6385,#6387);
#6389=EDGE_CURVE('',#6138,#5936,#6388,.T.);
#6390=ORIENTED_EDGE('',*,*,#6389,.T.);
#6391=ORIENTED_EDGE('',*,*,#5941,.T.);
#6392=ORIENTED_EDGE('',*,*,#6373,.F.);
#6393=EDGE_LOOP('',(#6384,#6390,#6391,#6392));
#6394=FACE_BOUND('',#6393,.T.);
#6395=ADVANCED_FACE('',(#6394),#6383,.T.);
#6396=CARTESIAN_POINT('',(-8.93,78.413690863,264.827381727));
#6397=DIRECTION('',(-0.,-0.,1.));
#6398=DIRECTION('',(-1.,0.,0.));
#6399=AXIS2_PLACEMENT_3D('',#6396,#6397,#6398);
#6400=PLANE('',#6399);
#6401=ORIENTED_EDGE('',*,*,#6143,.F.);
#6402=CARTESIAN_POINT('',(-8.93,78.413690863,264.827381727));
#6403=DIRECTION('',(-1.,0.,0.));
#6404=VECTOR('',#6403,0.07);
#6405=LINE('',#6402,#6404);
#6406=EDGE_CURVE('',#6130,#5944,#6405,.T.);
#6407=ORIENTED_EDGE('',*,*,#6406,.T.);
#6408=ORIENTED_EDGE('',*,*,#5949,.T.);
#6409=ORIENTED_EDGE('',*,*,#6389,.F.);
#6410=EDGE_LOOP('',(#6401,#6407,#6408,#6409));
#6411=FACE_BOUND('',#6410,.T.);
#6412=ADVANCED_FACE('',(#6411),#6400,.T.);
#6413=CARTESIAN_POINT('',(-8.93,78.413690863,258.620239799));
#6414=DIRECTION('',(-0.,-1.,-0.));
#6415=DIRECTION('',(-1.,0.,0.));
#6416=AXIS2_PLACEMENT_3D('',#6413,#6414,#6415);
#6417=PLANE('',#6416);
#6418=ORIENTED_EDGE('',*,*,#5957,.T.);
#6419=ORIENTED_EDGE('',*,*,#6406,.F.);
#6420=ORIENTED_EDGE('',*,*,#6135,.F.);
#6421=CARTESIAN_POINT('',(-8.93,78.413690863,258.620239799));
#6422=DIRECTION('',(-1.,0.,0.));
#6423=VECTOR('',#6422,0.07);
#6424=LINE('',#6421,#6423);
#6425=EDGE_CURVE('',#6122,#5952,#6424,.T.);
#6426=ORIENTED_EDGE('',*,*,#6425,.T.);
#6427=EDGE_LOOP('',(#6418,#6419,#6420,#6426));
#6428=FACE_BOUND('',#6427,.T.);
#6429=ADVANCED_FACE('',(#6428),#6417,.F.);
#6430=CARTESIAN_POINT('',(-8.93,78.413690863,258.620239799));
#6431=DIRECTION('',(-0.,-0.,1.));
#6432=DIRECTION('',(-1.,0.,0.));
#6433=AXIS2_PLACEMENT_3D('',#6430,#6431,#6432);
#6434=PLANE('',#6433);
#6435=CARTESIAN_POINT('',(-8.93,78.270052752,258.620239799));
#6436=DIRECTION('',(-1.,0.,0.));
#6437=VECTOR('',#6436,0.07);
#6438=LINE('',#6435,#6437);
#6439=EDGE_CURVE('',#6114,#5960,#6438,.T.);
#6440=ORIENTED_EDGE('',*,*,#6439,.T.);
#6441=ORIENTED_EDGE('',*,*,#5965,.F.);
#6442=ORIENTED_EDGE('',*,*,#6425,.F.);
#6443=ORIENTED_EDGE('',*,*,#6127,.T.);
#6444=EDGE_LOOP('',(#6440,#6441,#6442,#6443));
#6445=FACE_BOUND('',#6444,.T.);
#6446=ADVANCED_FACE('',(#6445),#6434,.F.);
#6447=CARTESIAN_POINT('',(-8.93,77.544296336,243.699885985));
#6448=DIRECTION('',(0.,0.998819071,-0.048584595));
#6449=DIRECTION('',(0.,0.048584595,0.998819071));
#6450=AXIS2_PLACEMENT_3D('',#6447,#6448,#6449);
#6451=PLANE('',#6450);
#6452=ORIENTED_EDGE('',*,*,#6119,.F.);
#6453=CARTESIAN_POINT('',(-8.93,77.551587818,243.849786819));
#6454=DIRECTION('',(-1.,0.,0.));
#6455=VECTOR('',#6454,0.07);
#6456=LINE('',#6453,#6455);
#6457=EDGE_CURVE('',#6106,#5968,#6456,.T.);
#6458=ORIENTED_EDGE('',*,*,#6457,.T.);
#6459=ORIENTED_EDGE('',*,*,#5973,.T.);
#6460=ORIENTED_EDGE('',*,*,#6439,.F.);
#6461=EDGE_LOOP('',(#6452,#6458,#6459,#6460));
#6462=FACE_BOUND('',#6461,.T.);
#6463=ADVANCED_FACE('',(#6462),#6451,.T.);
#6464=CARTESIAN_POINT('',(-8.93,77.551587818,240.896824364));
#6465=DIRECTION('',(-0.,-1.,-0.));
#6466=DIRECTION('',(-1.,0.,0.));
#6467=AXIS2_PLACEMENT_3D('',#6464,#6465,#6466);
#6468=PLANE('',#6467);
#6469=ORIENTED_EDGE('',*,*,#6457,.F.);
#6470=ORIENTED_EDGE('',*,*,#6111,.T.);
#6471=CARTESIAN_POINT('',(-8.45,77.551587818,247.103966292));
#6472=VERTEX_POINT('',#6471);
#6473=CARTESIAN_POINT('',(-8.45,77.551587818,247.103966292));
#6474=DIRECTION('',(-1.,0.,0.));
#6475=VECTOR('',#6474,0.48);
#6476=LINE('',#6473,#6475);
#6477=EDGE_CURVE('',#6472,#6098,#6476,.T.);
#6478=ORIENTED_EDGE('',*,*,#6477,.F.);
#6479=CARTESIAN_POINT('',(-8.45,77.551587818,241.430951104));
#6480=VERTEX_POINT('',#6479);
#6481=CARTESIAN_POINT('',(-8.45,77.551587818,247.103966292));
#6482=DIRECTION('',(0.,0.,-1.));
#6483=VECTOR('',#6482,5.673015188);
#6484=LINE('',#6481,#6483);
#6485=EDGE_CURVE('',#6472,#6480,#6484,.T.);
#6486=ORIENTED_EDGE('',*,*,#6485,.T.);
#6487=CARTESIAN_POINT('',(-8.38,77.551587818,241.430951104));
#6488=VERTEX_POINT('',#6487);
#6489=CARTESIAN_POINT('',(-8.38,77.551587818,241.430951104));
#6490=DIRECTION('',(-1.,0.,0.));
#6491=VECTOR('',#6490,0.07);
#6492=LINE('',#6489,#6491);
#6493=EDGE_CURVE('',#6488,#6480,#6492,.T.);
#6494=ORIENTED_EDGE('',*,*,#6493,.F.);
#6495=CARTESIAN_POINT('',(-8.38,77.551587818,240.896824364));
#6496=VERTEX_POINT('',#6495);
#6497=CARTESIAN_POINT('',(-8.38,77.551587818,240.896824364));
#6498=DIRECTION('',(-0.,-0.,1.));
#6499=VECTOR('',#6498,0.53412674);
#6500=LINE('',#6497,#6499);
#6501=EDGE_CURVE('',#6496,#6488,#6500,.T.);
#6502=ORIENTED_EDGE('',*,*,#6501,.F.);
#6503=CARTESIAN_POINT('',(-8.38,77.551587818,240.896824364));
#6504=DIRECTION('',(-1.,0.,0.));
#6505=VECTOR('',#6504,0.62);
#6506=LINE('',#6503,#6505);
#6507=EDGE_CURVE('',#6496,#5976,#6506,.T.);
#6508=ORIENTED_EDGE('',*,*,#6507,.T.);
#6509=ORIENTED_EDGE('',*,*,#5981,.T.);
#6510=EDGE_LOOP('',(#6469,#6470,#6478,#6486,#6494,#6502,#6508,#6509));
#6511=FACE_BOUND('',#6510,.T.);
#6512=ADVANCED_FACE('',(#6511),#6468,.F.);
#6513=CARTESIAN_POINT('',(-8.93,77.551587818,240.896824364));
#6514=DIRECTION('',(-0.,-0.,1.));
#6515=DIRECTION('',(-1.,0.,0.));
#6516=AXIS2_PLACEMENT_3D('',#6513,#6514,#6515);
#6517=PLANE('',#6516);
#6518=ORIENTED_EDGE('',*,*,#5989,.F.);
#6519=ORIENTED_EDGE('',*,*,#6507,.F.);
#6520=CARTESIAN_POINT('',(-8.38,74.448016854,240.896824364));
#6521=VERTEX_POINT('',#6520);
#6522=CARTESIAN_POINT('',(-8.38,77.551587818,240.896824364));
#6523=DIRECTION('',(-0.,-1.,-0.));
#6524=VECTOR('',#6523,3.103570964);
#6525=LINE('',#6522,#6524);
#6526=EDGE_CURVE('',#6496,#6521,#6525,.T.);
#6527=ORIENTED_EDGE('',*,*,#6526,.T.);
#6528=CARTESIAN_POINT('',(-8.38,74.448016854,240.896824364));
#6529=DIRECTION('',(-1.,0.,0.));
#6530=VECTOR('',#6529,0.62);
#6531=LINE('',#6528,#6530);
#6532=EDGE_CURVE('',#6521,#5984,#6531,.T.);
#6533=ORIENTED_EDGE('',*,*,#6532,.T.);
#6534=EDGE_LOOP('',(#6518,#6519,#6527,#6533));
#6535=FACE_BOUND('',#6534,.T.);
#6536=ADVANCED_FACE('',(#6535),#6517,.F.);
#6537=CARTESIAN_POINT('',(-8.93,74.448016854,240.896824364));
#6538=DIRECTION('',(-0.,-1.,-0.));
#6539=DIRECTION('',(-1.,0.,0.));
#6540=AXIS2_PLACEMENT_3D('',#6537,#6538,#6539);
#6541=PLANE('',#6540);
#6542=ORIENTED_EDGE('',*,*,#6532,.F.);
#6543=CARTESIAN_POINT('',(-8.38,74.448016854,247.103966292));
#6544=VERTEX_POINT('',#6543);
#6545=CARTESIAN_POINT('',(-8.38,74.448016854,240.896824364));
#6546=DIRECTION('',(-0.,-0.,1.));
#6547=VECTOR('',#6546,6.207141928);
#6548=LINE('',#6545,#6547);
#6549=EDGE_CURVE('',#6521,#6544,#6548,.T.);
#6550=ORIENTED_EDGE('',*,*,#6549,.T.);
#6551=CARTESIAN_POINT('',(-8.38,74.448016854,247.103966292));
#6552=DIRECTION('',(-1.,0.,0.));
#6553=VECTOR('',#6552,0.62);
#6554=LINE('',#6551,#6553);
#6555=EDGE_CURVE('',#6544,#5992,#6554,.T.);
#6556=ORIENTED_EDGE('',*,*,#6555,.T.);
#6557=ORIENTED_EDGE('',*,*,#5997,.F.);
#6558=EDGE_LOOP('',(#6542,#6550,#6556,#6557));
#6559=FACE_BOUND('',#6558,.T.);
#6560=ADVANCED_FACE('',(#6559),#6541,.T.);
#6561=CARTESIAN_POINT('',(-8.93,77.551587818,247.103966292));
#6562=DIRECTION('',(-0.,-0.,1.));
#6563=DIRECTION('',(-1.,0.,0.));
#6564=AXIS2_PLACEMENT_3D('',#6561,#6562,#6563);
#6565=PLANE('',#6564);
#6566=ORIENTED_EDGE('',*,*,#6555,.F.);
#6567=CARTESIAN_POINT('',(-8.38,75.853698352,247.103966292));
#6568=VERTEX_POINT('',#6567);
#6569=CARTESIAN_POINT('',(-8.38,75.853698352,247.103966292));
#6570=DIRECTION('',(-0.,-1.,-0.));
#6571=VECTOR('',#6570,1.405681498);
#6572=LINE('',#6569,#6571);
#6573=EDGE_CURVE('',#6568,#6544,#6572,.T.);
#6574=ORIENTED_EDGE('',*,*,#6573,.F.);
#6575=CARTESIAN_POINT('',(-8.45,75.853698352,247.103966292));
#6576=VERTEX_POINT('',#6575);
#6577=CARTESIAN_POINT('',(-8.38,75.853698352,247.103966292));
#6578=DIRECTION('',(-1.,0.,0.));
#6579=VECTOR('',#6578,0.07);
#6580=LINE('',#6577,#6579);
#6581=EDGE_CURVE('',#6568,#6576,#6580,.T.);
#6582=ORIENTED_EDGE('',*,*,#6581,.T.);
#6583=CARTESIAN_POINT('',(-8.45,77.551587818,247.103966292));
#6584=DIRECTION('',(-0.,-1.,-0.));
#6585=VECTOR('',#6584,1.697889466);
#6586=LINE('',#6583,#6585);
#6587=EDGE_CURVE('',#6472,#6576,#6586,.T.);
#6588=ORIENTED_EDGE('',*,*,#6587,.F.);
#6589=ORIENTED_EDGE('',*,*,#6477,.T.);
#6590=ORIENTED_EDGE('',*,*,#6103,.F.);
#6591=CARTESIAN_POINT('',(-8.93,74.591654966,247.103966292));
#6592=DIRECTION('',(-1.,0.,0.));
#6593=VECTOR('',#6592,0.07);
#6594=LINE('',#6591,#6593);
#6595=EDGE_CURVE('',#6090,#6000,#6594,.T.);
#6596=ORIENTED_EDGE('',*,*,#6595,.T.);
#6597=ORIENTED_EDGE('',*,*,#6005,.T.);
#6598=EDGE_LOOP('',(#6566,#6574,#6582,#6588,#6589,#6590,#6596,#6597));
#6599=FACE_BOUND('',#6598,.T.);
#6600=ADVANCED_FACE('',(#6599),#6565,.T.);
#6601=CARTESIAN_POINT('',(-8.93,75.317411381,262.024320106));
#6602=DIRECTION('',(-0.,-0.998819071,0.048584595));
#6603=DIRECTION('',(-0.,-0.048584595,-0.998819071));
#6604=AXIS2_PLACEMENT_3D('',#6601,#6602,#6603);
#6605=PLANE('',#6604);
#6606=ORIENTED_EDGE('',*,*,#6095,.F.);
#6607=CARTESIAN_POINT('',(-8.93,75.152754911,258.639254901));
#6608=DIRECTION('',(-1.,0.,0.));
#6609=VECTOR('',#6608,0.07);
#6610=LINE('',#6607,#6609);
#6611=EDGE_CURVE('',#6082,#6008,#6610,.T.);
#6612=ORIENTED_EDGE('',*,*,#6611,.T.);
#6613=ORIENTED_EDGE('',*,*,#6013,.T.);
#6614=ORIENTED_EDGE('',*,*,#6595,.F.);
#6615=EDGE_LOOP('',(#6606,#6612,#6613,#6614));
#6616=FACE_BOUND('',#6615,.T.);
#6617=ADVANCED_FACE('',(#6616),#6605,.T.);
#6618=CARTESIAN_POINT('',(-8.93,-77.732662373,260.344494151));
#6619=DIRECTION('',(-0.,-0.011153014,-0.999937803));
#6620=DIRECTION('',(0.,0.999937803,-0.011153014));
#6621=AXIS2_PLACEMENT_3D('',#6618,#6619,#6620);
#6622=PLANE('',#6621);
#6623=ORIENTED_EDGE('',*,*,#6087,.F.);
#6624=CARTESIAN_POINT('',(-8.93,-76.277663547,260.32826552));
#6625=DIRECTION('',(-1.,0.,0.));
#6626=VECTOR('',#6625,0.07);
#6627=LINE('',#6624,#6626);
#6628=EDGE_CURVE('',#6074,#6016,#6627,.T.);
#6629=ORIENTED_EDGE('',*,*,#6628,.T.);
#6630=ORIENTED_EDGE('',*,*,#6021,.T.);
#6631=ORIENTED_EDGE('',*,*,#6611,.F.);
#6632=EDGE_LOOP('',(#6623,#6629,#6630,#6631));
#6633=FACE_BOUND('',#6632,.T.);
#6634=ADVANCED_FACE('',(#6633),#6622,.T.);
#6635=CARTESIAN_POINT('',(-8.93,-77.038117408,238.610958631));
#6636=DIRECTION('',(0.,0.999387502,-0.034994582));
#6637=DIRECTION('',(0.,0.034994582,0.999387502));
#6638=AXIS2_PLACEMENT_3D('',#6635,#6636,#6637);
#6639=PLANE('',#6638);
#6640=ORIENTED_EDGE('',*,*,#6079,.F.);
#6641=ORIENTED_EDGE('',*,*,#6238,.T.);
#6642=ORIENTED_EDGE('',*,*,#6029,.T.);
#6643=ORIENTED_EDGE('',*,*,#6628,.F.);
#6644=EDGE_LOOP('',(#6640,#6641,#6642,#6643));
#6645=FACE_BOUND('',#6644,.T.);
#6646=ADVANCED_FACE('',(#6645),#6639,.T.);
#6647=CARTESIAN_POINT('',(-8.38,77.551587818,240.896824364));
#6648=DIRECTION('',(-1.,0.,0.));
#6649=DIRECTION('',(-0.,-1.,-0.));
#6650=AXIS2_PLACEMENT_3D('',#6647,#6648,#6649);
#6651=PLANE('',#6650);
#6652=ORIENTED_EDGE('',*,*,#54,.F.);
#6653=ORIENTED_EDGE('',*,*,#142,.T.);
#6654=ORIENTED_EDGE('',*,*,#5715,.T.);
#6655=CARTESIAN_POINT('',(-8.38,77.896429036,247.880157116));
#6656=VERTEX_POINT('',#6655);
#6657=CARTESIAN_POINT('',(-8.38,77.896429036,247.880157116));
#6658=DIRECTION('',(-0.,-0.,1.));
#6659=VECTOR('',#6658,0.53412674);
#6660=LINE('',#6657,#6659);
#6661=EDGE_CURVE('',#6656,#5704,#6660,.T.);
#6662=ORIENTED_EDGE('',*,*,#6661,.F.);
#6663=CARTESIAN_POINT('',(-8.38,77.896429036,247.880157116));
#6664=DIRECTION('',(-0.,-0.934790697,-0.355199032));
#6665=VECTOR('',#6664,2.18522787);
#6666=LINE('',#6663,#6665);
#6667=EDGE_CURVE('',#6656,#6568,#6666,.T.);
#6668=ORIENTED_EDGE('',*,*,#6667,.T.);
#6669=ORIENTED_EDGE('',*,*,#6573,.T.);
#6670=ORIENTED_EDGE('',*,*,#6549,.F.);
#6671=ORIENTED_EDGE('',*,*,#6526,.F.);
#6672=ORIENTED_EDGE('',*,*,#6501,.T.);
#6673=CARTESIAN_POINT('',(-8.38,79.594318502,242.207141928));
#6674=VERTEX_POINT('',#6673);
#6675=CARTESIAN_POINT('',(-8.38,77.551587818,241.430951104));
#6676=DIRECTION('',(0.,0.934790697,0.355199032));
#6677=VECTOR('',#6676,2.18522787);
#6678=LINE('',#6675,#6677);
#6679=EDGE_CURVE('',#6488,#6674,#6678,.T.);
#6680=ORIENTED_EDGE('',*,*,#6679,.T.);
#6681=CARTESIAN_POINT('',(-8.38,81.,242.207141928));
#6682=VERTEX_POINT('',#6681);
#6683=CARTESIAN_POINT('',(-8.38,81.,242.207141928));
#6684=DIRECTION('',(-0.,-1.,-0.));
#6685=VECTOR('',#6684,1.405681498);
#6686=LINE('',#6683,#6685);
#6687=EDGE_CURVE('',#6682,#6674,#6686,.T.);
#6688=ORIENTED_EDGE('',*,*,#6687,.F.);
#6689=CARTESIAN_POINT('',(-8.38,81.,242.207141928));
#6690=DIRECTION('',(-0.,-0.,1.));
#6691=VECTOR('',#6690,0.109821184);
#6692=LINE('',#6689,#6691);
#6693=EDGE_CURVE('',#6682,#48,#6692,.T.);
#6694=ORIENTED_EDGE('',*,*,#6693,.T.);
#6695=EDGE_LOOP('',(#6652,#6653,#6654,#6662,#6668,#6669,#6670,#6671,#6672,#6680,#6688,#6694));
#6696=FACE_BOUND('',#6695,.T.);
#6697=ADVANCED_FACE('',(#6696),#6651,.F.);
#6698=CARTESIAN_POINT('',(-8.38,76.289442748,240.951364916));
#6699=DIRECTION('',(0.,0.355199032,-0.934790697));
#6700=DIRECTION('',(0.,0.934790697,0.355199032));
#6701=AXIS2_PLACEMENT_3D('',#6698,#6699,#6700);
#6702=PLANE('',#6701);
#6703=ORIENTED_EDGE('',*,*,#6679,.F.);
#6704=ORIENTED_EDGE('',*,*,#6493,.T.);
#6705=CARTESIAN_POINT('',(-8.45,79.594318502,242.207141928));
#6706=VERTEX_POINT('',#6705);
#6707=CARTESIAN_POINT('',(-8.45,77.551587818,241.430951104));
#6708=DIRECTION('',(0.,0.934790697,0.355199032));
#6709=VECTOR('',#6708,2.18522787);
#6710=LINE('',#6707,#6709);
#6711=EDGE_CURVE('',#6480,#6706,#6710,.T.);
#6712=ORIENTED_EDGE('',*,*,#6711,.T.);
#6713=CARTESIAN_POINT('',(-8.45,79.594318502,242.207141928));
#6714=DIRECTION('',(1.,-0.,-0.));
#6715=VECTOR('',#6714,0.07);
#6716=LINE('',#6713,#6715);
#6717=EDGE_CURVE('',#6706,#6674,#6716,.T.);
#6718=ORIENTED_EDGE('',*,*,#6717,.T.);
#6719=EDGE_LOOP('',(#6703,#6704,#6712,#6718));
#6720=FACE_BOUND('',#6719,.T.);
#6721=ADVANCED_FACE('',(#6720),#6702,.T.);
#6722=CARTESIAN_POINT('',(-8.45,77.724008427,244.65555411));
#6723=DIRECTION('',(1.,-0.,-0.));
#6724=DIRECTION('',(0.,1.,0.));
#6725=AXIS2_PLACEMENT_3D('',#6722,#6723,#6724);
#6726=PLANE('',#6725);
#6727=ORIENTED_EDGE('',*,*,#118,.F.);
#6728=CARTESIAN_POINT('',(-8.45,81.,242.207141928));
#6729=DIRECTION('',(-0.,-1.,-0.));
#6730=VECTOR('',#6729,1.405681498);
#6731=LINE('',#6728,#6730);
#6732=EDGE_CURVE('',#57,#6706,#6731,.T.);
#6733=ORIENTED_EDGE('',*,*,#6732,.T.);
#6734=ORIENTED_EDGE('',*,*,#6711,.F.);
#6735=ORIENTED_EDGE('',*,*,#6485,.F.);
#6736=ORIENTED_EDGE('',*,*,#6587,.T.);
#6737=CARTESIAN_POINT('',(-8.45,77.896429036,247.880157116));
#6738=VERTEX_POINT('',#6737);
#6739=CARTESIAN_POINT('',(-8.45,77.896429036,247.880157116));
#6740=DIRECTION('',(-0.,-0.934790697,-0.355199032));
#6741=VECTOR('',#6740,2.18522787);
#6742=LINE('',#6739,#6741);
#6743=EDGE_CURVE('',#6738,#6576,#6742,.T.);
#6744=ORIENTED_EDGE('',*,*,#6743,.F.);
#6745=CARTESIAN_POINT('',(-8.45,77.896429036,247.880157116));
#6746=DIRECTION('',(-0.,-0.,1.));
#6747=VECTOR('',#6746,0.53412674);
#6748=LINE('',#6745,#6747);
#6749=EDGE_CURVE('',#6738,#5696,#6748,.T.);
#6750=ORIENTED_EDGE('',*,*,#6749,.T.);
#6751=ORIENTED_EDGE('',*,*,#5701,.F.);
#6752=ORIENTED_EDGE('',*,*,#187,.T.);
#6753=EDGE_LOOP('',(#6727,#6733,#6734,#6735,#6736,#6744,#6750,#6751,#6752));
#6754=FACE_BOUND('',#6753,.T.);
#6755=ADVANCED_FACE('',(#6754),#6726,.F.);
#6756=CARTESIAN_POINT('',(-8.38,79.158574106,248.359743304));
#6757=DIRECTION('',(-0.,-0.355199032,0.934790697));
#6758=DIRECTION('',(-0.,-0.934790697,-0.355199032));
#6759=AXIS2_PLACEMENT_3D('',#6756,#6757,#6758);
#6760=PLANE('',#6759);
#6761=ORIENTED_EDGE('',*,*,#6667,.F.);
#6762=CARTESIAN_POINT('',(-8.45,77.896429036,247.880157116));
#6763=DIRECTION('',(1.,-0.,-0.));
#6764=VECTOR('',#6763,0.07);
#6765=LINE('',#6762,#6764);
#6766=EDGE_CURVE('',#6738,#6656,#6765,.T.);
#6767=ORIENTED_EDGE('',*,*,#6766,.F.);
#6768=ORIENTED_EDGE('',*,*,#6743,.T.);
#6769=ORIENTED_EDGE('',*,*,#6581,.F.);
#6770=EDGE_LOOP('',(#6761,#6767,#6768,#6769));
#6771=FACE_BOUND('',#6770,.T.);
#6772=ADVANCED_FACE('',(#6771),#6760,.T.);
#6773=CARTESIAN_POINT('',(-8.38,81.,242.207141928));
#6774=DIRECTION('',(-0.,-0.,1.));
#6775=DIRECTION('',(-1.,0.,0.));
#6776=AXIS2_PLACEMENT_3D('',#6773,#6774,#6775);
#6777=PLANE('',#6776);
#6778=ORIENTED_EDGE('',*,*,#6717,.F.);
#6779=ORIENTED_EDGE('',*,*,#6732,.F.);
#6780=CARTESIAN_POINT('',(-8.38,81.,242.207141928));
#6781=DIRECTION('',(-1.,0.,0.));
#6782=VECTOR('',#6781,0.07);
#6783=LINE('',#6780,#6782);
#6784=EDGE_CURVE('',#6682,#57,#6783,.T.);
#6785=ORIENTED_EDGE('',*,*,#6784,.F.);
#6786=ORIENTED_EDGE('',*,*,#6687,.T.);
#6787=EDGE_LOOP('',(#6778,#6779,#6785,#6786));
#6788=FACE_BOUND('',#6787,.T.);
#6789=ADVANCED_FACE('',(#6788),#6777,.F.);
#6790=CARTESIAN_POINT('',(-8.38,77.896429036,242.207141928));
#6791=DIRECTION('',(-0.,-1.,-0.));
#6792=DIRECTION('',(-1.,0.,0.));
#6793=AXIS2_PLACEMENT_3D('',#6790,#6791,#6792);
#6794=PLANE('',#6793);
#6795=ORIENTED_EDGE('',*,*,#6749,.F.);
#6796=ORIENTED_EDGE('',*,*,#6766,.T.);
#6797=ORIENTED_EDGE('',*,*,#6661,.T.);
#6798=ORIENTED_EDGE('',*,*,#5709,.T.);
#6799=EDGE_LOOP('',(#6795,#6796,#6797,#6798));
#6800=FACE_BOUND('',#6799,.T.);
#6801=ADVANCED_FACE('',(#6800),#6794,.T.);
#6802=CARTESIAN_POINT('',(-8.38,81.,242.207141928));
#6803=DIRECTION('',(-0.,-1.,-0.));
#6804=DIRECTION('',(-1.,0.,0.));
#6805=AXIS2_PLACEMENT_3D('',#6802,#6803,#6804);
#6806=PLANE('',#6805);
#6807=ORIENTED_EDGE('',*,*,#63,.F.);
#6808=ORIENTED_EDGE('',*,*,#6693,.F.);
#6809=ORIENTED_EDGE('',*,*,#6784,.T.);
#6810=EDGE_LOOP('',(#6807,#6808,#6809));
#6811=FACE_BOUND('',#6810,.T.);
#6812=ADVANCED_FACE('',(#6811),#6806,.F.);
#6813=CLOSED_SHELL('',(#92,#129,#198,#230,#382,#413,#453,#477,#501,#541,#565,#589,#613,#637,#693,#717,#741,#765,#789,#836,#860,#884,#901,#933,#1039,#1063,
#1087,#1104,#1128,#1159,#1224,#1309,#1326,#1350,#1374,#1430,#1454,#1478,#1502,#1526,#1573,#1597,#1614,#1632,#1649,#1666,#1683,#1714,#1736,#1748,#1781,
#1805,#1831,#1923,#1947,#2012,#2029,#2108,#2205,#2222,#2239,#2256,#2273,#2290,#2330,#2354,#2392,#2409,#2421,#2438,#2455,#2472,#2545,#2569,#2593,#2626,
#2643,#2660,#2677,#2708,#2725,#2750,#2773,#2785,#2818,#2913,#2946,#2963,#3076,#3093,#3124,#3146,#3163,#3180,#3192,#3209,#3226,#3243,#3260,#3284,#3317,
#3341,#3365,#3391,#3471,#3577,#3594,#3611,#3628,#3645,#3662,#3679,#3710,#3757,#3769,#3793,#3817,#3841,#3867,#3963,#4078,#4095,#4112,#4134,#4165,#4189,
#4211,#4228,#4240,#4257,#4274,#4286,#4317,#4343,#4376,#4393,#4481,#4587,#4604,#4621,#4638,#4655,#4672,#4689,#4720,#4742,#4759,#4771,#4804,#4828,#4854,
#4917,#4988,#5005,#5022,#5051,#5063,#5080,#5097,#5109,#5145,#5168,#5195,#5244,#5278,#5295,#5320,#5337,#5349,#5401,#5451,#5479,#5506,#5533,#5582,#5616,
#5633,#5658,#5675,#5688,#5719,#5759,#5790,#5814,#5854,#6039,#6065,#6225,#6242,#6259,#6276,#6293,#6310,#6327,#6344,#6361,#6378,#6395,#6412,#6429,#6446,
#6463,#6512,#6536,#6560,#6600,#6617,#6634,#6646,#6697,#6721,#6755,#6772,#6789,#6801,#6812));
#6814=MANIFOLD_SOLID_BREP('tx_ssw_coil_ssw_copper',#6813);
#6815=COLOUR_RGB('',0.721568644,0.450980395,0.200000003);
#6816=FILL_AREA_STYLE_COLOUR('',#6815);
#6817=FILL_AREA_STYLE('',(#6816));
#6818=SURFACE_STYLE_FILL_AREA(#6817);
#6819=SURFACE_SIDE_STYLE('',(#6818));
#6820=SURFACE_STYLE_USAGE(.BOTH.,#6819);
#6821=PRESENTATION_STYLE_ASSIGNMENT((#6820));
#26=STYLED_ITEM('',(#6821),#6814);
#6822=INTEGER_REPRESENTATION_ITEM('AEDT_BODYFlagGroupColor_V1',0);
#6823=INTEGER_REPRESENTATION_ITEM('AEDT_BODYFlagGroupColor_V1',-1);
#6824=INTEGER_REPRESENTATION_ITEM('AEDT_BODYFlagGroupColor_V1',-2135395533);
#6825=INTEGER_REPRESENTATION_ITEM('AEDT_BODYFlagGroupColor_V1',5);
#6826=ID_ATTRIBUTE('SA #6827',#6827);
#6827=SHAPE_ASPECT('properties','',#23,.F.);
#6828=GEOMETRIC_ITEM_SPECIFIC_USAGE('','properties',#6827,#17,#6814);
#6829=PROPERTY_DEFINITION('AEDT_BODYFlagGroupColor_V1','',#6827);
#6830=REPRESENTATION('',(#6822,#6823,#6824,#6825),#10);
#6831=PROPERTY_DEFINITION_REPRESENTATION(#6829,#6830);
#6832=GENERAL_PROPERTY('','AEDT_BODYFlagGroupColor_V1','');
#6833=GENERAL_PROPERTY_ASSOCIATION('','',#6832,#6829);
#6834=DESCRIPTIVE_REPRESENTATION_ITEM('AEDT_EntityName_V1','tx_ssw_coil_ssw_copper');
#6835=PROPERTY_DEFINITION('AEDT_EntityName_V1','',#6827);
#6836=REPRESENTATION('',(#6834),#10);
#6837=PROPERTY_DEFINITION_REPRESENTATION(#6835,#6836);
#6838=GENERAL_PROPERTY('','AEDT_EntityName_V1','');
#6839=GENERAL_PROPERTY_ASSOCIATION('','',#6838,#6835);
#6840=REAL_REPRESENTATION_ITEM('AEDT_Translucency_V1',0.);
#6841=PROPERTY_DEFINITION('AEDT_Translucency_V1','',#6827);
#6842=REPRESENTATION('',(#6840),#10);
#6843=PROPERTY_DEFINITION_REPRESENTATION(#6841,#6842);
#6844=GENERAL_PROPERTY('','AEDT_Translucency_V1','');
#6845=GENERAL_PROPERTY_ASSOCIATION('','',#6844,#6841);
#6846=DESCRIPTIVE_REPRESENTATION_ITEM('AEDT_MaterialName_V1','copper');
#6847=PROPERTY_DEFINITION('AEDT_MaterialName_V1','',#6827);
#6848=REPRESENTATION('',(#6846),#10);
#6849=PROPERTY_DEFINITION_REPRESENTATION(#6847,#6848);
#6850=GENERAL_PROPERTY('','AEDT_MaterialName_V1','');
#6851=GENERAL_PROPERTY_ASSOCIATION('','',#6850,#6847);
#16=SHAPE_REPRESENTATION('tx_ssw_coil_ssw_copper',(#15),#10);
#17=ADVANCED_BREP_SHAPE_REPRESENTATION('tx_ssw_coil_ssw_copper',(#6814),#10);
#6859=SHAPE_REPRESENTATION_RELATIONSHIP('','',#16,#17);
#6860=CARTESIAN_POINT('',(0.,0.,0.));
#6861=DIRECTION('',(0.,0.,1.));
#6862=DIRECTION('',(1.,0.,0.));
#6863=AXIS2_PLACEMENT_3D('',#6860,#6861,#6862);
#6865=MAPPED_ITEM('',#6864,#6863);
#6864=REPRESENTATION_MAP(#6863,#16);
#6866=APPLICATION_CONTEXT('Managed model based 3d engineering');
#6867=APPLICATION_PROTOCOL_DEFINITION('international standard','ap242_managed_model_based_3d_engineering',2014,#6866);
#6868=PRODUCT_CONTEXT('',#6866,'mechanical');
#6869=PRODUCT_DEFINITION_CONTEXT('part definition',#6866,'design');
#24=PRODUCT('tx_ssw_coil_ssw_copper','tx_ssw_coil_ssw_copper','',(#6868));
#6870=PRODUCT_RELATED_PRODUCT_CATEGORY('part','',(#24));
#6871=PRODUCT_DEFINITION_FORMATION_WITH_SPECIFIED_SOURCE('','',#24,.NOT_KNOWN.);
#25=PRODUCT_DEFINITION('design','',#6871,#6869);
#23=PRODUCT_DEFINITION_SHAPE('','',#25);
#6872=SHAPE_DEFINITION_REPRESENTATION(#23,#16);
#11=DRAUGHTING_MODEL('',(#6865),#10);
#6873=DESCRIPTIVE_REPRESENTATION_ITEM('KEY','/tmp/under_coil_intermediate.x_b');
#6874=PROPERTY_DEFINITION('KEY','',#25);
#6875=REPRESENTATION('',(#6873),#10);
#6876=PROPERTY_DEFINITION_REPRESENTATION(#6874,#6875);
#6877=GENERAL_PROPERTY('','KEY','');
#6878=GENERAL_PROPERTY_ASSOCIATION('','',#6877,#6874);
#1=MECHANICAL_DESIGN_GEOMETRIC_PRESENTATION_REPRESENTATION('',(#26),#10);
ENDSEC;
END-ISO-10303-21;
